"Station Name","SUDBURY A"
"Province","ONTARIO"
"Latitude","46.63"
"Longitude","-80.80"
"Elevation","348.40"
"Climate Identifier","6068153"
"WMO Identifier","71730"
"TC Identifier","YSB"
"All times are specified in Local Standard Time (LST). Add 1 hour to adjust for Daylight Saving Time where and when it is observed."

"Legend"
"E","Estimated"
"M","Missing"
"NA","Not Available"

"Date/Time","Year","Month","Day","Time","Temp (°C)","Temp Flag","Dew Point Temp (°C)","Dew Point Temp Flag","Rel Hum (%)","Rel Hum Flag","Wind Dir (10s deg)","Wind Dir Flag","Wind Spd (km/h)","Wind Spd Flag","Visibility (km)","Visibility Flag","Stn Press (kPa)","Stn Press Flag","Hmdx","Hmdx Flag","Wind Chill","Wind Chill Flag","Weather"
"2017-06-01 00:00","2017","06","01","00:00","7.6","","5.1","","84","","26","","10","","32.2","","96.90","","","","","","NA"
"2017-06-01 01:00","2017","06","01","01:00","7.2","","4.9","","85","","26","","12","","24.1","","96.89","","","","","","Cloudy"
"2017-06-01 02:00","2017","06","01","02:00","6.4","","3.9","","84","","26","","14","","24.1","","96.89","","","","","","NA"
"2017-06-01 03:00","2017","06","01","03:00","5.8","","3.3","","84","","26","","17","","24.1","","96.89","","","","","","NA"
"2017-06-01 04:00","2017","06","01","04:00","5.5","","3.4","","86","","25","","13","","32.2","","96.89","","","","","","Mostly Cloudy"
"2017-06-01 05:00","2017","06","01","05:00","5.1","","3.6","","90","","27","","10","","32.2","","96.95","","","","","","Rain Showers"
"2017-06-01 06:00","2017","06","01","06:00","5.3","","3.0","","85","","28","","14","","32.2","","96.97","","","","","","NA"
"2017-06-01 07:00","2017","06","01","07:00","5.7","","4.2","","90","","29","","12","","32.2","","97.03","","","","","","Rain Showers"
"2017-06-01 08:00","2017","06","01","08:00","6.8","","3.1","","77","","31","","27","","32.2","","97.09","","","","","","Rain Showers"
"2017-06-01 09:00","2017","06","01","09:00","8.6","","3.0","","68","","30","","32","","32.2","","97.14","","","","","","Rain Showers"
"2017-06-01 10:00","2017","06","01","10:00","9.5","","3.2","","65","","29","","26","","32.2","","97.14","","","","","","Rain Showers"
"2017-06-01 11:00","2017","06","01","11:00","11.3","","2.9","","56","","30","","30","","32.2","","97.10","","","","","","Rain Showers"
"2017-06-01 12:00","2017","06","01","12:00","12.1","","3.6","","56","","27","","19","","32.2","","97.08","","","","","","NA"
"2017-06-01 13:00","2017","06","01","13:00","11.3","","5.2","","66","","28","","22","","32.2","","97.06","","","","","","Rain Showers"
"2017-06-01 14:00","2017","06","01","14:00","12.4","","3.3","","54","","25","","21","","32.2","","97.02","","","","","","Rain Showers"
"2017-06-01 15:00","2017","06","01","15:00","14.0","","3.3","","48","","25","","20","","32.2","","96.99","","","","","","Rain Showers"
"2017-06-01 16:00","2017","06","01","16:00","14.3","","3.9","","49","","3","","9","","32.2","","97.00","","","","","","Rain Showers"
"2017-06-01 17:00","2017","06","01","17:00","12.0","","7.2","","73","","7","","9","","32.2","","97.02","","","","","","NA"
"2017-06-01 18:00","2017","06","01","18:00","12.3","","4.5","","59","","7","","5","","32.2","","97.04","","","","","","NA"
"2017-06-01 19:00","2017","06","01","19:00","12.4","","2.2","","50","","33","","18","","32.2","","97.09","","","","","","Mostly Cloudy"
"2017-06-01 20:00","2017","06","01","20:00","11.2","","2.0","","53","","34","","12","","32.2","","97.14","","","","","","NA"
"2017-06-01 21:00","2017","06","01","21:00","10.6","","2.0","","55","","36","","14","","24.1","","97.21","","","","","","NA"
"2017-06-01 22:00","2017","06","01","22:00","9.4","","3.2","","65","","36","","4","","24.1","","97.24","","","","","","Mostly Cloudy"
"2017-06-01 23:00","2017","06","01","23:00","8.8","","3.8","","70","","2","","9","","24.1","","97.28","","","","","","NA"
"2017-06-02 00:00","2017","06","02","00:00","7.9","","4.1","","77","","2","","7","","24.1","","97.29","","","","","","NA"
"2017-06-02 01:00","2017","06","02","01:00","7.4","","4.2","","80","","2","","10","","24.1","","97.31","","","","","","Mostly Cloudy"
"2017-06-02 02:00","2017","06","02","02:00","6.3","","4.0","","85","","35","","8","","24.1","","97.30","","","","","","NA"
"2017-06-02 03:00","2017","06","02","03:00","6.5","","3.6","","82","","34","","13","","24.1","","97.32","","","","","","NA"
"2017-06-02 04:00","2017","06","02","04:00","6.5","","4.1","","85","","31","","10","","24.1","","97.34","","","","","","Mostly Cloudy"
"2017-06-02 05:00","2017","06","02","05:00","6.5","","4.3","","85","","30","","8","","32.2","","97.39","","","","","","NA"
"2017-06-02 06:00","2017","06","02","06:00","6.8","","4.1","","83","","29","","11","","32.2","","97.45","","","","","","NA"
"2017-06-02 07:00","2017","06","02","07:00","7.4","","4.2","","80","","29","","13","","32.2","","97.49","","","","","","Mostly Cloudy"
"2017-06-02 08:00","2017","06","02","08:00","8.2","","3.3","","71","","32","","15","","32.2","","97.55","","","","","","NA"
"2017-06-02 09:00","2017","06","02","09:00","9.7","","3.7","","66","","31","","14","","32.2","","97.57","","","","","","NA"
"2017-06-02 10:00","2017","06","02","10:00","10.3","","3.8","","64","","35","","14","","32.2","","97.57","","","","","","Mostly Cloudy"
"2017-06-02 11:00","2017","06","02","11:00","11.6","","3.6","","58","","33","","15","","32.2","","97.56","","","","","","NA"
"2017-06-02 12:00","2017","06","02","12:00","12.9","","3.3","","52","","35","","7","","32.2","","97.55","","","","","","NA"
"2017-06-02 13:00","2017","06","02","13:00","14.7","","4.0","","49","","34","","12","","32.2","","97.49","","","","","","Mostly Cloudy"
"2017-06-02 14:00","2017","06","02","14:00","15.4","","3.9","","46","","3","","13","","32.2","","97.47","","","","","","NA"
"2017-06-02 15:00","2017","06","02","15:00","15.4","","3.3","","44","","5","","5","","32.2","","97.43","","","","","","NA"
"2017-06-02 16:00","2017","06","02","16:00","16.7","","4.3","","43","","4","","4","","32.2","","97.39","","","","","","Mostly Cloudy"
"2017-06-02 17:00","2017","06","02","17:00","16.9","","3.0","","39","","5","","5","","32.2","","97.36","","","","","","NA"
"2017-06-02 18:00","2017","06","02","18:00","16.6","","4.2","","43","","15","","12","","32.2","","97.33","","","","","","NA"
"2017-06-02 19:00","2017","06","02","19:00","16.0","","4.2","","45","","13","","8","","32.2","","97.33","","","","","","Mainly Clear"
"2017-06-02 20:00","2017","06","02","20:00","13.8","","5.7","","58","","19","","9","","32.2","","97.35","","","","","","NA"
"2017-06-02 21:00","2017","06","02","21:00","12.4","","6.0","","65","","7","","13","","24.1","","97.42","","","","","","NA"
"2017-06-02 22:00","2017","06","02","22:00","12.2","","6.2","","67","","8","","11","","24.1","","97.47","","","","","","Mostly Cloudy"
"2017-06-02 23:00","2017","06","02","23:00","11.4","","3.6","","59","","5","","19","","24.1","","97.49","","","","","","NA"
"2017-06-03 00:00","2017","06","03","00:00","9.8","","4.5","","70","","34","","13","","24.1","","97.61","","","","","","NA"
"2017-06-03 01:00","2017","06","03","01:00","7.7","","3.9","","77","","2","","4","","24.1","","97.58","","","","","","Mostly Cloudy"
"2017-06-03 02:00","2017","06","03","02:00","5.7","","3.1","","84","","1","","9","","24.1","","97.62","","","","","","NA"
"2017-06-03 03:00","2017","06","03","03:00","6.3","","3.1","","80","","2","","9","","24.1","","97.66","","","","","","NA"
"2017-06-03 04:00","2017","06","03","04:00","5.9","","2.7","","80","","3","","9","","32.2","","97.69","","","","","","Mainly Clear"
"2017-06-03 05:00","2017","06","03","05:00","4.6","","3.1","","90","","4","","10","","32.2","","97.73","","","","","","NA"
"2017-06-03 06:00","2017","06","03","06:00","7.3","","4.8","","84","","4","","9","","32.2","","97.78","","","","","","NA"
"2017-06-03 07:00","2017","06","03","07:00","9.9","","2.1","","58","","3","","10","","32.2","","97.80","","","","","","Clear"
"2017-06-03 08:00","2017","06","03","08:00","10.9","","1.5","","52","","2","","13","","32.2","","97.78","","","","","","NA"
"2017-06-03 09:00","2017","06","03","09:00","12.9","","2.1","","47","","35","","11","","32.2","","97.83","","","","","","NA"
"2017-06-03 10:00","2017","06","03","10:00","13.8","","1.4","","43","","36","","3","","32.2","","97.81","","","","","","Mainly Clear"
"2017-06-03 11:00","2017","06","03","11:00","16.2","","1.9","","38","","27","","9","","32.2","","97.74","","","","","","NA"
"2017-06-03 12:00","2017","06","03","12:00","16.7","","2.2","","37","","16","","4","","32.2","","97.69","","","","","","NA"
"2017-06-03 13:00","2017","06","03","13:00","18.6","","3.0","","35","","30","","7","","32.2","","97.67","","","","","","Mainly Clear"
"2017-06-03 14:00","2017","06","03","14:00","19.4","","3.2","","34","","16","","7","","32.2","","97.60","","","","","","NA"
"2017-06-03 15:00","2017","06","03","15:00","20.0","","3.6","","34","","13","","8","","32.2","","97.54","","","","","","NA"
"2017-06-03 16:00","2017","06","03","16:00","20.9","","4.8","","34","","20","","9","","32.2","","97.49","","","","","","Mainly Clear"
"2017-06-03 17:00","2017","06","03","17:00","20.6","","4.8","","35","","18","","16","","32.2","","97.41","","","","","","NA"
"2017-06-03 18:00","2017","06","03","18:00","19.9","","4.0","","35","","21","","10","","32.2","","97.41","","","","","","NA"
"2017-06-03 19:00","2017","06","03","19:00","18.4","","5.7","","43","","20","","15","","32.2","","97.39","","","","","","Mostly Cloudy"
"2017-06-03 20:00","2017","06","03","20:00","16.0","","5.3","","49","","21","","16","","32.2","","97.37","","","","","","NA"
"2017-06-03 21:00","2017","06","03","21:00","14.4","","4.2","","50","","21","","13","","32.2","","97.37","","","","","","NA"
"2017-06-03 22:00","2017","06","03","22:00","12.7","","4.3","","56","","21","","12","","24.1","","97.35","","","","","","Mostly Cloudy"
"2017-06-03 23:00","2017","06","03","23:00","12.3","","4.5","","59","","22","","10","","24.1","","97.37","","","","","","NA"
"2017-06-04 00:00","2017","06","04","00:00","13.1","","4.0","","54","","19","","10","","24.1","","97.28","","","","","","NA"
"2017-06-04 01:00","2017","06","04","01:00","11.4","","5.4","","66","","17","","7","","24.1","","97.22","","","","","","Cloudy"
"2017-06-04 02:00","2017","06","04","02:00","11.7","","4.3","","61","","15","","10","","24.1","","97.15","","","","","","NA"
"2017-06-04 03:00","2017","06","04","03:00","11.0","","4.8","","65","","15","","14","","24.1","","97.14","","","","","","NA"
"2017-06-04 04:00","2017","06","04","04:00","10.4","","5.1","","70","","17","","13","","32.2","","97.07","","","","","","Cloudy"
"2017-06-04 05:00","2017","06","04","05:00","10.0","","5.8","","75","","15","","10","","32.2","","96.99","","","","","","NA"
"2017-06-04 06:00","2017","06","04","06:00","9.6","","6.9","","83","","8","","9","","24.1","","96.95","","","","","","Rain Showers"
"2017-06-04 07:00","2017","06","04","07:00","9.1","","7.6","","90","","3","","11","","16.1","","97.01","","","","","","Rain Showers"
"2017-06-04 08:00","2017","06","04","08:00","9.5","","8.2","","92","","9","","15","","12.9","","96.99","","","","","","Rain Showers"
"2017-06-04 09:00","2017","06","04","09:00","9.3","","8.5","","94","","10","","15","","9.7","","96.93","","","","","","Rain Showers"
"2017-06-04 10:00","2017","06","04","10:00","10.6","","9.9","","96","","5","","12","","16.1","","96.84","","","","","","Rain Showers"
"2017-06-04 11:00","2017","06","04","11:00","11.0","","10.1","","94","","6","","15","","16.1","","96.83","","","","","","NA"
"2017-06-04 12:00","2017","06","04","12:00","11.5","","10.4","","93","","7","","18","","32.2","","96.77","","","","","","NA"
"2017-06-04 13:00","2017","06","04","13:00","12.3","","10.6","","89","","8","","20","","16.1","","96.80","","","","","","Cloudy"
"2017-06-04 14:00","2017","06","04","14:00","13.7","","11.7","","88","","7","","18","","16.1","","96.78","","","","","","NA"
"2017-06-04 15:00","2017","06","04","15:00","13.2","","11.7","","91","","6","","20","","4.8","","96.77","","","","","","Drizzle,Fog"
"2017-06-04 16:00","2017","06","04","16:00","12.5","","11.7","","95","","6","","17","","3.2","","96.81","","","","","","Drizzle,Fog"
"2017-06-04 17:00","2017","06","04","17:00","12.8","","11.5","","92","","6","","17","","16.1","","96.83","","","","","","Rain Showers"
"2017-06-04 18:00","2017","06","04","18:00","12.7","","11.0","","89","","8","","20","","11.3","","96.85","","","","","","Rain Showers"
"2017-06-04 19:00","2017","06","04","19:00","12.7","","10.9","","88","","6","","12","","24.1","","96.87","","","","","","Rain Showers"
"2017-06-04 20:00","2017","06","04","20:00","11.8","","10.6","","92","","3","","14","","24.1","","96.87","","","","","","NA"
"2017-06-04 21:00","2017","06","04","21:00","11.4","","10.7","","95","","3","","13","","24.1","","96.90","","","","","","NA"
"2017-06-04 22:00","2017","06","04","22:00","10.8","","10.2","","96","","4","","13","","24.1","","96.90","","","","","","Mostly Cloudy"
"2017-06-04 23:00","2017","06","04","23:00","9.7","","9.2","","97","","3","","9","","24.1","","96.91","","","","","","NA"
"2017-06-05 00:00","2017","06","05","00:00","9.6","","9.2","","97","","3","","9","","24.1","","96.93","","","","","","NA"
"2017-06-05 01:00","2017","06","05","01:00","9.4","","9.0","","97","","3","","14","","24.1","","96.91","","","","","","Mainly Clear"
"2017-06-05 02:00","2017","06","05","02:00","8.7","","8.3","","97","","2","","11","","24.1","","96.89","","","","","","NA"
"2017-06-05 03:00","2017","06","05","03:00","8.3","","7.9","","97","","4","","13","","24.1","","96.92","","","","","","NA"
"2017-06-05 04:00","2017","06","05","04:00","8.5","","8.1","","97","","1","","14","","24.1","","96.96","","","","","","Mainly Clear"
"2017-06-05 05:00","2017","06","05","05:00","8.0","","7.5","","97","","1","","13","","24.1","","97.00","","","","","","NA"
"2017-06-05 06:00","2017","06","05","06:00","8.9","","8.3","","96","","2","","14","","24.1","","97.02","","","","","","NA"
"2017-06-05 07:00","2017","06","05","07:00","10.5","","9.2","","92","","6","","15","","32.2","","97.01","","","","","","Mostly Cloudy"
"2017-06-05 08:00","2017","06","05","08:00","11.8","","9.7","","87","","5","","15","","32.2","","96.99","","","","","","NA"
"2017-06-05 09:00","2017","06","05","09:00","12.8","","10.0","","83","","1","","9","","32.2","","97.01","","","","","","NA"
"2017-06-05 10:00","2017","06","05","10:00","13.6","","9.9","","78","","1","","11","","32.2","","97.07","","","","","","Mostly Cloudy"
"2017-06-05 11:00","2017","06","05","11:00","14.4","","9.9","","74","","1","","20","","32.2","","97.10","","","","","","Rain Showers"
"2017-06-05 12:00","2017","06","05","12:00","15.6","","10.9","","74","","4","","21","","32.2","","97.10","","","","","","NA"
"2017-06-05 13:00","2017","06","05","13:00","16.3","","10.8","","70","","3","","16","","32.2","","97.08","","","","","","Mostly Cloudy"
"2017-06-05 14:00","2017","06","05","14:00","14.8","","10.2","","73","","2","","17","","24.1","","97.09","","","","","","Rain Showers"
"2017-06-05 15:00","2017","06","05","15:00","14.8","","10.6","","75","","3","","24","","32.2","","97.09","","","","","","NA"
"2017-06-05 16:00","2017","06","05","16:00","15.3","","11.1","","76","","2","","22","","32.2","","97.05","","","","","","Mostly Cloudy"
"2017-06-05 17:00","2017","06","05","17:00","16.1","","11.4","","73","","2","","18","","32.2","","97.04","","","","","","NA"
"2017-06-05 18:00","2017","06","05","18:00","16.1","","11.4","","73","","32","","11","","24.1","","97.01","","","","","","Thunderstorms"
"2017-06-05 19:00","2017","06","05","19:00","11.5","","10.7","","95","","1","","18","","16.1","","97.11","","","","","","Rain Showers"
"2017-06-05 20:00","2017","06","05","20:00","11.4","","10.3","","93","","36","","16","","32.2","","97.10","","","","","","NA"
"2017-06-05 21:00","2017","06","05","21:00","10.9","","9.9","","93","","2","","16","","24.1","","97.15","","","","","","NA"
"2017-06-05 22:00","2017","06","05","22:00","10.9","","9.7","","93","","1","","13","","24.1","","97.14","","","","","","Mostly Cloudy"
"2017-06-05 23:00","2017","06","05","23:00","10.8","","9.4","","91","","2","","20","","24.1","","97.18","","","","","","NA"
"2017-06-06 00:00","2017","06","06","00:00","10.6","","9.5","","93","","36","","18","","24.1","","97.17","","","","","","NA"
"2017-06-06 01:00","2017","06","06","01:00","11.0","","9.8","","92","","1","","21","","24.1","","97.15","","","","","","Cloudy"
"2017-06-06 02:00","2017","06","06","02:00","10.9","","9.9","","93","","1","","18","","24.1","","97.15","","","","","","NA"
"2017-06-06 03:00","2017","06","06","03:00","10.9","","9.9","","94","","2","","19","","24.1","","97.18","","","","","","NA"
"2017-06-06 04:00","2017","06","06","04:00","10.7","","9.9","","95","","2","","20","","24.1","","97.18","","","","","","Mostly Cloudy"
"2017-06-06 05:00","2017","06","06","05:00","10.9","","9.9","","94","","2","","22","","24.1","","97.24","","","","","","NA"
"2017-06-06 06:00","2017","06","06","06:00","11.3","","9.8","","90","","2","","24","","32.2","","97.32","","","","","","NA"
"2017-06-06 07:00","2017","06","06","07:00","11.6","","9.9","","89","","3","","23","","32.2","","97.37","","","","","","Cloudy"
"2017-06-06 08:00","2017","06","06","08:00","12.0","","9.4","","84","","3","","31","","32.2","","97.43","","","","","","NA"
"2017-06-06 09:00","2017","06","06","09:00","12.9","","9.4","","79","","4","","31","","32.2","","97.47","","","","","","NA"
"2017-06-06 10:00","2017","06","06","10:00","13.8","","9.7","","76","","4","","35","","32.2","","97.50","","","","","","Mostly Cloudy"
"2017-06-06 11:00","2017","06","06","11:00","16.4","","10.0","","66","","5","","28","","32.2","","97.50","","","","","","NA"
"2017-06-06 12:00","2017","06","06","12:00","17.8","","9.9","","60","","3","","28","","32.2","","97.51","","","","","","NA"
"2017-06-06 13:00","2017","06","06","13:00","18.0","","8.6","","54","","5","","30","","32.2","","97.53","","","","","","Mostly Cloudy"
"2017-06-06 14:00","2017","06","06","14:00","20.1","","8.0","","45","","3","","23","","32.2","","97.50","","","","","","NA"
"2017-06-06 15:00","2017","06","06","15:00","20.9","","6.8","","39","","4","","26","","32.2","","97.49","","","","","","NA"
"2017-06-06 16:00","2017","06","06","16:00","21.3","","6.5","","38","","4","","26","","32.2","","97.48","","","","","","Mainly Clear"
"2017-06-06 17:00","2017","06","06","17:00","21.2","","6.4","","38","","3","","21","","32.2","","97.50","","","","","","NA"
"2017-06-06 18:00","2017","06","06","18:00","20.8","","5.7","","37","","5","","23","","32.2","","97.54","","","","","","NA"
"2017-06-06 19:00","2017","06","06","19:00","19.8","","6.8","","42","","4","","9","","32.2","","97.57","","","","","","Mainly Clear"
"2017-06-06 20:00","2017","06","06","20:00","17.3","","6.9","","50","","35","","8","","24.1","","97.59","","","","","","NA"
"2017-06-06 21:00","2017","06","06","21:00","16.1","","6.1","","51","","36","","7","","24.1","","97.62","","","","","","NA"
"2017-06-06 22:00","2017","06","06","22:00","14.1","","6.3","","59","","32","","7","","24.1","","97.65","","","","","","Clear"
"2017-06-06 23:00","2017","06","06","23:00","12.9","","6.9","","67","","32","","9","","24.1","","97.66","","","","","","NA"
"2017-06-07 00:00","2017","06","07","00:00","12.5","","7.2","","70","","32","","7","","24.1","","97.66","","","","","","NA"
"2017-06-07 01:00","2017","06","07","01:00","10.7","","7.3","","79","","31","","11","","24.1","","97.66","","","","","","Clear"
"2017-06-07 02:00","2017","06","07","02:00","10.8","","6.6","","75","","13","","6","","24.1","","97.69","","","","","","NA"
"2017-06-07 03:00","2017","06","07","03:00","10.2","","6.1","","75","","14","","5","","24.1","","97.70","","","","","","NA"
"2017-06-07 04:00","2017","06","07","04:00","9.5","","5.8","","78","","27","","7","","32.2","","97.70","","","","","","Mainly Clear"
"2017-06-07 05:00","2017","06","07","05:00","8.3","","6.2","","87","","31","","11","","32.2","","97.73","","","","","","NA"
"2017-06-07 06:00","2017","06","07","06:00","10.4","","7.9","","84","","32","","8","","32.2","","97.77","","","","","","NA"
"2017-06-07 07:00","2017","06","07","07:00","14.2","","9.8","","75","","34","","5","","32.2","","97.80","","","","","","Mainly Clear"
"2017-06-07 08:00","2017","06","07","08:00","18.7","","9.1","","53","","36","","11","","32.2","","97.84","","","","","","NA"
"2017-06-07 09:00","2017","06","07","09:00","21.0","","8.2","","43","","1","","17","","32.2","","97.84","","","","","","NA"
"2017-06-07 10:00","2017","06","07","10:00","23.0","","8.0","","38","","2","","21","","32.2","","97.82","","","","","","Mostly Cloudy"
"2017-06-07 11:00","2017","06","07","11:00","23.6","","7.2","","35","","4","","13","","32.2","","97.78","","","","","","NA"
"2017-06-07 12:00","2017","06","07","12:00","24.0","","5.9","","31","","4","","13","","32.2","","97.74","","","","","","NA"
"2017-06-07 13:00","2017","06","07","13:00","24.7","","6.2","","30","","7","","5","","32.2","","97.68","","","","","","Mostly Cloudy"
"2017-06-07 14:00","2017","06","07","14:00","25.2","","5.8","","28","","8","","4","","32.2","","97.63","","25","","","","NA"
"2017-06-07 15:00","2017","06","07","15:00","25.6","","5.9","","28","","36","","1","","32.2","","97.58","","25","","","","NA"
"2017-06-07 16:00","2017","06","07","16:00","24.9","","5.4","","28","","17","","7","","32.2","","97.55","","","","","","Cloudy"
"2017-06-07 17:00","2017","06","07","17:00","25.4","","6.0","","28","","23","","7","","32.2","","97.53","","25","","","","NA"
"2017-06-07 18:00","2017","06","07","18:00","25.0","","7.4","","32","","21","","9","","32.2","","97.50","","25","","","","NA"
"2017-06-07 19:00","2017","06","07","19:00","23.2","","8.6","","39","","22","","21","","32.2","","97.52","","","","","","Mostly Cloudy"
"2017-06-07 20:00","2017","06","07","20:00","20.1","","9.0","","48","","22","","16","","32.2","","97.50","","","","","","NA"
"2017-06-07 21:00","2017","06","07","21:00","17.4","","8.8","","56","","22","","13","","32.2","","97.54","","","","","","NA"
"2017-06-07 22:00","2017","06","07","22:00","16.8","","8.2","","56","","24","","10","","32.2","","97.55","","","","","","Mainly Clear"
"2017-06-07 23:00","2017","06","07","23:00","16.9","","6.5","","50","","24","","13","","32.2","","97.55","","","","","","NA"
"2017-06-08 00:00","2017","06","08","00:00","17.5","","5.9","","46","","25","","16","","32.2","","97.54","","","","","","NA"
"2017-06-08 01:00","2017","06","08","01:00","15.8","","5.9","","51","","31","","7","","32.2","","97.53","","","","","","Clear"
"2017-06-08 02:00","2017","06","08","02:00","14.9","","5.8","","54","","28","","7","","24.1","","97.52","","","","","","NA"
"2017-06-08 03:00","2017","06","08","03:00","13.7","","6.0","","59","","26","","6","","24.1","","97.50","","","","","","NA"
"2017-06-08 04:00","2017","06","08","04:00","13.0","","6.2","","63","","25","","8","","32.2","","97.48","","","","","","Clear"
"2017-06-08 05:00","2017","06","08","05:00","11.9","","6.8","","71","","24","","10","","32.2","","97.47","","","","","","NA"
"2017-06-08 06:00","2017","06","08","06:00","13.2","","7.9","","70","","23","","8","","32.2","","97.50","","","","","","NA"
"2017-06-08 07:00","2017","06","08","07:00","15.5","","9.1","","65","","24","","8","","32.2","","97.51","","","","","","Mainly Clear"
"2017-06-08 08:00","2017","06","08","08:00","19.3","","9.9","","54","","25","","11","","32.2","","97.49","","","","","","NA"
"2017-06-08 09:00","2017","06","08","09:00","21.5","","10.2","","48","","24","","13","","32.2","","97.46","","","","","","NA"
"2017-06-08 10:00","2017","06","08","10:00","22.1","","9.2","","43","","23","","19","","32.2","","97.41","","","","","","Mainly Clear"
"2017-06-08 11:00","2017","06","08","11:00","23.1","","7.6","","36","","21","","25","","32.2","","97.34","","","","","","NA"
"2017-06-08 12:00","2017","06","08","12:00","23.7","","8.2","","37","","20","","19","","32.2","","97.27","","","","","","NA"
"2017-06-08 13:00","2017","06","08","13:00","24.5","","7.4","","33","","23","","18","","32.2","","97.19","","25","","","","Mainly Clear"
"2017-06-08 14:00","2017","06","08","14:00","24.8","","7.0","","31","","21","","22","","32.2","","97.14","","25","","","","NA"
"2017-06-08 15:00","2017","06","08","15:00","24.0","","5.2","","29","","19","","22","","32.2","","97.09","","","","","","NA"
"2017-06-08 16:00","2017","06","08","16:00","23.7","","4.8","","29","","19","","23","","32.2","","97.02","","","","","","Mainly Clear"
"2017-06-08 17:00","2017","06","08","17:00","23.2","","5.8","","32","","20","","27","","32.2","","96.94","","","","","","NA"
"2017-06-08 18:00","2017","06","08","18:00","22.0","","5.7","","34","","20","","22","","32.2","","96.89","","","","","","NA"
"2017-06-08 19:00","2017","06","08","19:00","21.0","","5.6","","36","","20","","20","","32.2","","96.88","","","","","","Mostly Cloudy"
"2017-06-08 20:00","2017","06","08","20:00","18.4","","6.2","","44","","22","","16","","32.2","","96.84","","","","","","NA"
"2017-06-08 21:00","2017","06","08","21:00","15.7","","6.3","","53","","21","","13","","24.1","","96.82","","","","","","NA"
"2017-06-08 22:00","2017","06","08","22:00","14.4","","6.5","","59","","21","","12","","24.1","","96.79","","","","","","Mainly Clear"
"2017-06-08 23:00","2017","06","08","23:00","14.6","","7.2","","61","","25","","4","","24.1","","96.84","","","","","","NA"
"2017-06-09 00:00","2017","06","09","00:00","14.6","","6.8","","59","","27","","9","","24.1","","96.78","","","","","","NA"
"2017-06-09 01:00","2017","06","09","01:00","13.5","","7.0","","65","","28","","7","","24.1","","96.72","","","","","","Mainly Clear"
"2017-06-09 02:00","2017","06","09","02:00","12.1","","7.4","","73","","30","","10","","24.1","","96.70","","","","","","NA"
"2017-06-09 03:00","2017","06","09","03:00","12.0","","7.8","","75","","33","","10","","24.1","","96.71","","","","","","NA"
"2017-06-09 04:00","2017","06","09","04:00","14.6","","12.2","","86","","2","","14","","24.1","","96.71","","","","","","Mostly Cloudy"
"2017-06-09 05:00","2017","06","09","05:00","14.1","","10.9","","81","","3","","21","","32.2","","96.77","","","","","","NA"
"2017-06-09 06:00","2017","06","09","06:00","13.8","","10.4","","80","","3","","24","","32.2","","96.81","","","","","","NA"
"2017-06-09 07:00","2017","06","09","07:00","13.8","","10.4","","80","","2","","28","","32.2","","96.88","","","","","","Cloudy"
"2017-06-09 08:00","2017","06","09","08:00","15.1","","10.5","","74","","2","","20","","32.2","","96.93","","","","","","NA"
"2017-06-09 09:00","2017","06","09","09:00","14.5","","10.1","","74","","2","","22","","32.2","","96.95","","","","","","NA"
"2017-06-09 10:00","2017","06","09","10:00","16.5","","9.4","","63","","5","","18","","32.2","","96.96","","","","","","Mostly Cloudy"
"2017-06-09 11:00","2017","06","09","11:00","17.2","","7.6","","53","","3","","22","","32.2","","96.95","","","","","","NA"
"2017-06-09 12:00","2017","06","09","12:00","18.6","","7.5","","48","","6","","16","","32.2","","96.94","","","","","","NA"
"2017-06-09 13:00","2017","06","09","13:00","19.5","","6.5","","43","","5","","18","","32.2","","96.90","","","","","","Mostly Cloudy"
"2017-06-09 14:00","2017","06","09","14:00","20.1","","5.5","","38","","6","","20","","32.2","","96.85","","","","","","NA"
"2017-06-09 15:00","2017","06","09","15:00","20.6","","3.8","","33","","6","","19","","32.2","","96.81","","","","","","NA"
"2017-06-09 16:00","2017","06","09","16:00","20.9","","5.2","","36","","5","","13","","32.2","","96.78","","","","","","Cloudy"
"2017-06-09 17:00","2017","06","09","17:00","20.6","","3.6","","32","","3","","13","","32.2","","96.78","","","","","","NA"
"2017-06-09 18:00","2017","06","09","18:00","20.1","","5.1","","37","","3","","9","","32.2","","96.80","","","","","","NA"
"2017-06-09 19:00","2017","06","09","19:00","19.1","","6.2","","42","","4","","12","","32.2","","96.82","","","","","","Cloudy"
"2017-06-09 20:00","2017","06","09","20:00","16.6","","7.0","","53","","6","","10","","32.2","","96.82","","","","","","NA"
"2017-06-09 21:00","2017","06","09","21:00","14.9","","6.9","","58","","6","","9","","24.1","","96.88","","","","","","NA"
"2017-06-09 22:00","2017","06","09","22:00","13.3","","6.4","","63","","7","","10","","24.1","","96.91","","","","","","Mainly Clear"
"2017-06-09 23:00","2017","06","09","23:00","13.2","","5.9","","61","","12","","9","","24.1","","96.93","","","","","","NA"
"2017-06-10 00:00","2017","06","10","00:00","12.7","","5.1","","60","","11","","14","","24.1","","96.92","","","","","","NA"
"2017-06-10 01:00","2017","06","10","01:00","12.3","","5.3","","62","","12","","14","","24.1","","96.92","","","","","","Clear"
"2017-06-10 02:00","2017","06","10","02:00","11.3","","5.5","","68","","12","","13","","24.1","","96.97","","","","","","NA"
"2017-06-10 03:00","2017","06","10","03:00","11.7","","5.5","","65","","12","","16","","24.1","","96.97","","","","","","NA"
"2017-06-10 04:00","2017","06","10","04:00","10.8","","6.2","","73","","14","","17","","24.1","","96.96","","","","","","Mainly Clear"
"2017-06-10 05:00","2017","06","10","05:00","11.1","","7.5","","78","","13","","17","","32.2","","96.94","","","","","","NA"
"2017-06-10 06:00","2017","06","10","06:00","11.7","","7.8","","77","","15","","15","","32.2","","96.93","","","","","","NA"
"2017-06-10 07:00","2017","06","10","07:00","13.3","","8.7","","73","","16","","16","","32.2","","96.95","","","","","","Mostly Cloudy"
"2017-06-10 08:00","2017","06","10","08:00","16.2","","10.8","","70","","18","","10","","32.2","","96.95","","","","","","NA"
"2017-06-10 09:00","2017","06","10","09:00","17.6","","12.0","","69","","20","","20","","32.2","","96.97","","","","","","NA"
"2017-06-10 10:00","2017","06","10","10:00","19.0","","12.8","","67","","21","","21","","32.2","","96.93","","","","","","Mostly Cloudy"
"2017-06-10 11:00","2017","06","10","11:00","20.8","","13.1","","61","","22","","23","","32.2","","96.89","","","","","","NA"
"2017-06-10 12:00","2017","06","10","12:00","20.4","","12.1","","58","","22","","28","","32.2","","96.80","","","","","","Rain"
"2017-06-10 13:00","2017","06","10","13:00","20.7","","12.8","","60","","20","","21","","32.2","","96.72","","","","","","Rain Showers"
"2017-06-10 14:00","2017","06","10","14:00","19.0","","12.0","","63","","19","","27","","32.2","","96.66","","","","","","NA"
"2017-06-10 15:00","2017","06","10","15:00","20.3","","13.1","","63","","19","","28","","32.2","","96.62","","","","","","NA"
"2017-06-10 16:00","2017","06","10","16:00","22.4","","14.1","","59","","19","","30","","32.2","","96.50","","26","","","","Mostly Cloudy"
"2017-06-10 17:00","2017","06","10","17:00","22.5","","13.8","","57","","20","","29","","32.2","","96.46","","26","","","","NA"
"2017-06-10 18:00","2017","06","10","18:00","21.7","","13.8","","60","","19","","31","","32.2","","96.34","","25","","","","Thunderstorms"
"2017-06-10 19:00","2017","06","10","19:00","21.0","","14.1","","64","","19","","35","","32.2","","96.22","","","","","","Mainly Clear"
"2017-06-10 20:00","2017","06","10","20:00","20.9","","13.1","","61","","20","","36","","32.2","","96.13","","","","","","NA"
"2017-06-10 21:00","2017","06","10","21:00","20.7","","12.7","","60","","21","","29","","24.1","","96.20","","","","","","NA"
"2017-06-10 22:00","2017","06","10","22:00","20.5","","12.0","","58","","21","","30","","24.1","","96.19","","","","","","Mostly Cloudy"
"2017-06-10 23:00","2017","06","10","23:00","20.8","","10.6","","52","","21","","23","","24.1","","96.19","","","","","","NA"
"2017-06-11 00:00","2017","06","11","00:00","20.1","","11.4","","57","","20","","22","","24.1","","96.23","","","","","","NA"
"2017-06-11 01:00","2017","06","11","01:00","20.0","","11.6","","58","","20","","27","","24.1","","96.21","","","","","","Mostly Cloudy"
"2017-06-11 02:00","2017","06","11","02:00","18.8","","11.4","","62","","20","","23","","24.1","","96.20","","","","","","NA"
"2017-06-11 03:00","2017","06","11","03:00","18.8","","11.3","","62","","22","","18","","24.1","","96.26","","","","","","NA"
"2017-06-11 04:00","2017","06","11","04:00","20.5","","10.6","","53","","23","","23","","24.1","","96.33","","","","","","Cloudy"
"2017-06-11 05:00","2017","06","11","05:00","20.5","","11.1","","55","","23","","21","","32.2","","96.43","","","","","","NA"
"2017-06-11 06:00","2017","06","11","06:00","20.4","","12.4","","60","","23","","18","","32.2","","96.52","","","","","","NA"
"2017-06-11 07:00","2017","06","11","07:00","21.7","","14.1","","61","","24","","18","","32.2","","96.64","","25","","","","Mainly Clear"
"2017-06-11 08:00","2017","06","11","08:00","22.9","","14.5","","58","","26","","16","","32.2","","96.70","","27","","","","NA"
"2017-06-11 09:00","2017","06","11","09:00","24.0","","13.7","","52","","26","","21","","32.2","","96.76","","27","","","","NA"
"2017-06-11 10:00","2017","06","11","10:00","25.9","","13.6","","46","","24","","24","","32.2","","96.84","","29","","","","Mainly Clear"
"2017-06-11 11:00","2017","06","11","11:00","27.9","","6.7","","26","","28","","25","","32.2","","96.88","","28","","","","NA"
"2017-06-11 12:00","2017","06","11","12:00","28.4","","6.3","","24","","26","","20","","32.2","","96.93","","28","","","","NA"
"2017-06-11 13:00","2017","06","11","13:00","29.6","","6.4","","23","","24","","19","","32.2","","96.97","","29","","","","Mostly Cloudy"
"2017-06-11 14:00","2017","06","11","14:00","29.8","","4.8","","20","","29","","21","","32.2","","97.01","","29","","","","NA"
"2017-06-11 15:00","2017","06","11","15:00","30.2","","6.4","","22","","28","","15","","32.2","","97.00","","30","","","","NA"
"2017-06-11 16:00","2017","06","11","16:00","30.1","","6.7","","23","","24","","13","","32.2","","97.00","","30","","","","Mostly Cloudy"
"2017-06-11 17:00","2017","06","11","17:00","28.4","","7.8","","27","","23","","12","","32.2","","96.96","","29","","","","NA"
"2017-06-11 18:00","2017","06","11","18:00","26.0","","11.0","","38","","23","","24","","32.2","","97.01","","28","","","","NA"
"2017-06-11 19:00","2017","06","11","19:00","20.0","","13.5","","66","","24","","12","","32.2","","97.06","","","","","","Thunderstorms,Rain Showers"
"2017-06-11 20:00","2017","06","11","20:00","17.7","","14.3","","80","","21","","5","","32.2","","96.93","","","","","","Rain Showers"
"2017-06-11 21:00","2017","06","11","21:00","16.8","","14.6","","87","","18","","10","","24.1","","96.99","","","","","","NA"
"2017-06-11 22:00","2017","06","11","22:00","16.8","","14.9","","88","","18","","8","","24.1","","96.98","","","","","","Cloudy"
"2017-06-11 23:00","2017","06","11","23:00","15.8","","14.7","","93","","24","","5","","24.1","","97.04","","","","","","NA"
"2017-06-12 00:00","2017","06","12","00:00","15.7","","14.6","","94","","23","","9","","24.1","","97.07","","","","","","NA"
"2017-06-12 01:00","2017","06","12","01:00","15.2","","14.4","","95","","22","","5","","24.1","","97.04","","","","","","Cloudy"
"2017-06-12 02:00","2017","06","12","02:00","15.4","","14.7","","95","","18","","6","","24.1","","96.95","","","","","","NA"
"2017-06-12 03:00","2017","06","12","03:00","15.3","","14.8","","96","","20","","11","","24.1","","96.92","","","","","","NA"
"2017-06-12 04:00","2017","06","12","04:00","15.7","","15.0","","95","","19","","9","","24.1","","96.87","","","","","","Cloudy"
"2017-06-12 05:00","2017","06","12","05:00","15.3","","14.8","","97","","21","","10","","24.1","","96.97","","","","","","NA"
"2017-06-12 06:00","2017","06","12","06:00","16.2","","15.4","","95","","19","","5","","16.1","","96.92","","","","","","NA"
"2017-06-12 07:00","2017","06","12","07:00","16.8","","15.7","","93","","23","","10","","24.1","","97.01","","","","","","Cloudy"
"2017-06-12 08:00","2017","06","12","08:00","18.0","","16.2","","89","","23","","14","","32.2","","97.03","","","","","","NA"
"2017-06-12 09:00","2017","06","12","09:00","19.9","","16.8","","82","","21","","21","","32.2","","97.05","","","","","","NA"
"2017-06-12 10:00","2017","06","12","10:00","21.6","","17.1","","76","","24","","11","","32.2","","96.98","","27","","","","Mostly Cloudy"
"2017-06-12 11:00","2017","06","12","11:00","22.6","","17.6","","73","","20","","16","","32.2","","96.98","","28","","","","NA"
"2017-06-12 12:00","2017","06","12","12:00","22.9","","17.8","","73","","22","","15","","32.2","","96.97","","29","","","","NA"
"2017-06-12 13:00","2017","06","12","13:00","22.2","","18.0","","76","","24","","12","","32.2","","96.97","","28","","","","Cloudy"
"2017-06-12 14:00","2017","06","12","14:00","23.2","","18.5","","75","","22","","20","","32.2","","96.92","","30","","","","NA"
"2017-06-12 15:00","2017","06","12","15:00","23.8","","18.5","","72","","21","","16","","32.2","","96.92","","30","","","","NA"
"2017-06-12 16:00","2017","06","12","16:00","25.2","","18.7","","67","","20","","19","","32.2","","96.88","","32","","","","Mostly Cloudy"
"2017-06-12 17:00","2017","06","12","17:00","25.7","","18.9","","66","","21","","23","","32.2","","96.83","","32","","","","NA"
"2017-06-12 18:00","2017","06","12","18:00","24.9","","18.9","","69","","20","","22","","32.2","","96.87","","32","","","","NA"
"2017-06-12 19:00","2017","06","12","19:00","24.6","","19.1","","71","","22","","18","","32.2","","96.90","","31","","","","Mainly Clear"
"2017-06-12 20:00","2017","06","12","20:00","22.2","","18.6","","80","","22","","18","","32.2","","96.91","","29","","","","NA"
"2017-06-12 21:00","2017","06","12","21:00","20.3","","18.1","","87","","23","","3","","24.1","","96.99","","26","","","","NA"
"2017-06-12 22:00","2017","06","12","22:00","19.3","","17.9","","92","","28","","9","","24.1","","97.09","","","","","","Clear"
"2017-06-12 23:00","2017","06","12","23:00","17.8","","17.1","","96","","29","","12","","24.1","","97.12","","","","","","NA"
"2017-06-13 00:00","2017","06","13","00:00","17.2","","12.9","","76","","28","","11","","24.1","","97.16","","","","","","NA"
"2017-06-13 01:00","2017","06","13","01:00","15.8","","11.6","","75","","32","","14","","24.1","","97.20","","","","","","Clear"
"2017-06-13 02:00","2017","06","13","02:00","17.6","","10.7","","64","","1","","18","","24.1","","97.25","","","","","","NA"
"2017-06-13 03:00","2017","06","13","03:00","17.2","","10.8","","66","","2","","19","","24.1","","97.36","","","","","","NA"
"2017-06-13 04:00","2017","06","13","04:00","16.5","","10.6","","68","","2","","16","","24.1","","97.48","","","","","","Mainly Clear"
"2017-06-13 05:00","2017","06","13","05:00","16.1","","9.7","","66","","4","","22","","32.2","","97.44","","","","","","NA"
"2017-06-13 06:00","2017","06","13","06:00","16.0","","9.6","","66","","3","","28","","32.2","","97.46","","","","","","NA"
"2017-06-13 07:00","2017","06","13","07:00","16.5","","9.7","","64","","3","","18","","32.2","","97.63","","","","","","Mostly Cloudy"
"2017-06-13 08:00","2017","06","13","08:00","17.3","","9.8","","61","","3","","17","","32.2","","97.72","","","","","","NA"
"2017-06-13 09:00","2017","06","13","09:00","19.6","","8.2","","47","","3","","24","","32.2","","97.75","","","","","","NA"
"2017-06-13 10:00","2017","06","13","10:00","20.6","","6.3","","39","","2","","21","","32.2","","97.76","","","","","","Mainly Clear"
"2017-06-13 11:00","2017","06","13","11:00","21.2","","7.1","","40","","2","","16","","32.2","","97.80","","","","","","NA"
"2017-06-13 12:00","2017","06","13","12:00","22.1","","5.7","","34","","5","","16","","32.2","","97.76","","","","","","NA"
"2017-06-13 13:00","2017","06","13","13:00","22.6","","6.8","","36","","4","","8","","32.2","","97.74","","","","","","Mainly Clear"
"2017-06-13 14:00","2017","06","13","14:00","24.0","","4.3","","27","","3","","19","","32.2","","97.72","","","","","","NA"
"2017-06-13 15:00","2017","06","13","15:00","24.7","","3.8","","26","","4","","17","","32.2","","97.72","","","","","","NA"
"2017-06-13 16:00","2017","06","13","16:00","24.6","","4.8","","27","","4","","21","","32.2","","97.69","","","","","","Mostly Cloudy"
"2017-06-13 17:00","2017","06","13","17:00","24.3","","5.2","","29","","4","","15","","32.2","","97.66","","","","","","NA"
"2017-06-13 18:00","2017","06","13","18:00","23.5","","4.8","","29","","3","","22","","32.2","","97.65","","","","","","NA"
"2017-06-13 19:00","2017","06","13","19:00","22.0","","5.8","","34","","3","","14","","32.2","","97.69","","","","","","Mostly Cloudy"
"2017-06-13 20:00","2017","06","13","20:00","18.8","","","M","","M","5","","9","","32.2","","97.74","","","","","","NA"
"2017-06-13 21:00","2017","06","13","21:00","16.5","","6.5","","51","","5","","12","","24.1","","97.81","","","","","","NA"
"2017-06-13 22:00","2017","06","13","22:00","15.7","","6.5","","54","","4","","11","","24.1","","97.82","","","","","","Mainly Clear"
"2017-06-13 23:00","2017","06","13","23:00","14.8","","7.7","","62","","3","","13","","24.1","","97.85","","","","","","NA"
"2017-06-14 00:00","2017","06","14","00:00","14.2","","5.9","","57","","5","","17","","24.1","","97.89","","","","","","NA"
"2017-06-14 01:00","2017","06","14","01:00","12.7","","5.6","","62","","5","","15","","24.1","","97.89","","","","","","Mainly Clear"
"2017-06-14 02:00","2017","06","14","02:00","12.2","","5.2","","62","","5","","17","","24.1","","97.93","","","","","","NA"
"2017-06-14 03:00","2017","06","14","03:00","11.7","","3.8","","59","","5","","20","","24.1","","97.99","","","","","","NA"
"2017-06-14 04:00","2017","06","14","04:00","10.7","","3.6","","61","","5","","22","","24.1","","98.01","","","","","","Mainly Clear"
"2017-06-14 05:00","2017","06","14","05:00","9.8","","3.8","","66","","5","","17","","32.2","","98.07","","","","","","NA"
"2017-06-14 06:00","2017","06","14","06:00","10.1","","4.0","","66","","5","","19","","32.2","","98.10","","","","","","NA"
"2017-06-14 07:00","2017","06","14","07:00","10.8","","4.1","","63","","6","","16","","32.2","","98.12","","","","","","Mostly Cloudy"
"2017-06-14 08:00","2017","06","14","08:00","12.2","","2.4","","51","","7","","21","","32.2","","98.10","","","","","","NA"
"2017-06-14 09:00","2017","06","14","09:00","14.3","","2.9","","46","","6","","18","","32.2","","98.06","","","","","","NA"
"2017-06-14 10:00","2017","06","14","10:00","16.0","","2.2","","39","","8","","15","","32.2","","98.03","","","","","","Mainly Clear"
"2017-06-14 11:00","2017","06","14","11:00","17.3","","2.2","","36","","4","","16","","32.2","","98.02","","","","","","NA"
"2017-06-14 12:00","2017","06","14","12:00","19.2","","3.6","","35","","5","","16","","32.2","","98.00","","","","","","NA"
"2017-06-14 13:00","2017","06","14","13:00","19.8","","3.5","","34","","5","","14","","32.2","","97.92","","","","","","Mostly Cloudy"
"2017-06-14 14:00","2017","06","14","14:00","20.5","","4.8","","35","","1","","16","","32.2","","97.88","","","","","","NA"
"2017-06-14 15:00","2017","06","14","15:00","21.0","","3.7","","32","","2","","16","","32.2","","97.85","","","","","","NA"
"2017-06-14 16:00","2017","06","14","16:00","21.3","","2.9","","29","","2","","16","","32.2","","97.76","","","","","","Mainly Clear"
"2017-06-14 17:00","2017","06","14","17:00","21.5","","3.3","","30","","5","","17","","32.2","","97.64","","","","","","NA"
"2017-06-14 18:00","2017","06","14","18:00","21.6","","2.2","","27","","11","","21","","32.2","","97.48","","","","","","NA"
"2017-06-14 19:00","2017","06","14","19:00","20.5","","2.7","","31","","13","","13","","32.2","","97.51","","","","","","Mainly Clear"
"2017-06-14 20:00","2017","06","14","20:00","18.5","","4.4","","39","","14","","10","","32.2","","97.54","","","","","","NA"
"2017-06-14 21:00","2017","06","14","21:00","18.1","","5.9","","44","","8","","9","","24.1","","97.59","","","","","","NA"
"2017-06-14 22:00","2017","06","14","22:00","16.6","","4.8","","45","","9","","13","","24.1","","97.59","","","","","","Mostly Cloudy"
"2017-06-14 23:00","2017","06","14","23:00","15.4","","3.2","","44","","9","","18","","24.1","","97.54","","","","","","NA"
"2017-06-15 00:00","2017","06","15","00:00","15.2","","3.3","","44","","10","","20","","24.1","","97.51","","","","","","NA"
"2017-06-15 01:00","2017","06","15","01:00","14.3","","3.7","","48","","11","","21","","24.1","","97.41","","","","","","Mainly Clear"
"2017-06-15 02:00","2017","06","15","02:00","13.8","","4.7","","54","","13","","17","","24.1","","97.34","","","","","","NA"
"2017-06-15 03:00","2017","06","15","03:00"
"2017-06-15 04:00","2017","06","15","04:00","12.7","","5.8","","63","","13","","16","","24.1","","97.28","","","","","","Mainly Clear"
"2017-06-15 05:00","2017","06","15","05:00","12.8","","6.4","","65","","13","","15","","32.2","","97.29","","","","","","NA"
"2017-06-15 06:00","2017","06","15","06:00","13.8","","7.0","","63","","14","","17","","32.2","","97.27","","","","","","NA"
"2017-06-15 07:00","2017","06","15","07:00","14.8","","7.6","","62","","14","","15","","32.2","","97.30","","","","","","Mostly Cloudy"
"2017-06-15 08:00","2017","06","15","08:00","15.3","","7.7","","60","","15","","14","","32.2","","97.27","","","","","","NA"
"2017-06-15 09:00","2017","06","15","09:00","14.7","","9.6","","71","","17","","9","","32.2","","97.25","","","","","","Rain Showers"
"2017-06-15 10:00","2017","06","15","10:00","15.2","","9.8","","70","","18","","16","","32.2","","97.20","","","","","","Cloudy"
"2017-06-15 11:00","2017","06","15","11:00","16.0","","9.2","","64","","16","","14","","32.2","","97.17","","","","","","NA"
"2017-06-15 12:00","2017","06","15","12:00","16.8","","10.6","","66","","14","","14","","32.2","","97.15","","","","","","NA"
"2017-06-15 13:00","2017","06","15","13:00","18.8","","9.4","","54","","16","","19","","32.2","","97.12","","","","","","Mostly Cloudy"
"2017-06-15 14:00","2017","06","15","14:00","19.6","","9.8","","53","","17","","19","","32.2","","97.08","","","","","","NA"
"2017-06-15 15:00","2017","06","15","15:00","20.7","","11.2","","54","","14","","21","","32.2","","96.99","","","","","","NA"
"2017-06-15 16:00","2017","06","15","16:00","20.4","","11.2","","55","","14","","19","","32.2","","96.95","","","","","","Mostly Cloudy"
"2017-06-15 17:00","2017","06","15","17:00","20.4","","10.0","","51","","16","","23","","32.2","","96.91","","","","","","NA"
"2017-06-15 18:00","2017","06","15","18:00","20.1","","11.4","","57","","13","","14","","32.2","","96.87","","","","","","NA"
"2017-06-15 19:00","2017","06","15","19:00","18.6","","11.2","","62","","12","","20","","32.2","","96.83","","","","","","Mostly Cloudy"
"2017-06-15 20:00","2017","06","15","20:00","17.9","","11.8","","67","","12","","12","","32.2","","96.87","","","","","","NA"
"2017-06-15 21:00","2017","06","15","21:00","17.3","","12.2","","72","","15","","13","","24.1","","96.93","","","","","","NA"
"2017-06-15 22:00","2017","06","15","22:00","16.8","","11.2","","69","","18","","12","","24.1","","96.89","","","","","","Cloudy"
"2017-06-15 23:00","2017","06","15","23:00","15.4","","11.2","","76","","17","","13","","24.1","","96.81","","","","","","NA"
"2017-06-16 00:00","2017","06","16","00:00","14.2","","11.2","","82","","29","","8","","24.1","","96.81","","","","","","NA"
"2017-06-16 01:00","2017","06","16","01:00","15.3","","11.8","","79","","17","","12","","24.1","","96.71","","","","","","Mostly Cloudy"
"2017-06-16 02:00","2017","06","16","02:00"
"2017-06-16 03:00","2017","06","16","03:00","14.9","","12.9","","88","","22","","9","","24.1","","96.68","","","","","","NA"
"2017-06-16 04:00","2017","06","16","04:00","14.3","","13.8","","96","","19","","10","","4.8","","96.66","","","","","","Fog"
"2017-06-16 05:00","2017","06","16","05:00","14.7","","14.4","","98","","19","","12","","1.6","","96.72","","","","","","Fog"
"2017-06-16 06:00","2017","06","16","06:00","15.0","","14.8","","98","","18","","12","","0.8","","96.72","","","","","","Fog"
"2017-06-16 07:00","2017","06","16","07:00","14.8","","14.6","","98","","14","","9","","0.8","","96.71","","","","","","Drizzle,Fog"
"2017-06-16 08:00","2017","06","16","08:00","15.6","","15.4","","99","","18","","8","","1.6","","96.75","","","","","","Drizzle,Fog"
"2017-06-16 09:00","2017","06","16","09:00","16.2","","16.0","","99","","17","","11","","2.4","","96.75","","","","","","Drizzle,Fog"
"2017-06-16 10:00","2017","06","16","10:00","16.9","","16.6","","98","","21","","12","","2.4","","96.72","","","","","","Drizzle,Fog"
"2017-06-16 11:00","2017","06","16","11:00","18.2","","17.0","","93","","22","","14","","16.1","","96.74","","","","","","NA"
"2017-06-16 12:00","2017","06","16","12:00","21.8","","17.5","","76","","22","","14","","24.1","","96.69","","27","","","","NA"
"2017-06-16 13:00","2017","06","16","13:00","23.3","","16.6","","66","","22","","9","","32.2","","96.63","","28","","","","Mainly Clear"
"2017-06-16 14:00","2017","06","16","14:00","25.0","","15.8","","56","","22","","18","","32.2","","96.59","","29","","","","NA"
"2017-06-16 15:00","2017","06","16","15:00","26.0","","14.9","","50","","20","","25","","32.2","","96.54","","30","","","","NA"
"2017-06-16 16:00","2017","06","16","16:00","26.7","","13.0","","42","","21","","30","","32.2","","96.50","","29","","","","Mainly Clear"
"2017-06-16 17:00","2017","06","16","17:00","26.3","","14.3","","47","","22","","27","","32.2","","96.50","","30","","","","NA"
"2017-06-16 18:00","2017","06","16","18:00","23.9","","14.9","","57","","22","","21","","32.2","","96.55","","28","","","","NA"
"2017-06-16 19:00","2017","06","16","19:00","22.9","","15.3","","62","","21","","22","","32.2","","96.60","","27","","","","Mostly Cloudy"
"2017-06-16 20:00","2017","06","16","20:00","21.0","","14.3","","65","","21","","12","","24.1","","96.59","","25","","","","NA"
"2017-06-16 21:00","2017","06","16","21:00","19.1","","14.0","","72","","20","","14","","24.1","","96.60","","","","","","NA"
"2017-06-16 22:00","2017","06","16","22:00","18.0","","14.4","","79","","18","","13","","24.1","","96.61","","","","","","Mainly Clear"
"2017-06-16 23:00","2017","06","16","23:00","16.7","","14.1","","84","","22","","9","","24.1","","96.60","","","","","","NA"
"2017-06-17 00:00","2017","06","17","00:00","15.9","","14.1","","89","","18","","13","","24.1","","96.60","","","","","","NA"
"2017-06-17 01:00","2017","06","17","01:00","15.3","","13.9","","92","","21","","11","","24.1","","96.60","","","","","","Mostly Cloudy"
"2017-06-17 02:00","2017","06","17","02:00","14.7","","13.5","","92","","19","","10","","24.1","","96.53","","","","","","NA"
"2017-06-17 03:00","2017","06","17","03:00","14.0","","13.5","","96","","17","","12","","24.1","","96.57","","","","","","NA"
"2017-06-17 04:00","2017","06","17","04:00","14.1","","13.5","","96","","20","","12","","24.1","","96.60","","","","","","Mainly Clear"
"2017-06-17 05:00","2017","06","17","05:00","13.8","","13.3","","97","","22","","5","","24.1","","96.57","","","","","","NA"
"2017-06-17 06:00","2017","06","17","06:00","15.0","","14.0","","94","","15","","10","","24.1","","96.57","","","","","","NA"
"2017-06-17 07:00","2017","06","17","07:00","14.7","","14.1","","96","","17","","11","","16.1","","96.60","","","","","","Cloudy"
"2017-06-17 08:00","2017","06","17","08:00","16.3","","14.2","","87","","36","","2","","24.1","","96.58","","","","","","Rain"
"2017-06-17 09:00","2017","06","17","09:00","16.8","","14.9","","89","","11","","9","","24.1","","96.53","","","","","","NA"
"2017-06-17 10:00","2017","06","17","10:00","18.1","","15.4","","84","","18","","18","","32.2","","96.54","","","","","","Thunderstorms,Rain Showers"
"2017-06-17 11:00","2017","06","17","11:00","18.1","","16.6","","91","","18","","22","","32.2","","96.49","","","","","","Rain Showers"
"2017-06-17 12:00","2017","06","17","12:00","18.3","","17.4","","95","","18","","13","","16.1","","96.44","","","","","","Rain Showers"
"2017-06-17 13:00","2017","06","17","13:00","19.2","","17.7","","91","","17","","20","","16.1","","96.39","","","","","","Rain Showers"
"2017-06-17 14:00","2017","06","17","14:00","19.3","","17.8","","91","","18","","17","","16.1","","96.44","","","","","","Rain Showers"
"2017-06-17 15:00","2017","06","17","15:00","19.6","","17.4","","87","","18","","30","","32.2","","96.41","","","","","","NA"
"2017-06-17 16:00","2017","06","17","16:00","20.1","","16.9","","82","","19","","26","","32.2","","96.36","","25","","","","Mostly Cloudy"
"2017-06-17 17:00","2017","06","17","17:00","20.1","","16.8","","81","","20","","24","","32.2","","96.34","","25","","","","NA"
"2017-06-17 18:00","2017","06","17","18:00","21.6","","17.0","","75","","22","","18","","32.2","","96.36","","27","","","","NA"
"2017-06-17 19:00","2017","06","17","19:00","20.9","","17.1","","78","","20","","16","","32.2","","96.36","","26","","","","Mostly Cloudy"
"2017-06-17 20:00","2017","06","17","20:00","19.1","","16.7","","86","","17","","11","","32.2","","96.34","","","","","","NA"
"2017-06-17 21:00","2017","06","17","21:00","18.5","","16.6","","89","","17","","14","","24.1","","96.40","","","","","","NA"
"2017-06-17 22:00","2017","06","17","22:00","17.9","","16.5","","91","","19","","14","","24.1","","96.36","","","","","","Cloudy"
"2017-06-17 23:00","2017","06","17","23:00","17.6","","16.5","","93","","18","","12","","24.1","","96.33","","","","","","NA"
"2017-06-18 00:00","2017","06","18","00:00","17.6","","16.7","","95","","18","","15","","9.7","","96.34","","","","","","Fog"
"2017-06-18 01:00","2017","06","18","01:00","17.6","","17.2","","97","","16","","9","","4.0","","96.27","","","","","","Fog"
"2017-06-18 02:00","2017","06","18","02:00","17.5","","17.3","","99","","13","","12","","0.8","","96.16","","","","","","Fog"
"2017-06-18 03:00","2017","06","18","03:00","17.8","","17.6","","99","","15","","11","","0.8","","96.15","","","","","","Fog"
"2017-06-18 04:00","2017","06","18","04:00","17.8","","17.7","","99","","15","","11","","0.8","","96.09","","","","","","Rain Showers,Fog"
"2017-06-18 05:00","2017","06","18","05:00","17.8","","17.6","","99","","12","","8","","2.4","","96.06","","","","","","Rain Showers,Fog"
"2017-06-18 06:00","2017","06","18","06:00","17.7","","17.6","","99","","10","","13","","0.8","","95.95","","","","","","Rain Showers,Fog"
"2017-06-18 07:00","2017","06","18","07:00","18.0","","17.9","","99","","11","","13","","2.4","","95.90","","","","","","Rain Showers,Fog"
"2017-06-18 08:00","2017","06","18","08:00","18.3","","18.1","","99","","12","","14","","3.2","","95.88","","","","","","Rain Showers,Fog"
"2017-06-18 09:00","2017","06","18","09:00","17.8","","17.3","","97","","13","","6","","24.1","","95.80","","","","","","Rain Showers"
"2017-06-18 10:00","2017","06","18","10:00","18.4","","17.6","","95","","10","","11","","32.2","","95.72","","","","","","Rain Showers"
"2017-06-18 11:00","2017","06","18","11:00","18.8","","17.9","","94","","11","","12","","24.1","","95.75","","","","","","NA"
"2017-06-18 12:00","2017","06","18","12:00","19.5","","18.1","","92","","14","","13","","32.2","","95.66","","","","","","Rain Showers"
"2017-06-18 13:00","2017","06","18","13:00","19.6","","17.7","","89","","12","","12","","32.2","","95.61","","","","","","Rain Showers"
"2017-06-18 14:00","2017","06","18","14:00","19.2","","18.5","","95","","18","","18","","16.1","","95.62","","","","","","Rain Showers"
"2017-06-18 15:00","2017","06","18","15:00","21.5","","19.6","","89","","19","","27","","32.2","","95.54","","29","","","","NA"
"2017-06-18 16:00","2017","06","18","16:00","21.2","","18.8","","86","","20","","31","","32.2","","95.51","","28","","","","Mostly Cloudy"
"2017-06-18 17:00","2017","06","18","17:00","22.2","","18.0","","77","","20","","27","","32.2","","95.50","","28","","","","NA"
"2017-06-18 18:00","2017","06","18","18:00","22.0","","16.1","","69","","22","","33","","32.2","","95.49","","27","","","","NA"
"2017-06-18 19:00","2017","06","18","19:00","21.4","","15.1","","67","","24","","25","","32.2","","95.54","","25","","","","Mostly Cloudy"
"2017-06-18 20:00","2017","06","18","20:00","18.4","","13.7","","73","","23","","26","","32.2","","95.58","","","","","","NA"
"2017-06-18 21:00","2017","06","18","21:00","16.6","","13.6","","82","","23","","22","","24.1","","95.65","","","","","","NA"
"2017-06-18 22:00","2017","06","18","22:00","15.5","","12.8","","84","","22","","26","","24.1","","95.69","","","","","","Mostly Cloudy"
"2017-06-18 23:00","2017","06","18","23:00","14.4","","11.6","","83","","23","","28","","24.1","","95.66","","","","","","NA"
"2017-06-19 00:00","2017","06","19","00:00","14.6","","11.8","","83","","22","","34","","24.1","","95.62","","","","","","NA"
"2017-06-19 01:00","2017","06","19","01:00","14.6","","12.1","","85","","23","","34","","24.1","","95.62","","","","","","Rain Showers"
"2017-06-19 02:00","2017","06","19","02:00","14.5","","12.4","","87","","23","","32","","24.1","","95.65","","","","","","NA"
"2017-06-19 03:00","2017","06","19","03:00","14.9","","12.2","","84","","23","","30","","24.1","","95.75","","","","","","Rain Showers"
"2017-06-19 04:00","2017","06","19","04:00","14.6","","11.9","","83","","24","","26","","24.1","","95.84","","","","","","Mostly Cloudy"
"2017-06-19 05:00","2017","06","19","05:00","14.4","","11.7","","83","","24","","22","","32.2","","95.91","","","","","","NA"
"2017-06-19 06:00","2017","06","19","06:00","14.7","","11.8","","83","","24","","22","","32.2","","96.01","","","","","","NA"
"2017-06-19 07:00","2017","06","19","07:00","14.7","","11.7","","82","","24","","20","","32.2","","96.09","","","","","","Cloudy"
"2017-06-19 08:00","2017","06","19","08:00","15.6","","12.0","","79","","25","","26","","32.2","","96.16","","","","","","NA"
"2017-06-19 09:00","2017","06","19","09:00","16.5","","12.5","","77","","25","","21","","32.2","","96.20","","","","","","NA"
"2017-06-19 10:00","2017","06","19","10:00","18.5","","13.0","","70","","23","","28","","32.2","","96.21","","","","","","Mainly Clear"
"2017-06-19 11:00","2017","06","19","11:00","19.9","","12.8","","63","","23","","20","","32.2","","96.24","","","","","","NA"
"2017-06-19 12:00","2017","06","19","12:00","19.3","","12.3","","63","","26","","20","","32.2","","96.31","","","","","","NA"
"2017-06-19 13:00","2017","06","19","13:00","19.2","","13.0","","67","","24","","13","","32.2","","96.34","","","","","","Rain Showers"
"2017-06-19 14:00","2017","06","19","14:00","19.0","","14.5","","75","","21","","20","","32.2","","96.35","","","","","","Rain Showers,Snow Showers"
"2017-06-19 15:00","2017","06","19","15:00","19.0","","15.9","","82","","22","","13","","32.2","","96.35","","","","","","Rain Showers"
"2017-06-19 16:00","2017","06","19","16:00","18.2","","14.4","","78","","24","","18","","32.2","","96.36","","","","","","Rain Showers"
"2017-06-19 17:00","2017","06","19","17:00","19.7","","13.6","","67","","25","","18","","32.2","","96.35","","","","","","NA"
"2017-06-19 18:00","2017","06","19","18:00","19.3","","12.7","","65","","24","","15","","32.2","","96.36","","","","","","Rain Showers"
"2017-06-19 19:00","2017","06","19","19:00","19.4","","11.9","","61","","27","","17","","32.2","","96.40","","","","","","Mostly Cloudy"
"2017-06-19 20:00","2017","06","19","20:00","17.2","","12.0","","71","","26","","10","","32.2","","96.40","","","","","","NA"
"2017-06-19 21:00","2017","06","19","21:00","15.3","","11.8","","80","","23","","5","","24.1","","96.45","","","","","","NA"
"2017-06-19 22:00","2017","06","19","22:00","14.9","","12.2","","83","","28","","8","","24.1","","96.48","","","","","","Cloudy"
"2017-06-19 23:00","2017","06","19","23:00","14.4","","12.3","","87","","24","","7","","24.1","","96.51","","","","","","NA"
"2017-06-20 00:00","2017","06","20","00:00","13.9","","12.2","","89","","25","","4","","24.1","","96.49","","","","","","NA"
"2017-06-20 01:00","2017","06","20","01:00","13.2","","12.2","","93","","31","","7","","24.1","","96.47","","","","","","Mostly Cloudy"
"2017-06-20 02:00","2017","06","20","02:00","13.3","","12.3","","93","","29","","5","","24.1","","96.46","","","","","","NA"
"2017-06-20 03:00","2017","06","20","03:00","13.4","","12.4","","94","","36","","3","","24.1","","96.42","","","","","","NA"
"2017-06-20 04:00","2017","06","20","04:00","13.6","","12.2","","92","","25","","5","","24.1","","96.44","","","","","","Cloudy"
"2017-06-20 05:00","2017","06","20","05:00","13.3","","11.8","","90","","28","","8","","32.2","","96.47","","","","","","NA"
"2017-06-20 06:00","2017","06","20","06:00","13.8","","11.7","","87","","27","","10","","32.2","","96.50","","","","","","NA"
"2017-06-20 07:00","2017","06","20","07:00","14.6","","11.5","","82","","28","","14","","32.2","","96.53","","","","","","Mostly Cloudy"
"2017-06-20 08:00","2017","06","20","08:00","14.8","","11.2","","78","","25","","13","","32.2","","96.58","","","","","","NA"
"2017-06-20 09:00","2017","06","20","09:00","16.0","","9.6","","65","","25","","18","","32.2","","96.61","","","","","","NA"
"2017-06-20 10:00","2017","06","20","10:00","17.2","","9.9","","62","","24","","22","","32.2","","96.63","","","","","","Mostly Cloudy"
"2017-06-20 11:00","2017","06","20","11:00","17.9","","9.3","","57","","24","","26","","32.2","","96.64","","","","","","NA"
"2017-06-20 12:00","2017","06","20","12:00","17.2","","9.6","","61","","26","","16","","32.2","","96.62","","","","","","NA"
"2017-06-20 13:00","2017","06","20","13:00","18.1","","9.6","","57","","26","","19","","32.2","","96.60","","","","","","Mostly Cloudy"
"2017-06-20 14:00","2017","06","20","14:00","16.8","","9.9","","64","","24","","21","","32.2","","96.62","","","","","","Rain Showers"
"2017-06-20 15:00","2017","06","20","15:00","14.4","","12.2","","86","","30","","14","","24.1","","96.65","","","","","","Rain Showers"
"2017-06-20 16:00","2017","06","20","16:00","17.3","","11.5","","68","","25","","23","","32.2","","96.63","","","","","","Rain Showers"
"2017-06-20 17:00","2017","06","20","17:00","17.3","","10.2","","63","","23","","26","","32.2","","96.62","","","","","","Rain Showers"
"2017-06-20 18:00","2017","06","20","18:00","16.3","","10.9","","70","","26","","13","","32.2","","96.66","","","","","","NA"
"2017-06-20 19:00","2017","06","20","19:00","15.5","","11.1","","75","","23","","16","","24.1","","96.69","","","","","","Mostly Cloudy"
"2017-06-20 20:00","2017","06","20","20:00","13.2","","11.7","","90","","29","","14","","16.1","","96.76","","","","","","Rain Showers"
"2017-06-20 21:00","2017","06","20","21:00","12.7","","11.7","","94","","27","","10","","24.1","","96.78","","","","","","Rain Showers"
"2017-06-20 22:00","2017","06","20","22:00","12.7","","11.8","","94","","27","","11","","24.1","","96.81","","","","","","Rain Showers"
"2017-06-20 23:00","2017","06","20","23:00","12.6","","12.0","","96","","29","","10","","24.1","","96.81","","","","","","Rain Showers"
"2017-06-21 00:00","2017","06","21","00:00","12.4","","12.0","","98","","30","","10","","24.1","","96.82","","","","","","Rain Showers"
"2017-06-21 01:00","2017","06","21","01:00","12.1","","11.8","","98","","29","","9","","8.1","","96.84","","","","","","Rain Showers,Fog"
"2017-06-21 02:00","2017","06","21","02:00","11.6","","11.3","","98","","30","","7","","8.1","","96.89","","","","","","Fog"
"2017-06-21 03:00","2017","06","21","03:00","11.3","","11.1","","99","","28","","7","","32.2","","96.90","","","","","","NA"
"2017-06-21 04:00","2017","06","21","04:00","10.9","","10.7","","99","","29","","8","","24.1","","96.95","","","","","","Mostly Cloudy"
"2017-06-21 05:00","2017","06","21","05:00","10.2","","10.0","","99","","27","","8","","32.2","","97.00","","","","","","NA"
"2017-06-21 06:00","2017","06","21","06:00","11.3","","11.1","","98","","28","","10","","32.2","","97.06","","","","","","NA"
"2017-06-21 07:00","2017","06","21","07:00","13.0","","11.9","","93","","31","","12","","32.2","","97.10","","","","","","Mostly Cloudy"
"2017-06-21 08:00","2017","06","21","08:00","14.2","","11.3","","82","","31","","11","","32.2","","97.15","","","","","","NA"
"2017-06-21 09:00","2017","06","21","09:00","15.6","","12.1","","80","","30","","7","","32.2","","97.16","","","","","","NA"
"2017-06-21 10:00","2017","06","21","10:00","17.6","","10.5","","63","","33","","14","","32.2","","97.16","","","","","","Mostly Cloudy"
"2017-06-21 11:00","2017","06","21","11:00","18.0","","8.3","","53","","29","","15","","32.2","","97.17","","","","","","NA"
"2017-06-21 12:00","2017","06","21","12:00","19.2","","9.5","","53","","32","","12","","32.2","","97.17","","","","","","NA"
"2017-06-21 13:00","2017","06","21","13:00","19.0","","9.9","","55","","30","","15","","32.2","","97.15","","","","","","Mostly Cloudy"
"2017-06-21 14:00","2017","06","21","14:00","20.5","","9.3","","48","","27","","9","","32.2","","97.10","","","","","","NA"
"2017-06-21 15:00","2017","06","21","15:00","21.1","","6.4","","38","","28","","10","","32.2","","97.09","","","","","","NA"
"2017-06-21 16:00","2017","06","21","16:00","22.1","","7.3","","38","","26","","17","","32.2","","97.08","","","","","","Mostly Cloudy"
"2017-06-21 17:00","2017","06","21","17:00","20.1","","9.1","","48","","24","","16","","32.2","","97.12","","","","","","NA"
"2017-06-21 18:00","2017","06","21","18:00","20.9","","9.2","","47","","26","","15","","32.2","","97.10","","","","","","NA"
"2017-06-21 19:00","2017","06","21","19:00","20.1","","9.9","","52","","24","","10","","32.2","","97.09","","","","","","Mainly Clear"
"2017-06-21 20:00","2017","06","21","20:00","17.2","","10.5","","64","","22","","8","","32.2","","97.12","","","","","","NA"
"2017-06-21 21:00","2017","06","21","21:00","15.2","","9.7","","69","","22","","10","","32.2","","97.18","","","","","","NA"
"2017-06-21 22:00","2017","06","21","22:00","14.5","","8.9","","69","","23","","11","","24.1","","97.21","","","","","","Mainly Clear"
"2017-06-21 23:00","2017","06","21","23:00","13.2","","8.7","","74","","22","","9","","24.1","","97.23","","","","","","NA"
"2017-06-22 00:00","2017","06","22","00:00","12.7","","9.5","","81","","25","","5","","24.1","","97.24","","","","","","NA"
"2017-06-22 01:00","2017","06","22","01:00","11.8","","9.6","","86","","24","","9","","24.1","","97.20","","","","","","Mainly Clear"
"2017-06-22 02:00","2017","06","22","02:00","11.4","","9.9","","90","","24","","7","","24.1","","97.19","","","","","","NA"
"2017-06-22 03:00","2017","06","22","03:00","10.8","","9.7","","93","","22","","9","","24.1","","97.14","","","","","","NA"
"2017-06-22 04:00","2017","06","22","04:00","11.2","","10.1","","93","","20","","7","","24.1","","97.13","","","","","","Mainly Clear"
"2017-06-22 05:00","2017","06","22","05:00","11.2","","10.5","","95","","27","","3","","32.2","","97.14","","","","","","NA"
"2017-06-22 06:00","2017","06","22","06:00","12.4","","11.2","","92","","16","","7","","32.2","","97.10","","","","","","NA"
"2017-06-22 07:00","2017","06","22","07:00","12.3","","10.9","","91","","15","","11","","32.2","","97.05","","","","","","Cloudy"
"2017-06-22 08:00","2017","06","22","08:00","12.7","","11.4","","92","","18","","18","","24.1","","97.04","","","","","","Rain Showers"
"2017-06-22 09:00","2017","06","22","09:00","13.6","","12.6","","94","","19","","22","","16.1","","97.01","","","","","","Rain Showers"
"2017-06-22 10:00","2017","06","22","10:00","16.7","","14.7","","88","","20","","21","","24.1","","96.94","","","","","","Mostly Cloudy"
"2017-06-22 11:00","2017","06","22","11:00","17.8","","13.7","","77","","20","","28","","32.2","","96.91","","","","","","NA"
"2017-06-22 12:00","2017","06","22","12:00","18.9","","13.8","","72","","21","","29","","32.2","","96.81","","","","","","NA"
"2017-06-22 13:00","2017","06","22","13:00","18.5","","14.2","","76","","19","","27","","32.2","","96.73","","","","","","Cloudy"
"2017-06-22 14:00","2017","06","22","14:00","17.5","","13.8","","79","","19","","27","","32.2","","96.68","","","","","","NA"
"2017-06-22 15:00","2017","06","22","15:00","15.9","","14.2","","90","","19","","26","","9.7","","96.68","","","","","","Fog"
"2017-06-22 16:00","2017","06","22","16:00","15.4","","14.4","","94","","20","","18","","6.4","","96.69","","","","","","Fog"
"2017-06-22 17:00","2017","06","22","17:00","15.1","","14.6","","97","","20","","17","","3.2","","96.63","","","","","","Fog"
"2017-06-22 18:00","2017","06","22","18:00","15.1","","14.8","","98","","18","","18","","3.2","","96.52","","","","","","Drizzle,Fog"
"2017-06-22 19:00","2017","06","22","19:00","15.1","","14.8","","98","","19","","21","","3.2","","96.47","","","","","","Rain,Fog"
"2017-06-22 20:00","2017","06","22","20:00","15.0","","14.7","","98","","24","","9","","4.0","","96.48","","","","","","Rain,Fog"
"2017-06-22 21:00","2017","06","22","21:00","15.0","","14.7","","98","","22","","7","","3.2","","96.49","","","","","","Rain,Fog"
"2017-06-22 22:00","2017","06","22","22:00","15.1","","14.9","","99","","20","","12","","3.2","","96.48","","","","","","Rain,Fog"
"2017-06-22 23:00","2017","06","22","23:00","15.1","","14.9","","99","","21","","12","","0.8","","96.43","","","","","","Fog"
"2017-06-23 00:00","2017","06","23","00:00","15.3","","15.1","","99","","27","","4","","0.2","","96.34","","","","","","Fog"
"2017-06-23 01:00","2017","06","23","01:00","15.5","","15.4","","99","","21","","8","","0.2","","96.34","","","","","","Fog"
"2017-06-23 02:00","2017","06","23","02:00","15.7","","15.5","","99","","25","","7","","0.2","","96.25","","","","","","Fog"
"2017-06-23 03:00","2017","06","23","03:00","15.9","","15.8","","99","","23","","9","","0.4","","96.26","","","","","","Fog"
"2017-06-23 04:00","2017","06","23","04:00","16.1","","16.0","","99","","25","","6","","0.8","","96.17","","","","","","Fog"
"2017-06-23 05:00","2017","06","23","05:00","16.2","","16.1","","99","","22","","8","","0.8","","96.14","","","","","","Fog"
"2017-06-23 06:00","2017","06","23","06:00","16.4","","16.3","","99","","20","","9","","1.0","","96.10","","","","","","Fog"
"2017-06-23 07:00","2017","06","23","07:00","16.6","","16.5","","99","","28","","9","","1.6","","96.12","","","","","","Fog"
"2017-06-23 08:00","2017","06","23","08:00","17.0","","16.9","","99","","26","","7","","8.1","","96.10","","","","","","Fog"
"2017-06-23 09:00","2017","06","23","09:00","17.1","","16.7","","98","","27","","7","","9.7","","96.05","","","","","","Fog"
"2017-06-23 10:00","2017","06","23","10:00","17.6","","16.0","","90","","32","","7","","24.1","","95.99","","","","","","Cloudy"
"2017-06-23 11:00","2017","06","23","11:00","17.3","","16.2","","94","","28","","4","","6.4","","95.98","","","","","","Drizzle"
"2017-06-23 12:00","2017","06","23","12:00","17.3","","16.0","","92","","12","","5","","24.1","","95.94","","","","","","Rain"
"2017-06-23 13:00","2017","06","23","13:00","18.0","","16.4","","90","","25","","8","","32.2","","95.92","","","","","","Mostly Cloudy"
"2017-06-23 14:00","2017","06","23","14:00","20.3","","15.6","","74","","19","","4","","32.2","","95.86","","25","","","","NA"
"2017-06-23 15:00","2017","06","23","15:00","21.9","","16.4","","71","","19","","5","","32.2","","95.83","","27","","","","NA"
"2017-06-23 16:00","2017","06","23","16:00","22.5","","17.3","","72","","17","","15","","32.2","","95.80","","28","","","","Mostly Cloudy"
"2017-06-23 17:00","2017","06","23","17:00","17.6","","15.9","","90","","9","","7","","24.1","","95.82","","","","","","Thunderstorms"
"2017-06-23 18:00","2017","06","23","18:00","18.1","","15.4","","84","","16","","14","","32.2","","95.87","","","","","","NA"
"2017-06-23 19:00","2017","06","23","19:00","18.0","","15.2","","84","","17","","10","","32.2","","95.90","","","","","","Mostly Cloudy"
"2017-06-23 20:00","2017","06","23","20:00","17.6","","15.5","","87","","25","","3","","24.1","","95.94","","","","","","NA"
"2017-06-23 21:00","2017","06","23","21:00","16.9","","14.8","","87","","25","","8","","24.1","","95.99","","","","","","NA"
"2017-06-23 22:00","2017","06","23","22:00","15.8","","12.8","","82","","29","","12","","24.1","","96.02","","","","","","Mainly Clear"
"2017-06-23 23:00","2017","06","23","23:00","14.3","","8.8","","70","","29","","13","","24.1","","96.03","","","","","","NA"
"2017-06-24 00:00","2017","06","24","00:00","13.5","","8.7","","72","","30","","12","","24.1","","96.06","","","","","","NA"
"2017-06-24 01:00","2017","06","24","01:00","12.6","","8.0","","74","","29","","9","","24.1","","96.10","","","","","","Mostly Cloudy"
"2017-06-24 02:00","2017","06","24","02:00","11.8","","7.7","","76","","29","","12","","24.1","","96.10","","","","","","NA"
"2017-06-24 03:00","2017","06","24","03:00","10.0","","7.5","","84","","31","","8","","24.1","","96.11","","","","","","NA"
"2017-06-24 04:00","2017","06","24","04:00","9.1","","7.4","","89","","30","","9","","32.2","","96.17","","","","","","Mainly Clear"
"2017-06-24 05:00","2017","06","24","05:00","9.1","","7.7","","90","","31","","10","","32.2","","96.25","","","","","","NA"
"2017-06-24 06:00","2017","06","24","06:00","11.9","","9.6","","85","","32","","8","","32.2","","96.34","","","","","","NA"
"2017-06-24 07:00","2017","06","24","07:00","14.2","","10.7","","80","","32","","16","","32.2","","96.40","","","","","","Mainly Clear"
"2017-06-24 08:00","2017","06","24","08:00","15.5","","10.3","","71","","32","","21","","32.2","","96.44","","","","","","NA"
"2017-06-24 09:00","2017","06","24","09:00","16.1","","10.7","","70","","33","","18","","32.2","","96.50","","","","","","NA"
"2017-06-24 10:00","2017","06","24","10:00","16.4","","10.7","","69","","35","","24","","32.2","","96.56","","","","","","Mostly Cloudy"
"2017-06-24 11:00","2017","06","24","11:00","17.3","","10.0","","62","","36","","16","","32.2","","96.61","","","","","","NA"
"2017-06-24 12:00","2017","06","24","12:00","17.1","","9.6","","61","","36","","15","","32.2","","96.67","","","","","","Rain Showers"
"2017-06-24 13:00","2017","06","24","13:00","17.8","","9.2","","57","","33","","7","","32.2","","96.71","","","","","","Rain Showers"
"2017-06-24 14:00","2017","06","24","14:00","19.3","","10.1","","55","","34","","16","","32.2","","96.75","","","","","","NA"
"2017-06-24 15:00","2017","06","24","15:00","18.7","","8.8","","52","","32","","13","","32.2","","96.78","","","","","","NA"
"2017-06-24 16:00","2017","06","24","16:00","19.5","","8.5","","48","","36","","16","","32.2","","96.82","","","","","","Mostly Cloudy"
"2017-06-24 17:00","2017","06","24","17:00","18.2","","8.3","","52","","33","","18","","32.2","","96.87","","","","","","NA"
"2017-06-24 18:00","2017","06","24","18:00","19.0","","7.5","","47","","36","","16","","32.2","","96.94","","","","","","NA"
"2017-06-24 19:00","2017","06","24","19:00","15.4","","9.1","","66","","2","","12","","32.2","","97.01","","","","","","Mostly Cloudy"
"2017-06-24 20:00","2017","06","24","20:00","15.1","","9.7","","70","","7","","3","","32.2","","97.01","","","","","","NA"
"2017-06-24 21:00","2017","06","24","21:00","13.6","","9.0","","73","","34","","5","","24.1","","97.06","","","","","","NA"
"2017-06-24 22:00","2017","06","24","22:00","12.5","","8.8","","78","","35","","3","","24.1","","97.08","","","","","","Mainly Clear"
"2017-06-24 23:00","2017","06","24","23:00","12.1","","8.0","","76","","36","","1","","24.1","","97.10","","","","","","NA"
"2017-06-25 00:00","2017","06","25","00:00","10.5","","7.1","","79","","33","","6","","24.1","","97.11","","","","","","NA"
"2017-06-25 01:00","2017","06","25","01:00","11.9","","8.9","","82","","36","","2","","24.1","","97.13","","","","","","Mostly Cloudy"
"2017-06-25 02:00","2017","06","25","02:00","11.0","","8.4","","84","","30","","3","","24.1","","97.12","","","","","","NA"
"2017-06-25 03:00","2017","06","25","03:00","12.3","","9.3","","82","","36","","2","","24.1","","97.10","","","","","","NA"
"2017-06-25 04:00","2017","06","25","04:00","10.6","","9.2","","91","","4","","10","","24.1","","97.09","","","","","","Mostly Cloudy"
"2017-06-25 05:00","2017","06","25","05:00","11.6","","10.6","","93","","4","","17","","32.2","","97.10","","","","","","NA"
"2017-06-25 06:00","2017","06","25","06:00","12.0","","10.5","","91","","5","","18","","32.2","","97.10","","","","","","NA"
"2017-06-25 07:00","2017","06","25","07:00","12.2","","8.9","","80","","7","","20","","32.2","","97.15","","","","","","Cloudy"
"2017-06-25 08:00","2017","06","25","08:00","11.8","","8.4","","80","","5","","16","","32.2","","97.23","","","","","","Rain"
"2017-06-25 09:00","2017","06","25","09:00","12.0","","8.4","","78","","6","","20","","32.2","","97.23","","","","","","Rain"
"2017-06-25 10:00","2017","06","25","10:00","11.8","","9.8","","88","","5","","14","","32.2","","97.24","","","","","","Rain Showers"
"2017-06-25 11:00","2017","06","25","11:00","11.8","","8.2","","79","","4","","21","","32.2","","97.27","","","","","","NA"
"2017-06-25 12:00","2017","06","25","12:00","13.8","","9.0","","73","","4","","16","","32.2","","97.26","","","","","","NA"
"2017-06-25 13:00","2017","06","25","13:00","14.5","","8.1","","65","","14","","16","","32.2","","97.25","","","","","","Mostly Cloudy"
"2017-06-25 14:00","2017","06","25","14:00","15.5","","8.8","","64","","15","","10","","32.2","","97.24","","","","","","NA"
"2017-06-25 15:00","2017","06","25","15:00","15.7","","9.2","","65","","15","","10","","32.2","","97.24","","","","","","NA"
"2017-06-25 16:00","2017","06","25","16:00","16.2","","9.6","","65","","15","","9","","32.2","","97.26","","","","","","Mostly Cloudy"
"2017-06-25 17:00","2017","06","25","17:00","16.4","","9.3","","63","","14","","10","","32.2","","97.24","","","","","","NA"
"2017-06-25 18:00","2017","06","25","18:00","15.7","","9.5","","66","","20","","3","","32.2","","97.27","","","","","","NA"
"2017-06-25 19:00","2017","06","25","19:00","14.8","","9.9","","72","","5","","12","","32.2","","97.33","","","","","","Mostly Cloudy"
"2017-06-25 20:00","2017","06","25","20:00","13.7","","10.2","","79","","15","","8","","24.1","","97.35","","","","","","NA"
"2017-06-25 21:00","2017","06","25","21:00","12.3","","9.8","","85","","23","","8","","24.1","","97.37","","","","","","NA"
"2017-06-25 22:00","2017","06","25","22:00","11.0","","9.6","","91","","26","","10","","24.1","","97.37","","","","","","Mainly Clear"
"2017-06-25 23:00","2017","06","25","23:00","10.6","","9.7","","94","","30","","12","","24.1","","97.35","","","","","","NA"
"2017-06-26 00:00","2017","06","26","00:00","9.9","","9.2","","95","","1","","8","","24.1","","97.34","","","","","","NA"
"2017-06-26 01:00","2017","06","26","01:00","10.2","","9.3","","94","","1","","12","","24.1","","97.33","","","","","","Mostly Cloudy"
"2017-06-26 02:00","2017","06","26","02:00","10.8","","9.8","","93","","2","","13","","24.1","","97.31","","","","","","NA"
"2017-06-26 03:00","2017","06","26","03:00","10.8","","10.1","","96","","5","","10","","24.1","","97.30","","","","","","NA"
"2017-06-26 04:00","2017","06","26","04:00","11.3","","10.0","","92","","6","","7","","24.1","","97.32","","","","","","Mostly Cloudy"
"2017-06-26 05:00","2017","06","26","05:00","11.2","","9.8","","91","","5","","7","","32.2","","97.34","","","","","","NA"
"2017-06-26 06:00","2017","06","26","06:00","11.1","","8.8","","86","","6","","14","","32.2","","97.37","","","","","","NA"
"2017-06-26 07:00","2017","06","26","07:00","11.2","","8.8","","85","","8","","11","","32.2","","97.39","","","","","","Mostly Cloudy"
"2017-06-26 08:00","2017","06","26","08:00","11.7","","8.4","","80","","9","","16","","32.2","","97.39","","","","","","Rain"
"2017-06-26 09:00","2017","06","26","09:00","12.8","","8.6","","76","","12","","14","","32.2","","97.37","","","","","","NA"
"2017-06-26 10:00","2017","06","26","10:00","14.2","","10.3","","77","","14","","13","","32.2","","97.36","","","","","","Cloudy"
"2017-06-26 11:00","2017","06","26","11:00","15.5","","10.5","","72","","14","","13","","32.2","","97.33","","","","","","NA"
"2017-06-26 12:00","2017","06","26","12:00","16.6","","10.1","","65","","18","","10","","32.2","","97.25","","","","","","NA"
"2017-06-26 13:00","2017","06","26","13:00","12.6","","10.5","","87","","18","","16","","16.1","","97.22","","","","","","Thunderstorms,Rain Showers"
"2017-06-26 14:00","2017","06","26","14:00","14.1","","11.9","","86","","4","","10","","24.1","","97.21","","","","","","Rain Showers"
"2017-06-26 15:00","2017","06","26","15:00","14.7","","11.1","","79","","4","","11","","24.1","","97.15","","","","","","Thunderstorms,Rain Showers"
"2017-06-26 16:00","2017","06","26","16:00","13.3","","10.3","","82","","33","","8","","9.7","","97.17","","","","","","Thunderstorms,Rain Showers"
"2017-06-26 17:00","2017","06","26","17:00","11.2","","10.4","","95","","22","","4","","6.4","","97.17","","","","","","Thunderstorms,Rain Showers"
"2017-06-26 18:00","2017","06","26","18:00","11.6","","10.3","","91","","13","","8","","16.1","","97.15","","","","","","Rain Showers"
"2017-06-26 19:00","2017","06","26","19:00","11.3","","10.6","","95","","5","","7","","16.1","","97.16","","","","","","Rain Showers"
"2017-06-26 20:00","2017","06","26","20:00","11.6","","10.8","","95","","7","","5","","12.9","","97.15","","","","","","Rain Showers"
"2017-06-26 21:00","2017","06","26","21:00","11.4","","10.8","","96","","7","","9","","12.9","","97.15","","","","","","Rain Showers"
"2017-06-26 22:00","2017","06","26","22:00","11.2","","10.7","","97","","6","","7","","24.1","","97.15","","","","","","Rain Showers"
"2017-06-26 23:00","2017","06","26","23:00","10.9","","10.5","","98","","7","","8","","24.1","","97.13","","","","","","NA"
"2017-06-27 00:00","2017","06","27","00:00","11.1","","10.7","","97","","3","","5","","24.1","","97.13","","","","","","Rain Showers"
"2017-06-27 01:00","2017","06","27","01:00","10.9","","10.5","","97","","2","","7","","24.1","","97.10","","","","","","Rain Showers"
"2017-06-27 02:00","2017","06","27","02:00","10.5","","10.2","","98","","30","","4","","24.1","","97.07","","","","","","Rain Showers"
"2017-06-27 03:00","2017","06","27","03:00","10.3","","10.1","","98","","30","","8","","3.2","","97.07","","","","","","Fog"
"2017-06-27 04:00","2017","06","27","04:00","10.1","","9.9","","99","","32","","7","","8.1","","97.06","","","","","","Fog"
"2017-06-27 05:00","2017","06","27","05:00","10.1","","9.9","","99","","33","","9","","32.2","","97.09","","","","","","NA"
"2017-06-27 06:00","2017","06","27","06:00","10.6","","10.3","","98","","33","","10","","32.2","","97.12","","","","","","NA"
"2017-06-27 07:00","2017","06","27","07:00","11.3","","10.8","","97","","34","","10","","32.2","","97.15","","","","","","Cloudy"
"2017-06-27 08:00","2017","06","27","08:00","13.0","","11.1","","88","","4","","8","","32.2","","97.18","","","","","","NA"
"2017-06-27 09:00","2017","06","27","09:00","14.1","","10.0","","76","","36","","5","","32.2","","97.21","","","","","","NA"
"2017-06-27 10:00","2017","06","27","10:00","16.2","","8.6","","61","","9","","6","","32.2","","97.17","","","","","","Mostly Cloudy"
"2017-06-27 11:00","2017","06","27","11:00","16.5","","8.1","","57","","34","","3","","32.2","","97.15","","","","","","NA"
"2017-06-27 12:00","2017","06","27","12:00","11.8","","6.3","","68","","30","","5","","32.2","","97.15","","","","","","Thunderstorms,Rain Showers,Hail"
"2017-06-27 13:00","2017","06","27","13:00","16.9","","11.5","","70","","16","","14","","32.2","","97.10","","","","","","Mostly Cloudy"
"2017-06-27 14:00","2017","06","27","14:00","13.6","","9.3","","75","","6","","10","","32.2","","97.13","","","","","","Thunderstorms,Rain Showers"
"2017-06-27 15:00","2017","06","27","15:00","18.7","","8.9","","52","","20","","8","","32.2","","97.11","","","","","","Thunderstorms"
"2017-06-27 16:00","2017","06","27","16:00","13.3","","9.4","","77","","36","","4","","32.2","","97.18","","","","","","Thunderstorms,Moderate Rain Showers"
"2017-06-27 17:00","2017","06","27","17:00","15.7","","12.4","","81","","17","","14","","32.2","","97.16","","","","","","NA"
"2017-06-27 18:00","2017","06","27","18:00","15.8","","11.2","","74","","18","","16","","32.2","","97.11","","","","","","NA"
"2017-06-27 19:00","2017","06","27","19:00","13.3","","11.3","","88","","22","","18","","32.2","","97.18","","","","","","Mostly Cloudy"
"2017-06-27 20:00","2017","06","27","20:00","13.2","","11.3","","88","","0","","1","","32.2","","97.22","","","","","","NA"
"2017-06-27 21:00","2017","06","27","21:00","12.9","","11.8","","93","","20","","6","","24.1","","97.23","","","","","","NA"
"2017-06-27 22:00","2017","06","27","22:00","12.3","","11.6","","95","","0","","1","","24.1","","97.25","","","","","","Mostly Cloudy"
"2017-06-27 23:00","2017","06","27","23:00","11.9","","11.4","","97","","25","","6","","24.1","","97.27","","","","","","NA"
"2017-06-28 00:00","2017","06","28","00:00","10.7","","10.3","","98","","22","","5","","24.1","","97.30","","","","","","NA"
"2017-06-28 01:00","2017","06","28","01:00","9.8","","9.6","","98","","24","","8","","24.1","","97.29","","","","","","Clear"
"2017-06-28 02:00","2017","06","28","02:00","9.8","","9.6","","98","","23","","8","","24.1","","97.28","","","","","","NA"
"2017-06-28 03:00","2017","06","28","03:00","8.4","","8.2","","98","","22","","9","","24.1","","97.31","","","","","","NA"
"2017-06-28 04:00","2017","06","28","04:00","8.8","","8.5","","98","","23","","7","","32.2","","97.32","","","","","","Mainly Clear"
"2017-06-28 05:00","2017","06","28","05:00","9.1","","8.4","","96","","22","","10","","32.2","","97.33","","","","","","NA"
"2017-06-28 06:00","2017","06","28","06:00","10.2","","9.6","","96","","22","","16","","32.2","","97.34","","","","","","Rain Showers"
"2017-06-28 07:00","2017","06","28","07:00","12.3","","11.2","","93","","23","","12","","32.2","","97.32","","","","","","Mainly Clear"
"2017-06-28 08:00","2017","06","28","08:00","15.4","","12.0","","80","","23","","16","","32.2","","97.35","","","","","","NA"
"2017-06-28 09:00","2017","06","28","09:00","18.4","","11.6","","64","","23","","20","","32.2","","97.33","","","","","","NA"
"2017-06-28 10:00","2017","06","28","10:00","18.9","","11.8","","63","","23","","25","","32.2","","97.33","","","","","","Mostly Cloudy"
"2017-06-28 11:00","2017","06","28","11:00","20.8","","12.4","","58","","24","","27","","32.2","","97.32","","","","","","NA"
"2017-06-28 12:00","2017","06","28","12:00","21.8","","11.9","","53","","23","","27","","32.2","","97.28","","","","","","NA"
"2017-06-28 13:00","2017","06","28","13:00","21.8","","11.0","","50","","23","","28","","32.2","","97.25","","","","","","Mostly Cloudy"
"2017-06-28 14:00","2017","06","28","14:00","22.6","","9.1","","42","","24","","31","","32.2","","97.21","","","","","","NA"
"2017-06-28 15:00","2017","06","28","15:00","22.8","","9.7","","43","","22","","35","","32.2","","97.18","","","","","","NA"
"2017-06-28 16:00","2017","06","28","16:00","22.7","","9.2","","42","","24","","19","","32.2","","97.18","","","","","","Cloudy"
"2017-06-28 17:00","2017","06","28","17:00","20.8","","10.1","","50","","21","","27","","32.2","","97.17","","","","","","NA"
"2017-06-28 18:00","2017","06","28","18:00","20.1","","11.2","","56","","21","","22","","32.2","","97.16","","","","","","NA"
"2017-06-28 19:00","2017","06","28","19:00","18.8","","10.5","","58","","21","","22","","32.2","","97.19","","","","","","Mostly Cloudy"
"2017-06-28 20:00","2017","06","28","20:00","17.3","","10.7","","65","","21","","19","","32.2","","97.18","","","","","","NA"
"2017-06-28 21:00","2017","06","28","21:00","16.4","","10.7","","68","","21","","18","","24.1","","97.19","","","","","","NA"
"2017-06-28 22:00","2017","06","28","22:00","15.7","","12.2","","79","","23","","20","","9.7","","97.23","","","","","","Drizzle"
"2017-06-28 23:00","2017","06","28","23:00","14.1","","13.5","","96","","23","","16","","4.8","","97.25","","","","","","Drizzle"
"2017-06-29 00:00","2017","06","29","00:00","14.0","","13.6","","97","","22","","16","","4.8","","97.26","","","","","","Rain"
"2017-06-29 01:00","2017","06","29","01:00","14.1","","13.6","","97","","18","","18","","4.8","","97.20","","","","","","Rain"
"2017-06-29 02:00","2017","06","29","02:00","14.0","","13.6","","97","","17","","14","","4.8","","97.15","","","","","","Rain"
"2017-06-29 03:00","2017","06","29","03:00","14.0","","13.6","","98","","16","","16","","4.8","","97.05","","","","","","Rain"
"2017-06-29 04:00","2017","06","29","04:00","13.9","","13.6","","98","","14","","18","","4.8","","96.97","","","","","","Rain"
"2017-06-29 05:00","2017","06","29","05:00","14.0","","13.7","","98","","14","","18","","4.8","","96.93","","","","","","Rain,Fog"
"2017-06-29 06:00","2017","06","29","06:00","14.2","","13.9","","98","","14","","17","","4.8","","96.90","","","","","","Rain,Fog"
"2017-06-29 07:00","2017","06","29","07:00","14.3","","14.0","","98","","14","","15","","8.1","","96.87","","","","","","Rain,Fog"
"2017-06-29 08:00","2017","06","29","08:00","14.5","","14.2","","98","","13","","20","","11.3","","96.87","","","","","","Rain"
"2017-06-29 09:00","2017","06","29","09:00","14.8","","14.4","","97","","14","","18","","12.9","","96.82","","","","","","Rain"
"2017-06-29 10:00","2017","06","29","10:00","15.0","","14.6","","98","","15","","16","","4.8","","96.79","","","","","","Fog"
"2017-06-29 11:00","2017","06","29","11:00","15.4","","15.0","","98","","13","","15","","4.8","","96.75","","","","","","Rain,Fog"
"2017-06-29 12:00","2017","06","29","12:00","15.7","","15.3","","97","","15","","14","","6.4","","96.78","","","","","","Rain,Fog"
"2017-06-29 13:00","2017","06","29","13:00","16.4","","15.8","","","M","18","","9","","4.0","","96.74","","","","","","Rain,Fog"
"2017-06-29 14:00","2017","06","29","14:00","16.6","","16.3","","98","","16","","14","","4.0","","96.76","","","","","","Rain,Fog"
"2017-06-29 15:00","2017","06","29","15:00","17.0","","16.6","","97","","18","","12","","4.8","","96.80","","","","","","Rain,Fog"
"2017-06-29 16:00","2017","06","29","16:00","17.5","","16.9","","96","","14","","10","","9.7","","96.74","","","","","","Fog"
"2017-06-29 17:00","2017","06","29","17:00","17.5","","16.7","","95","","16","","11","","4.8","","96.74","","","","","","Fog"
"2017-06-29 18:00","2017","06","29","18:00","17.3","","16.8","","97","","11","","10","","4.0","","96.71","","","","","","Fog"
"2017-06-29 19:00","2017","06","29","19:00","17.2","","16.9","","98","","13","","14","","3.2","","96.72","","","","","","Fog"
"2017-06-29 20:00","2017","06","29","20:00","17.4","","17.1","","98","","14","","13","","3.2","","96.71","","","","","","Rain,Fog"
"2017-06-29 21:00","2017","06","29","21:00","17.4","","17.2","","99","","15","","14","","1.6","","96.69","","","","","","Rain,Fog"
"2017-06-29 22:00","2017","06","29","22:00","17.4","","17.2","","99","","14","","9","","1.6","","96.65","","","","","","Rain,Fog"
"2017-06-29 23:00","2017","06","29","23:00","17.5","","17.3","","99","","19","","5","","1.2","","96.64","","","","","","Rain,Fog"
"2017-06-30 00:00","2017","06","30","00:00","17.4","","17.3","","99","","24","","5","","0.6","","96.64","","","","","","Fog"
"2017-06-30 01:00","2017","06","30","01:00","17.1","","17.0","","99","","30","","3","","3.2","","96.61","","","","","","Fog"
"2017-06-30 02:00","2017","06","30","02:00","16.9","","16.8","","99","","22","","7","","1.2","","96.63","","","","","","Fog"
"2017-06-30 03:00","2017","06","30","03:00","16.7","","16.6","","99","","22","","13","","1.0","","96.62","","","","","","Fog"
"2017-06-30 04:00","2017","06","30","04:00","16.6","","16.5","","99","","22","","10","","2.4","","96.60","","","","","","Fog"
"2017-06-30 05:00","2017","06","30","05:00","16.6","","16.5","","99","","22","","8","","2.4","","96.63","","","","","","Fog"
"2017-06-30 06:00","2017","06","30","06:00","16.8","","16.7","","99","","22","","11","","3.2","","96.68","","","","","","Fog"
"2017-06-30 07:00","2017","06","30","07:00","17.8","","17.6","","99","","21","","13","","4.8","","96.64","","","","","","Fog"
"2017-06-30 08:00","2017","06","30","08:00","18.2","","17.4","","95","","21","","14","","12.9","","96.72","","","","","","NA"
"2017-06-30 09:00","2017","06","30","09:00","20.0","","17.9","","88","","21","","10","","24.1","","96.65","","26","","","","NA"
"2017-06-30 10:00","2017","06","30","10:00","20.9","","17.4","","80","","24","","16","","24.1","","96.67","","26","","","","Cloudy"
"2017-06-30 11:00","2017","06","30","11:00","19.3","","17.6","","90","","26","","7","","32.2","","96.67","","","","","","NA"
"2017-06-30 12:00","2017","06","30","12:00","20.6","","17.4","","81","","19","","21","","32.2","","96.59","","26","","","","NA"
"2017-06-30 13:00","2017","06","30","13:00","20.4","","16.8","","79","","23","","16","","32.2","","96.64","","26","","","","Cloudy"
"2017-06-30 14:00","2017","06","30","14:00","20.6","","15.9","","74","","22","","19","","32.2","","96.65","","25","","","","NA"
"2017-06-30 15:00","2017","06","30","15:00","20.1","","15.7","","76","","23","","20","","32.2","","96.65","","25","","","","NA"
"2017-06-30 16:00","2017","06","30","16:00","20.7","","16.0","","74","","24","","26","","32.2","","96.64","","25","","","","Mostly Cloudy"
"2017-06-30 17:00","2017","06","30","17:00","20.0","","15.2","","74","","23","","26","","32.2","","96.65","","","","","","NA"
"2017-06-30 18:00","2017","06","30","18:00","19.4","","15.1","","76","","23","","21","","32.2","","96.67","","","","","","NA"
"2017-06-30 19:00","2017","06","30","19:00","19.1","","15.3","","78","","22","","16","","32.2","","96.73","","","","","","Mostly Cloudy"
"2017-06-30 20:00","2017","06","30","20:00","17.8","","15.2","","85","","22","","11","","32.2","","96.75","","","","","","NA"
"2017-06-30 21:00","2017","06","30","21:00","16.4","","15.0","","91","","22","","10","","24.1","","96.77","","","","","","NA"
"2017-06-30 22:00","2017","06","30","22:00","15.8","","15.1","","95","","22","","9","","24.1","","96.76","","","","","","Mainly Clear"
"2017-06-30 23:00","2017","06","30","23:00","15.6","","14.9","","95","","21","","10","","24.1","","96.76","","","","","","NA"
