"Station Name","TORONTO CITY"
"Province","ONTARIO"
"Current Station Operator","Environment and Climate Change Canada - Meteorological Service of Canada"
"Latitude","43.67"
"Longitude","-79.40"
"Elevation","112.50"
"Climate Identifier","6158355"
"WMO Identifier","71508"
"TC Identifier","XTO"
"All times are specified in Local Standard Time (LST). Add 1 hour to adjust for Daylight Saving Time where and when it is observed."

"Legend"
"E","Estimated"
"M","Missing"
"NA","Not Available"

"Date/Time","Year","Month","Day","Time","Temp (°C)","Temp Flag","Dew Point Temp (°C)","Dew Point Temp Flag","Rel Hum (%)","Rel Hum Flag","Wind Dir (10s deg)","Wind Dir Flag","Wind Spd (km/h)","Wind Spd Flag","Visibility (km)","Visibility Flag","Stn Press (kPa)","Stn Press Flag","Hmdx","Hmdx Flag","Wind Chill","Wind Chill Flag","Weather"
"2018-08-01 00:00","2018","08","01","00:00","23.0","","19.1","","79","","","M","","M","","","100.02","","30","","","","NA"
"2018-08-01 01:00","2018","08","01","01:00","23.0","","18.4","","75","","","M","","M","","","100.00","","29","","","","NA"
"2018-08-01 02:00","2018","08","01","02:00","22.6","","18.4","","77","","","M","","M","","","99.94","","29","","","","NA"
"2018-08-01 03:00","2018","08","01","03:00","22.5","","18.4","","78","","","M","","M","","","99.91","","29","","","","NA"
"2018-08-01 04:00","2018","08","01","04:00","22.4","","18.7","","79","","","M","","M","","","99.87","","29","","","","NA"
"2018-08-01 05:00","2018","08","01","05:00","22.5","","19.1","","81","","","M","","M","","","99.85","","29","","","","NA"
"2018-08-01 06:00","2018","08","01","06:00","23.3","","19.0","","77","","","M","","M","","","99.84","","30","","","","NA"
"2018-08-01 07:00","2018","08","01","07:00","23.3","","18.9","","76","","","M","","M","","","99.85","","30","","","","NA"
"2018-08-01 08:00","2018","08","01","08:00","23.6","","18.9","","75","","","M","","M","","","99.83","","30","","","","NA"
"2018-08-01 09:00","2018","08","01","09:00","23.9","","19.2","","75","","","M","","M","","","99.82","","31","","","","NA"
"2018-08-01 10:00","2018","08","01","10:00","24.4","","19.1","","72","","","M","","M","","","99.85","","31","","","","NA"
"2018-08-01 11:00","2018","08","01","11:00","25.6","","19.8","","70","","","M","","M","","","99.85","","33","","","","NA"
"2018-08-01 12:00","2018","08","01","12:00","24.7","","18.8","","70","","","M","","M","","","99.84","","31","","","","NA"
"2018-08-01 13:00","2018","08","01","13:00","25.0","","18.9","","69","","","M","","M","","","99.83","","32","","","","NA"
"2018-08-01 14:00","2018","08","01","14:00","25.1","","18.5","","67","","","M","","M","","","99.79","","31","","","","NA"
"2018-08-01 15:00","2018","08","01","15:00","25.3","","18.0","","64","","","M","","M","","","99.77","","31","","","","NA"
"2018-08-01 16:00","2018","08","01","16:00","25.2","","18.3","","65","","","M","","M","","","99.81","","31","","","","NA"
"2018-08-01 17:00","2018","08","01","17:00","24.7","","18.7","","69","","","M","","M","","","99.82","","31","","","","NA"
"2018-08-01 18:00","2018","08","01","18:00","24.9","","17.5","","64","","","M","","M","","","99.85","","31","","","","NA"
"2018-08-01 19:00","2018","08","01","19:00","24.4","","17.9","","67","","","M","","M","","","99.86","","30","","","","NA"
"2018-08-01 20:00","2018","08","01","20:00","24.0","","17.6","","68","","","M","","M","","","99.95","","30","","","","NA"
"2018-08-01 21:00","2018","08","01","21:00","23.4","","17.6","","70","","","M","","M","","","100.04","","29","","","","NA"
"2018-08-01 22:00","2018","08","01","22:00","23.1","","17.0","","69","","","M","","M","","","100.06","","28","","","","NA"
"2018-08-01 23:00","2018","08","01","23:00","22.7","","16.8","","70","","","M","","M","","","100.10","","28","","","","NA"
"2018-08-02 00:00","2018","08","02","00:00","22.3","","16.6","","70","","","M","","M","","","100.11","","27","","","","NA"
"2018-08-02 01:00","2018","08","02","01:00","21.4","","17.3","","78","","","M","","M","","","100.12","","27","","","","NA"
"2018-08-02 02:00","2018","08","02","02:00","21.4","","17.4","","78","","","M","","M","","","100.14","","27","","","","NA"
"2018-08-02 03:00","2018","08","02","03:00","21.0","","17.4","","80","","","M","","M","","","100.15","","27","","","","NA"
"2018-08-02 04:00","2018","08","02","04:00","20.8","","17.6","","82","","","M","","M","","","100.18","","27","","","","NA"
"2018-08-02 05:00","2018","08","02","05:00","20.3","","16.8","","80","","","M","","M","","","100.19","","25","","","","NA"
"2018-08-02 06:00","2018","08","02","06:00","20.6","","17.2","","81","","","M","","M","","","100.28","","26","","","","NA"
"2018-08-02 07:00","2018","08","02","07:00","21.2","","17.3","","78","","","M","","M","","","100.33","","27","","","","NA"
"2018-08-02 08:00","2018","08","02","08:00","22.6","","17.1","","71","","","M","","M","","","100.35","","28","","","","NA"
"2018-08-02 09:00","2018","08","02","09:00","23.7","","16.1","","62","","","M","","M","","","100.36","","28","","","","NA"
"2018-08-02 10:00","2018","08","02","10:00","24.9","","16.3","","59","","","M","","M","","","100.36","","30","","","","NA"
"2018-08-02 11:00","2018","08","02","11:00","25.4","","15.2","","53","","","M","","M","","","100.37","","29","","","","NA"
"2018-08-02 12:00","2018","08","02","12:00","26.7","","16.1","","52","","","M","","M","","","100.37","","31","","","","NA"
"2018-08-02 13:00","2018","08","02","13:00","26.3","","17.0","","57","","","M","","M","","","100.36","","32","","","","NA"
"2018-08-02 14:00","2018","08","02","14:00","27.5","","15.6","","48","","","M","","M","","","100.32","","32","","","","NA"
"2018-08-02 15:00","2018","08","02","15:00","28.0","","14.9","","45","","","M","","M","","","100.29","","32","","","","NA"
"2018-08-02 16:00","2018","08","02","16:00","26.7","","17.8","","58","","","M","","M","","","100.27","","33","","","","NA"
"2018-08-02 17:00","2018","08","02","17:00","26.0","","17.2","","58","","","M","","M","","","100.27","","31","","","","NA"
"2018-08-02 18:00","2018","08","02","18:00","25.8","","17.0","","58","","","M","","M","","","100.24","","31","","","","NA"
"2018-08-02 19:00","2018","08","02","19:00","25.3","","16.9","","60","","","M","","M","","","100.28","","31","","","","NA"
"2018-08-02 20:00","2018","08","02","20:00","24.5","","17.3","","65","","","M","","M","","","100.33","","30","","","","NA"
"2018-08-02 21:00","2018","08","02","21:00","23.8","","17.9","","70","","","M","","M","","","100.37","","30","","","","NA"
"2018-08-02 22:00","2018","08","02","22:00","23.6","","17.6","","69","","","M","","M","","","100.39","","29","","","","NA"
"2018-08-02 23:00","2018","08","02","23:00","23.0","","17.3","","70","","","M","","M","","","100.42","","28","","","","NA"
"2018-08-03 00:00","2018","08","03","00:00","22.4","","17.9","","76","","","M","","M","","","100.41","","28","","","","NA"
"2018-08-03 01:00","2018","08","03","01:00","22.1","","18.1","","78","","","M","","M","","","100.40","","28","","","","NA"
"2018-08-03 02:00","2018","08","03","02:00","21.7","","18.1","","80","","","M","","M","","","100.39","","28","","","","NA"
"2018-08-03 03:00","2018","08","03","03:00","20.8","","17.7","","82","","","M","","M","","","100.40","","27","","","","NA"
"2018-08-03 04:00","2018","08","03","04:00","21.0","","17.9","","83","","","M","","M","","","100.37","","27","","","","NA"
"2018-08-03 05:00","2018","08","03","05:00","20.9","","17.7","","82","","","M","","M","","","100.42","","27","","","","NA"
"2018-08-03 06:00","2018","08","03","06:00","21.5","","18.6","","84","","","M","","M","","","100.48","","28","","","","NA"
"2018-08-03 07:00","2018","08","03","07:00","22.5","","18.9","","81","","","M","","M","","","100.50","","29","","","","NA"
"2018-08-03 08:00","2018","08","03","08:00","23.8","","18.2","","71","","","M","","M","","","100.53","","30","","","","NA"
"2018-08-03 09:00","2018","08","03","09:00","24.8","","15.7","","57","","","M","","M","","","100.53","","29","","","","NA"
"2018-08-03 10:00","2018","08","03","10:00","25.9","","17.8","","61","","","M","","M","","","100.53","","32","","","","NA"
"2018-08-03 11:00","2018","08","03","11:00","26.5","","17.2","","57","","","M","","M","","","100.54","","32","","","","NA"
"2018-08-03 12:00","2018","08","03","12:00","26.5","","17.8","","59","","","M","","M","","","100.54","","32","","","","NA"
"2018-08-03 13:00","2018","08","03","13:00","28.1","","18.3","","56","","","M","","M","","","100.50","","34","","","","NA"
"2018-08-03 14:00","2018","08","03","14:00","27.2","","18.0","","57","","","M","","M","","","100.45","","33","","","","NA"
"2018-08-03 15:00","2018","08","03","15:00","26.4","","18.3","","61","","","M","","M","","","100.40","","33","","","","NA"
"2018-08-03 16:00","2018","08","03","16:00","26.1","","18.7","","64","","","M","","M","","","100.38","","33","","","","NA"
"2018-08-03 17:00","2018","08","03","17:00","25.0","","17.6","","64","","","M","","M","","","100.38","","31","","","","NA"
"2018-08-03 18:00","2018","08","03","18:00","24.5","","19.0","","71","","","M","","M","","","100.39","","31","","","","NA"
"2018-08-03 19:00","2018","08","03","19:00","24.0","","19.0","","74","","","M","","M","","","100.41","","31","","","","NA"
"2018-08-03 20:00","2018","08","03","20:00","23.6","","19.2","","76","","","M","","M","","","100.42","","31","","","","NA"
"2018-08-03 21:00","2018","08","03","21:00","23.6","","19.1","","76","","","M","","M","","","100.40","","30","","","","NA"
"2018-08-03 22:00","2018","08","03","22:00","23.2","","18.0","","73","","","M","","M","","","100.44","","29","","","","NA"
"2018-08-03 23:00","2018","08","03","23:00","23.0","","18.6","","77","","","M","","M","","","100.46","","29","","","","NA"
"2018-08-04 00:00","2018","08","04","00:00","22.7","","18.9","","79","","","M","","M","","","100.46","","29","","","","NA"
"2018-08-04 01:00","2018","08","04","01:00","21.9","","19.1","","84","","","M","","M","","","100.39","","29","","","","NA"
"2018-08-04 02:00","2018","08","04","02:00","21.3","","18.8","","86","","","M","","M","","","100.42","","28","","","","NA"
"2018-08-04 03:00","2018","08","04","03:00","21.1","","19.0","","88","","","M","","M","","","100.42","","28","","","","NA"
"2018-08-04 04:00","2018","08","04","04:00","20.7","","18.7","","89","","","M","","M","","","100.41","","27","","","","NA"
"2018-08-04 05:00","2018","08","04","05:00","20.6","","18.8","","89","","","M","","M","","","100.44","","27","","","","NA"
"2018-08-04 06:00","2018","08","04","06:00","21.0","","19.1","","89","","","M","","M","","","100.48","","28","","","","NA"
"2018-08-04 07:00","2018","08","04","07:00","22.6","","19.8","","84","","","M","","M","","","100.56","","30","","","","NA"
"2018-08-04 08:00","2018","08","04","08:00","23.7","","19.8","","79","","","M","","M","","","100.57","","31","","","","NA"
"2018-08-04 09:00","2018","08","04","09:00","24.6","","18.9","","71","","","M","","M","","","100.58","","31","","","","NA"
"2018-08-04 10:00","2018","08","04","10:00","26.5","","19.1","","64","","","M","","M","","","100.58","","33","","","","NA"
"2018-08-04 11:00","2018","08","04","11:00","26.3","","18.7","","63","","","M","","M","","","100.58","","33","","","","NA"
"2018-08-04 12:00","2018","08","04","12:00","27.1","","18.3","","59","","","M","","M","","","100.55","","33","","","","NA"
"2018-08-04 13:00","2018","08","04","13:00","28.3","","19.5","","59","","","M","","M","","","100.52","","35","","","","NA"
"2018-08-04 14:00","2018","08","04","14:00","28.2","","17.8","","53","","","M","","M","","","100.50","","34","","","","NA"
"2018-08-04 15:00","2018","08","04","15:00","29.1","","16.0","","45","","","M","","M","","","100.48","","34","","","","NA"
"2018-08-04 16:00","2018","08","04","16:00","29.5","","15.3","","42","","","M","","M","","","100.47","","34","","","","NA"
"2018-08-04 17:00","2018","08","04","17:00","29.2","","15.5","","43","","","M","","M","","","100.47","","33","","","","NA"
"2018-08-04 18:00","2018","08","04","18:00","28.2","","17.0","","50","","","M","","M","","","100.47","","33","","","","NA"
"2018-08-04 19:00","2018","08","04","19:00","27.0","","17.8","","57","","","M","","M","","","100.48","","33","","","","NA"
"2018-08-04 20:00","2018","08","04","20:00","26.5","","17.4","","58","","","M","","M","","","100.51","","32","","","","NA"
"2018-08-04 21:00","2018","08","04","21:00","25.4","","18.6","","66","","","M","","M","","","100.55","","32","","","","NA"
"2018-08-04 22:00","2018","08","04","22:00","24.1","","19.1","","74","","","M","","M","","","100.58","","31","","","","NA"
"2018-08-04 23:00","2018","08","04","23:00","23.9","","18.8","","73","","","M","","M","","","100.55","","31","","","","NA"
"2018-08-05 00:00","2018","08","05","00:00","23.9","","16.6","","63","","","M","","M","","","100.56","","29","","","","NA"
"2018-08-05 01:00","2018","08","05","01:00","22.4","","16.8","","71","","","M","","M","","","100.57","","28","","","","NA"
"2018-08-05 02:00","2018","08","05","02:00","23.0","","17.6","","72","","","M","","M","","","100.57","","29","","","","NA"
"2018-08-05 03:00","2018","08","05","03:00","22.1","","17.6","","76","","","M","","M","","","100.57","","28","","","","NA"
"2018-08-05 04:00","2018","08","05","04:00","21.8","","18.0","","79","","","M","","M","","","100.57","","28","","","","NA"
"2018-08-05 05:00","2018","08","05","05:00","21.2","","16.5","","74","","","M","","M","","","100.61","","26","","","","NA"
"2018-08-05 06:00","2018","08","05","06:00","21.2","","16.2","","73","","","M","","M","","","100.65","","26","","","","NA"
"2018-08-05 07:00","2018","08","05","07:00","22.6","","16.2","","67","","","M","","M","","","100.67","","27","","","","NA"
"2018-08-05 08:00","2018","08","05","08:00","24.4","","16.1","","60","","","M","","M","","","100.69","","29","","","","NA"
"2018-08-05 09:00","2018","08","05","09:00","25.7","","16.6","","57","","","M","","M","","","100.65","","31","","","","NA"
"2018-08-05 10:00","2018","08","05","10:00","27.4","","16.9","","53","","","M","","M","","","100.64","","33","","","","NA"
"2018-08-05 11:00","2018","08","05","11:00","28.0","","18.2","","55","","","M","","M","","","100.63","","34","","","","NA"
"2018-08-05 12:00","2018","08","05","12:00","28.9","","18.4","","53","","","M","","M","","","100.60","","35","","","","NA"
"2018-08-05 13:00","2018","08","05","13:00","30.5","","19.9","","53","","","M","","M","","","100.58","","38","","","","NA"
"2018-08-05 14:00","2018","08","05","14:00","31.1","","19.9","","51","","","M","","M","","","100.49","","39","","","","NA"
"2018-08-05 15:00","2018","08","05","15:00","32.0","","18.1","","44","","","M","","M","","","100.43","","38","","","","NA"
"2018-08-05 16:00","2018","08","05","16:00","31.5","","17.8","","44","","","M","","M","","","100.41","","37","","","","NA"
"2018-08-05 17:00","2018","08","05","17:00","31.3","","17.9","","45","","","M","","M","","","100.36","","37","","","","NA"
"2018-08-05 18:00","2018","08","05","18:00","30.0","","19.0","","52","","","M","","M","","","100.33","","37","","","","NA"
"2018-08-05 19:00","2018","08","05","19:00","29.1","","17.9","","51","","","M","","M","","","100.31","","35","","","","NA"
"2018-08-05 20:00","2018","08","05","20:00","28.4","","17.8","","53","","","M","","M","","","100.35","","34","","","","NA"
"2018-08-05 21:00","2018","08","05","21:00","26.7","","19.2","","64","","","M","","M","","","100.43","","34","","","","NA"
"2018-08-05 22:00","2018","08","05","22:00","26.0","","19.7","","68","","","M","","M","","","100.42","","33","","","","NA"
"2018-08-05 23:00","2018","08","05","23:00","25.5","","19.9","","71","","","M","","M","","","100.43","","33","","","","NA"
"2018-08-06 00:00","2018","08","06","00:00","25.3","","19.8","","71","","","M","","M","","","100.42","","33","","","","NA"
"2018-08-06 01:00","2018","08","06","01:00","24.9","","19.5","","72","","","M","","M","","","100.37","","32","","","","NA"
"2018-08-06 02:00","2018","08","06","02:00","24.9","","19.2","","71","","","M","","M","","","100.31","","32","","","","NA"
"2018-08-06 03:00","2018","08","06","03:00","25.0","","18.8","","68","","","M","","M","","","100.27","","32","","","","NA"
"2018-08-06 04:00","2018","08","06","04:00","23.8","","19.1","","75","","","M","","M","","","100.25","","31","","","","NA"
"2018-08-06 05:00","2018","08","06","05:00","24.2","","19.3","","74","","","M","","M","","","100.29","","31","","","","NA"
"2018-08-06 06:00","2018","08","06","06:00","24.2","","19.4","","75","","","M","","M","","","100.31","","31","","","","NA"
"2018-08-06 07:00","2018","08","06","07:00","25.2","","19.9","","72","","","M","","M","","","100.35","","33","","","","NA"
"2018-08-06 08:00","2018","08","06","08:00","26.7","","19.7","","66","","","M","","M","","","100.33","","34","","","","NA"
"2018-08-06 09:00","2018","08","06","09:00","27.5","","20.1","","64","","","M","","M","","","100.33","","35","","","","NA"
"2018-08-06 10:00","2018","08","06","10:00","29.5","","19.3","","54","","","M","","M","","","100.30","","37","","","","NA"
"2018-08-06 11:00","2018","08","06","11:00","29.9","","19.7","","54","","","M","","M","","","100.29","","37","","","","NA"
"2018-08-06 12:00","2018","08","06","12:00","31.7","","18.7","","46","","","M","","M","","","100.27","","38","","","","NA"
"2018-08-06 13:00","2018","08","06","13:00","30.9","","18.9","","49","","","M","","M","","","100.19","","38","","","","NA"
"2018-08-06 14:00","2018","08","06","14:00","25.6","","20.3","","72","","","M","","M","","","100.28","","33","","","","NA"
"2018-08-06 15:00","2018","08","06","15:00","21.7","","19.5","","87","","","M","","M","","","100.32","","29","","","","NA"
"2018-08-06 16:00","2018","08","06","16:00","24.1","","21.6","","86","","","M","","M","","","100.21","","33","","","","NA"
"2018-08-06 17:00","2018","08","06","17:00","24.7","","20.3","","76","","","M","","M","","","100.20","","33","","","","NA"
"2018-08-06 18:00","2018","08","06","18:00","23.6","","19.9","","80","","","M","","M","","","100.21","","31","","","","NA"
"2018-08-06 19:00","2018","08","06","19:00","23.6","","19.8","","80","","","M","","M","","","100.13","","31","","","","NA"
"2018-08-06 20:00","2018","08","06","20:00","24.0","","20.4","","80","","","M","","M","","","100.12","","32","","","","NA"
"2018-08-06 21:00","2018","08","06","21:00","24.1","","19.8","","77","","","M","","M","","","100.12","","32","","","","NA"
"2018-08-06 22:00","2018","08","06","22:00","23.6","","19.6","","78","","","M","","M","","","100.06","","31","","","","NA"
"2018-08-06 23:00","2018","08","06","23:00","24.8","","19.2","","71","","","M","","M","","","100.10","","32","","","","NA"
"2018-08-07 00:00","2018","08","07","00:00","22.3","","19.6","","85","","","M","","M","","","100.06","","30","","","","NA"
"2018-08-07 01:00","2018","08","07","01:00","21.9","","19.7","","87","","","M","","M","","","100.02","","29","","","","NA"
"2018-08-07 02:00","2018","08","07","02:00","22.0","","19.9","","88","","","M","","M","","","99.95","","29","","","","NA"
"2018-08-07 03:00","2018","08","07","03:00","22.1","","20.1","","88","","","M","","M","","","99.97","","30","","","","NA"
"2018-08-07 04:00","2018","08","07","04:00","21.9","","19.8","","88","","","M","","M","","","100.02","","29","","","","NA"
"2018-08-07 05:00","2018","08","07","05:00","21.7","","19.8","","89","","","M","","M","","","100.02","","29","","","","NA"
"2018-08-07 06:00","2018","08","07","06:00","21.7","","19.4","","87","","","M","","M","","","100.04","","29","","","","NA"
"2018-08-07 07:00","2018","08","07","07:00","22.3","","19.4","","84","","","M","","M","","","100.06","","29","","","","NA"
"2018-08-07 08:00","2018","08","07","08:00","23.2","","19.1","","78","","","M","","M","","","100.05","","30","","","","NA"
"2018-08-07 09:00","2018","08","07","09:00","23.7","","17.8","","70","","","M","","M","","","100.08","","30","","","","NA"
"2018-08-07 10:00","2018","08","07","10:00","25.2","","19.0","","68","","","M","","M","","","100.10","","32","","","","NA"
"2018-08-07 11:00","2018","08","07","11:00","25.9","","18.2","","63","","","M","","M","","","100.11","","32","","","","NA"
"2018-08-07 12:00","2018","08","07","12:00","26.5","","17.4","","57","","","M","","M","","","100.12","","32","","","","NA"
"2018-08-07 13:00","2018","08","07","13:00","26.7","","16.8","","55","","","M","","M","","","100.07","","32","","","","NA"
"2018-08-07 14:00","2018","08","07","14:00","27.0","","17.6","","56","","","M","","M","","","100.02","","33","","","","NA"
"2018-08-07 15:00","2018","08","07","15:00","27.8","","17.9","","55","","","M","","M","","","99.96","","34","","","","NA"
"2018-08-07 16:00","2018","08","07","16:00","27.0","","17.4","","56","","","M","","M","","","99.91","","33","","","","NA"
"2018-08-07 17:00","2018","08","07","17:00","27.1","","17.5","","56","","","M","","M","","","99.89","","33","","","","NA"
"2018-08-07 18:00","2018","08","07","18:00","26.0","","18.8","","65","","","M","","M","","","99.88","","33","","","","NA"
"2018-08-07 19:00","2018","08","07","19:00","25.7","","19.0","","67","","","M","","M","","","99.92","","32","","","","NA"
"2018-08-07 20:00","2018","08","07","20:00","25.5","","19.1","","68","","","M","","M","","","99.97","","32","","","","NA"
"2018-08-07 21:00","2018","08","07","21:00","22.0","","19.8","","88","","","M","","M","","","100.07","","29","","","","NA"
"2018-08-07 22:00","2018","08","07","22:00","20.2","","18.3","","89","","","M","","M","","","100.01","","26","","","","NA"
"2018-08-07 23:00","2018","08","07","23:00","21.3","","19.2","","88","","","M","","M","","","99.89","","28","","","","NA"
"2018-08-08 00:00","2018","08","08","00:00","21.1","","19.3","","89","","","M","","M","","","99.92","","28","","","","NA"
"2018-08-08 01:00","2018","08","08","01:00","21.7","","20.0","","90","","","M","","M","","","99.92","","29","","","","NA"
"2018-08-08 02:00","2018","08","08","02:00","21.8","","20.0","","89","","","M","","M","","","99.88","","29","","","","NA"
"2018-08-08 03:00","2018","08","08","03:00","22.3","","20.6","","90","","","M","","M","","","99.84","","30","","","","NA"
"2018-08-08 04:00","2018","08","08","04:00","22.2","","20.4","","90","","","M","","M","","","99.78","","30","","","","NA"
"2018-08-08 05:00","2018","08","08","05:00","22.6","","20.9","","90","","","M","","M","","","99.80","","31","","","","NA"
"2018-08-08 06:00","2018","08","08","06:00","22.8","","21.0","","90","","","M","","M","","","99.83","","31","","","","NA"
"2018-08-08 07:00","2018","08","08","07:00","22.6","","20.9","","90","","","M","","M","","","99.82","","31","","","","NA"
"2018-08-08 08:00","2018","08","08","08:00","22.9","","21.1","","90","","","M","","M","","","99.81","","31","","","","NA"
"2018-08-08 09:00","2018","08","08","09:00","21.3","","19.6","","90","","","M","","M","","","99.78","","29","","","","NA"
"2018-08-08 10:00","2018","08","08","10:00","22.1","","20.0","","88","","","M","","M","","","99.76","","30","","","","NA"
"2018-08-08 11:00","2018","08","08","11:00","24.3","","20.3","","79","","","M","","M","","","99.70","","32","","","","NA"
"2018-08-08 12:00","2018","08","08","12:00","24.1","","20.1","","79","","","M","","M","","","99.72","","32","","","","NA"
"2018-08-08 13:00","2018","08","08","13:00","25.7","","19.0","","66","","","M","","M","","","99.65","","32","","","","NA"
"2018-08-08 14:00","2018","08","08","14:00","25.2","","18.9","","68","","","M","","M","","","99.64","","32","","","","NA"
"2018-08-08 15:00","2018","08","08","15:00","24.5","","20.2","","77","","","M","","M","","","99.57","","32","","","","NA"
"2018-08-08 16:00","2018","08","08","16:00","24.6","","20.2","","77","","","M","","M","","","99.53","","32","","","","NA"
"2018-08-08 17:00","2018","08","08","17:00","25.2","","19.3","","70","","","M","","M","","","99.51","","32","","","","NA"
"2018-08-08 18:00","2018","08","08","18:00","25.2","","19.4","","70","","","M","","M","","","99.51","","32","","","","NA"
"2018-08-08 19:00","2018","08","08","19:00","24.0","","20.6","","81","","","M","","M","","","99.55","","32","","","","NA"
"2018-08-08 20:00","2018","08","08","20:00","23.6","","17.9","","70","","","M","","M","","","99.59","","30","","","","NA"
"2018-08-08 21:00","2018","08","08","21:00","23.1","","17.4","","71","","","M","","M","","","99.67","","29","","","","NA"
"2018-08-08 22:00","2018","08","08","22:00","22.7","","16.7","","69","","","M","","M","","","99.68","","28","","","","NA"
"2018-08-08 23:00","2018","08","08","23:00","22.2","","16.9","","72","","","M","","M","","","99.69","","27","","","","NA"
"2018-08-09 00:00","2018","08","09","00:00","21.5","","17.3","","77","","","M","","M","","","99.70","","27","","","","NA"
"2018-08-09 01:00","2018","08","09","01:00","20.0","","17.4","","85","","","M","","M","","","99.70","","26","","","","NA"
"2018-08-09 02:00","2018","08","09","02:00","19.4","","15.5","","78","","","M","","M","","","99.72","","","","","","NA"
"2018-08-09 03:00","2018","08","09","03:00","18.6","","14.3","","76","","","M","","M","","","99.70","","","","","","NA"
"2018-08-09 04:00","2018","08","09","04:00","17.9","","14.3","","80","","","M","","M","","","99.67","","","","","","NA"
"2018-08-09 05:00","2018","08","09","05:00","17.8","","14.1","","79","","","M","","M","","","99.71","","","","","","NA"
"2018-08-09 06:00","2018","08","09","06:00","18.2","","13.8","","76","","","M","","M","","","99.76","","","","","","NA"
"2018-08-09 07:00","2018","08","09","07:00","19.3","","13.8","","71","","","M","","M","","","99.81","","","","","","NA"
"2018-08-09 08:00","2018","08","09","08:00","21.6","","13.3","","59","","","M","","M","","","99.82","","25","","","","NA"
"2018-08-09 09:00","2018","08","09","09:00","22.9","","14.4","","59","","","M","","M","","","99.82","","27","","","","NA"
"2018-08-09 10:00","2018","08","09","10:00","24.6","","15.2","","56","","","M","","M","","","99.83","","29","","","","NA"
"2018-08-09 11:00","2018","08","09","11:00","25.9","","17.5","","60","","","M","","M","","","99.82","","32","","","","NA"
"2018-08-09 12:00","2018","08","09","12:00","26.9","","18.7","","61","","","M","","M","","","99.77","","33","","","","NA"
"2018-08-09 13:00","2018","08","09","13:00","27.7","","18.7","","58","","","M","","M","","","99.73","","34","","","","NA"
"2018-08-09 14:00","2018","08","09","14:00","28.6","","17.2","","50","","","M","","M","","","99.69","","34","","","","NA"
"2018-08-09 15:00","2018","08","09","15:00","29.2","","13.3","","38","","","M","","M","","","99.67","","32","","","","NA"
"2018-08-09 16:00","2018","08","09","16:00","28.6","","15.7","","46","","","M","","M","","","99.64","","33","","","","NA"
"2018-08-09 17:00","2018","08","09","17:00","28.1","","15.9","","48","","","M","","M","","","99.63","","33","","","","NA"
"2018-08-09 18:00","2018","08","09","18:00","28.0","","15.5","","47","","","M","","M","","","99.65","","32","","","","NA"
"2018-08-09 19:00","2018","08","09","19:00","26.2","","16.2","","54","","","M","","M","","","99.69","","31","","","","NA"
"2018-08-09 20:00","2018","08","09","20:00","25.1","","16.9","","60","","","M","","M","","","99.72","","30","","","","NA"
"2018-08-09 21:00","2018","08","09","21:00","23.3","","18.0","","72","","","M","","M","","","99.82","","29","","","","NA"
"2018-08-09 22:00","2018","08","09","22:00","22.1","","19.2","","84","","","M","","M","","","99.84","","29","","","","NA"
"2018-08-09 23:00","2018","08","09","23:00","22.4","","18.5","","78","","","M","","M","","","99.86","","29","","","","NA"
"2018-08-10 00:00","2018","08","10","00:00","22.4","","18.4","","78","","","M","","M","","","99.88","","29","","","","NA"
"2018-08-10 01:00","2018","08","10","01:00","21.5","","17.7","","79","","","M","","M","","","99.90","","27","","","","NA"
"2018-08-10 02:00","2018","08","10","02:00","20.9","","14.4","","66","","","M","","M","","","99.93","","25","","","","NA"
"2018-08-10 03:00","2018","08","10","03:00","20.1","","13.8","","67","","","M","","M","","","99.98","","","","","","NA"
"2018-08-10 04:00","2018","08","10","04:00","19.2","","13.8","","71","","","M","","M","","","100.04","","","","","","NA"
"2018-08-10 05:00","2018","08","10","05:00","18.7","","13.1","","70","","","M","","M","","","100.06","","","","","","NA"
"2018-08-10 06:00","2018","08","10","06:00","18.3","","12.9","","71","","","M","","M","","","100.11","","","","","","NA"
"2018-08-10 07:00","2018","08","10","07:00","19.5","","13.0","","66","","","M","","M","","","100.18","","","","","","NA"
"2018-08-10 08:00","2018","08","10","08:00","21.1","","12.4","","57","","","M","","M","","","100.20","","","","","","NA"
"2018-08-10 09:00","2018","08","10","09:00","22.6","","12.0","","51","","","M","","M","","","100.20","","25","","","","NA"
"2018-08-10 10:00","2018","08","10","10:00","23.7","","9.6","","41","","","M","","M","","","100.22","","25","","","","NA"
"2018-08-10 11:00","2018","08","10","11:00","24.1","","9.7","","40","","","M","","M","","","100.22","","25","","","","NA"
"2018-08-10 12:00","2018","08","10","12:00","24.1","","9.5","","40","","","M","","M","","","100.23","","25","","","","NA"
"2018-08-10 13:00","2018","08","10","13:00","24.0","","10.0","","41","","","M","","M","","","100.21","","25","","","","NA"
"2018-08-10 14:00","2018","08","10","14:00","24.4","","9.8","","40","","","M","","M","","","100.17","","26","","","","NA"
"2018-08-10 15:00","2018","08","10","15:00","24.6","","10.5","","41","","","M","","M","","","100.11","","26","","","","NA"
"2018-08-10 16:00","2018","08","10","16:00","24.4","","10.7","","42","","","M","","M","","","100.08","","26","","","","NA"
"2018-08-10 17:00","2018","08","10","17:00","23.6","","10.7","","44","","","M","","M","","","100.04","","25","","","","NA"
"2018-08-10 18:00","2018","08","10","18:00","23.2","","11.2","","47","","","M","","M","","","100.05","","25","","","","NA"
"2018-08-10 19:00","2018","08","10","19:00","22.9","","10.9","","46","","","M","","M","","","100.03","","25","","","","NA"
"2018-08-10 20:00","2018","08","10","20:00","22.2","","11.3","","50","","","M","","M","","","100.07","","","","","","NA"
"2018-08-10 21:00","2018","08","10","21:00","21.8","","11.3","","51","","","M","","M","","","100.09","","","","","","NA"
"2018-08-10 22:00","2018","08","10","22:00","20.4","","12.1","","59","","","M","","M","","","100.09","","","","","","NA"
"2018-08-10 23:00","2018","08","10","23:00","20.0","","12.7","","63","","","M","","M","","","100.11","","","","","","NA"
"2018-08-11 00:00","2018","08","11","00:00","19.3","","12.9","","66","","","M","","M","","","100.12","","","","","","NA"
"2018-08-11 01:00","2018","08","11","01:00","18.6","","13.5","","72","","","M","","M","","","100.11","","","","","","NA"
"2018-08-11 02:00","2018","08","11","02:00","19.0","","13.5","","71","","","M","","M","","","100.08","","","","","","NA"
"2018-08-11 03:00","2018","08","11","03:00","17.9","","13.8","","77","","","M","","M","","","100.06","","","","","","NA"
"2018-08-11 04:00","2018","08","11","04:00","17.7","","12.9","","74","","","M","","M","","","100.04","","","","","","NA"
"2018-08-11 05:00","2018","08","11","05:00","17.4","","12.7","","74","","","M","","M","","","100.05","","","","","","NA"
"2018-08-11 06:00","2018","08","11","06:00","17.4","","13.4","","77","","","M","","M","","","100.09","","","","","","NA"
"2018-08-11 07:00","2018","08","11","07:00","20.4","","13.1","","63","","","M","","M","","","100.11","","","","","","NA"
"2018-08-11 08:00","2018","08","11","08:00","22.5","","11.7","","50","","","M","","M","","","100.15","","25","","","","NA"
"2018-08-11 09:00","2018","08","11","09:00","24.1","","10.9","","43","","","M","","M","","","100.16","","26","","","","NA"
"2018-08-11 10:00","2018","08","11","10:00","25.4","","10.3","","39","","","M","","M","","","100.23","","27","","","","NA"
"2018-08-11 11:00","2018","08","11","11:00","25.6","","10.6","","39","","","M","","M","","","100.25","","27","","","","NA"
"2018-08-11 12:00","2018","08","11","12:00","26.3","","12.1","","41","","","M","","M","","","100.25","","29","","","","NA"
"2018-08-11 13:00","2018","08","11","13:00","26.3","","10.8","","38","","","M","","M","","","100.22","","28","","","","NA"
"2018-08-11 14:00","2018","08","11","14:00","26.1","","8.5","","33","","","M","","M","","","100.20","","27","","","","NA"
"2018-08-11 15:00","2018","08","11","15:00","26.1","","7.1","","30","","","M","","M","","","100.16","","26","","","","NA"
"2018-08-11 16:00","2018","08","11","16:00","25.9","","9.6","","36","","","M","","M","","","100.13","","27","","","","NA"
"2018-08-11 17:00","2018","08","11","17:00","25.4","","8.2","","34","","","M","","M","","","100.14","","26","","","","NA"
"2018-08-11 18:00","2018","08","11","18:00","25.0","","7.3","","32","","","M","","M","","","100.13","","25","","","","NA"
"2018-08-11 19:00","2018","08","11","19:00","24.3","","8.7","","37","","","M","","M","","","100.20","","25","","","","NA"
"2018-08-11 20:00","2018","08","11","20:00","23.6","","10.6","","44","","","M","","M","","","100.24","","25","","","","NA"
"2018-08-11 21:00","2018","08","11","21:00","22.5","","12.1","","52","","","M","","M","","","100.29","","25","","","","NA"
"2018-08-11 22:00","2018","08","11","22:00","22.8","","13.4","","55","","","M","","M","","","100.30","","26","","","","NA"
"2018-08-11 23:00","2018","08","11","23:00","22.5","","13.4","","56","","","M","","M","","","100.30","","26","","","","NA"
"2018-08-12 00:00","2018","08","12","00:00","22.2","","13.6","","58","","","M","","M","","","100.35","","25","","","","NA"
"2018-08-12 01:00","2018","08","12","01:00","21.8","","14.1","","61","","","M","","M","","","100.33","","25","","","","NA"
"2018-08-12 02:00","2018","08","12","02:00","22.0","","13.7","","59","","","M","","M","","","100.36","","25","","","","NA"
"2018-08-12 03:00","2018","08","12","03:00","21.5","","13.6","","61","","","M","","M","","","100.37","","25","","","","NA"
"2018-08-12 04:00","2018","08","12","04:00","21.0","","13.2","","61","","","M","","M","","","100.39","","","","","","NA"
"2018-08-12 05:00","2018","08","12","05:00","20.6","","13.8","","65","","","M","","M","","","100.46","","","","","","NA"
"2018-08-12 06:00","2018","08","12","06:00","21.5","","12.8","","58","","","M","","M","","","100.50","","","","","","NA"
"2018-08-12 07:00","2018","08","12","07:00","21.7","","12.9","","57","","","M","","M","","","100.56","","","","","","NA"
"2018-08-12 08:00","2018","08","12","08:00","22.8","","14.7","","60","","","M","","M","","","100.59","","27","","","","NA"
"2018-08-12 09:00","2018","08","12","09:00","24.4","","14.8","","55","","","M","","M","","","100.61","","28","","","","NA"
"2018-08-12 10:00","2018","08","12","10:00","26.1","","14.8","","50","","","M","","M","","","100.65","","30","","","","NA"
"2018-08-12 11:00","2018","08","12","11:00","26.8","","15.4","","50","","","M","","M","","","100.65","","31","","","","NA"
"2018-08-12 12:00","2018","08","12","12:00","27.0","","14.0","","45","","","M","","M","","","100.63","","30","","","","NA"
"2018-08-12 13:00","2018","08","12","13:00","27.0","","12.7","","41","","","M","","M","","","100.63","","30","","","","NA"
"2018-08-12 14:00","2018","08","12","14:00","27.0","","12.0","","39","","","M","","M","","","100.58","","29","","","","NA"
"2018-08-12 15:00","2018","08","12","15:00","27.0","","12.9","","42","","","M","","M","","","100.55","","30","","","","NA"
"2018-08-12 16:00","2018","08","12","16:00","26.0","","12.2","","42","","","M","","M","","","100.53","","28","","","","NA"
"2018-08-12 17:00","2018","08","12","17:00","25.8","","12.8","","45","","","M","","M","","","100.53","","28","","","","NA"
"2018-08-12 18:00","2018","08","12","18:00","25.4","","11.9","","43","","","M","","M","","","100.51","","28","","","","NA"
"2018-08-12 19:00","2018","08","12","19:00","25.4","","11.0","","40","","","M","","M","","","100.52","","27","","","","NA"
"2018-08-12 20:00","2018","08","12","20:00","23.9","","12.4","","49","","","M","","M","","","100.55","","26","","","","NA"
"2018-08-12 21:00","2018","08","12","21:00","23.8","","11.7","","47","","","M","","M","","","100.59","","26","","","","NA"
"2018-08-12 22:00","2018","08","12","22:00","22.6","","12.6","","53","","","M","","M","","","100.59","","25","","","","NA"
"2018-08-12 23:00","2018","08","12","23:00","21.9","","13.1","","57","","","M","","M","","","100.60","","25","","","","NA"
"2018-08-13 00:00","2018","08","13","00:00","23.3","","13.3","","53","","","M","","M","","","100.63","","26","","","","NA"
"2018-08-13 01:00","2018","08","13","01:00","22.7","","14.1","","58","","","M","","M","","","100.59","","26","","","","NA"
"2018-08-13 02:00","2018","08","13","02:00","21.5","","14.2","","63","","","M","","M","","","100.54","","25","","","","NA"
"2018-08-13 03:00","2018","08","13","03:00","21.3","","14.5","","65","","","M","","M","","","100.51","","25","","","","NA"
"2018-08-13 04:00","2018","08","13","04:00","21.5","","15.8","","70","","","M","","M","","","100.48","","26","","","","NA"
"2018-08-13 05:00","2018","08","13","05:00","21.8","","16.5","","72","","","M","","M","","","100.49","","27","","","","NA"
"2018-08-13 06:00","2018","08","13","06:00","21.6","","15.7","","69","","","M","","M","","","100.53","","26","","","","NA"
"2018-08-13 07:00","2018","08","13","07:00","22.6","","15.3","","63","","","M","","M","","","100.56","","27","","","","NA"
"2018-08-13 08:00","2018","08","13","08:00","23.9","","14.9","","57","","","M","","M","","","100.54","","28","","","","NA"
"2018-08-13 09:00","2018","08","13","09:00","25.8","","13.7","","47","","","M","","M","","","100.56","","29","","","","NA"
"2018-08-13 10:00","2018","08","13","10:00","25.8","","13.3","","46","","","M","","M","","","100.58","","29","","","","NA"
"2018-08-13 11:00","2018","08","13","11:00","26.1","","13.7","","46","","","M","","M","","","100.51","","29","","","","NA"
"2018-08-13 12:00","2018","08","13","12:00","26.7","","13.6","","44","","","M","","M","","","100.43","","30","","","","NA"
"2018-08-13 13:00","2018","08","13","13:00","27.4","","13.7","","43","","","M","","M","","","100.40","","31","","","","NA"
"2018-08-13 14:00","2018","08","13","14:00","26.5","","14.8","","49","","","M","","M","","","100.33","","30","","","","NA"
"2018-08-13 15:00","2018","08","13","15:00","25.4","","15.3","","54","","","M","","M","","","100.29","","30","","","","NA"
"2018-08-13 16:00","2018","08","13","16:00","25.4","","17.1","","60","","","M","","M","","","100.24","","31","","","","NA"
"2018-08-13 17:00","2018","08","13","17:00","24.9","","17.7","","64","","","M","","M","","","100.20","","31","","","","NA"
"2018-08-13 18:00","2018","08","13","18:00","24.3","","17.9","","67","","","M","","M","","","100.18","","30","","","","NA"
"2018-08-13 19:00","2018","08","13","19:00","24.2","","17.4","","66","","","M","","M","","","100.16","","30","","","","NA"
"2018-08-13 20:00","2018","08","13","20:00","24.1","","17.1","","65","","","M","","M","","","100.14","","29","","","","NA"
"2018-08-13 21:00","2018","08","13","21:00","23.8","","17.9","","70","","","M","","M","","","100.15","","30","","","","NA"
"2018-08-13 22:00","2018","08","13","22:00","23.6","","17.8","","70","","","M","","M","","","100.12","","29","","","","NA"
"2018-08-13 23:00","2018","08","13","23:00","23.9","","16.7","","64","","","M","","M","","","100.10","","29","","","","NA"
"2018-08-14 00:00","2018","08","14","00:00","24.1","","15.9","","60","","","M","","M","","","100.08","","29","","","","NA"
"2018-08-14 01:00","2018","08","14","01:00","22.9","","15.8","","64","","","M","","M","","","100.07","","27","","","","NA"
"2018-08-14 02:00","2018","08","14","02:00","23.1","","15.3","","61","","","M","","M","","","100.02","","27","","","","NA"
"2018-08-14 03:00","2018","08","14","03:00","22.9","","15.5","","63","","","M","","M","","","99.96","","27","","","","NA"
"2018-08-14 04:00","2018","08","14","04:00","23.2","","15.1","","61","","","M","","M","","","99.93","","27","","","","NA"
"2018-08-14 05:00","2018","08","14","05:00","22.6","","15.2","","63","","","M","","M","","","99.95","","27","","","","NA"
"2018-08-14 06:00","2018","08","14","06:00","22.7","","15.6","","64","","","M","","M","","","99.96","","27","","","","NA"
"2018-08-14 07:00","2018","08","14","07:00","23.0","","15.8","","64","","","M","","M","","","99.94","","27","","","","NA"
"2018-08-14 08:00","2018","08","14","08:00","24.1","","16.4","","62","","","M","","M","","","99.94","","29","","","","NA"
"2018-08-14 09:00","2018","08","14","09:00","24.9","","15.7","","57","","","M","","M","","","99.95","","29","","","","NA"
"2018-08-14 10:00","2018","08","14","10:00","25.9","","14.9","","51","","","M","","M","","","99.93","","30","","","","NA"
"2018-08-14 11:00","2018","08","14","11:00","26.3","","14.7","","49","","","M","","M","","","99.92","","30","","","","NA"
"2018-08-14 12:00","2018","08","14","12:00","28.5","","13.3","","39","","","M","","M","","","99.89","","31","","","","NA"
"2018-08-14 13:00","2018","08","14","13:00","30.4","","15.9","","42","","","M","","M","","","99.85","","35","","","","NA"
"2018-08-14 14:00","2018","08","14","14:00","29.5","","16.3","","45","","","M","","M","","","99.79","","34","","","","NA"
"2018-08-14 15:00","2018","08","14","15:00","29.0","","13.9","","40","","","M","","M","","","99.75","","32","","","","NA"
"2018-08-14 16:00","2018","08","14","16:00","29.4","","14.2","","40","","","M","","M","","","99.71","","33","","","","NA"
"2018-08-14 17:00","2018","08","14","17:00","28.4","","14.3","","42","","","M","","M","","","99.67","","32","","","","NA"
"2018-08-14 18:00","2018","08","14","18:00","30.0","","13.7","","37","","","M","","M","","","99.70","","33","","","","NA"
"2018-08-14 19:00","2018","08","14","19:00","28.9","","14.4","","41","","","M","","M","","","99.74","","33","","","","NA"
"2018-08-14 20:00","2018","08","14","20:00","27.4","","14.8","","46","","","M","","M","","","99.74","","31","","","","NA"
"2018-08-14 21:00","2018","08","14","21:00","25.3","","15.2","","53","","","M","","M","","","99.78","","29","","","","NA"
"2018-08-14 22:00","2018","08","14","22:00","24.1","","15.3","","58","","","M","","M","","","99.83","","28","","","","NA"
"2018-08-14 23:00","2018","08","14","23:00","23.5","","14.7","","58","","","M","","M","","","99.85","","27","","","","NA"
"2018-08-15 00:00","2018","08","15","00:00","22.9","","14.9","","61","","","M","","M","","","99.86","","27","","","","NA"
"2018-08-15 01:00","2018","08","15","01:00","21.9","","15.4","","66","","","M","","M","","","99.83","","26","","","","NA"
"2018-08-15 02:00","2018","08","15","02:00","22.0","","15.6","","67","","","M","","M","","","99.83","","26","","","","NA"
"2018-08-15 03:00","2018","08","15","03:00","22.2","","15.7","","67","","","M","","M","","","99.82","","27","","","","NA"
"2018-08-15 04:00","2018","08","15","04:00","22.2","","15.9","","68","","","M","","M","","","99.83","","27","","","","NA"
"2018-08-15 05:00","2018","08","15","05:00","21.3","","15.9","","72","","","M","","M","","","99.84","","26","","","","NA"
"2018-08-15 06:00","2018","08","15","06:00","21.2","","16.6","","75","","","M","","M","","","99.87","","26","","","","NA"
"2018-08-15 07:00","2018","08","15","07:00","23.9","","17.4","","67","","","M","","M","","","99.92","","29","","","","NA"
"2018-08-15 08:00","2018","08","15","08:00","26.2","","17.3","","58","","","M","","M","","","99.96","","32","","","","NA"
"2018-08-15 09:00","2018","08","15","09:00","27.5","","17.4","","54","","","M","","M","","","99.97","","33","","","","NA"
"2018-08-15 10:00","2018","08","15","10:00","29.5","","16.1","","44","","","M","","M","","","99.99","","34","","","","NA"
"2018-08-15 11:00","2018","08","15","11:00","31.2","","16.2","","40","","","M","","M","","","99.99","","36","","","","NA"
"2018-08-15 12:00","2018","08","15","12:00","30.8","","15.3","","39","","","M","","M","","","99.98","","35","","","","NA"
"2018-08-15 13:00","2018","08","15","13:00","30.9","","15.2","","39","","","M","","M","","","100.00","","35","","","","NA"
"2018-08-15 14:00","2018","08","15","14:00","31.6","","14.1","","35","","","M","","M","","","100.00","","35","","","","NA"
"2018-08-15 15:00","2018","08","15","15:00","31.2","","14.7","","37","","","M","","M","","","99.96","","35","","","","NA"
"2018-08-15 16:00","2018","08","15","16:00","31.0","","13.2","","34","","","M","","M","","","99.94","","34","","","","NA"
"2018-08-15 17:00","2018","08","15","17:00","30.5","","14.0","","37","","","M","","M","","","99.94","","34","","","","NA"
"2018-08-15 18:00","2018","08","15","18:00","29.9","","14.5","","39","","","M","","M","","","99.95","","34","","","","NA"
"2018-08-15 19:00","2018","08","15","19:00","28.5","","15.6","","46","","","M","","M","","","100.03","","33","","","","NA"
"2018-08-15 20:00","2018","08","15","20:00","27.9","","16.2","","49","","","M","","M","","","100.10","","33","","","","NA"
"2018-08-15 21:00","2018","08","15","21:00","27.3","","16.3","","51","","","M","","M","","","100.16","","32","","","","NA"
"2018-08-15 22:00","2018","08","15","22:00","26.0","","16.3","","55","","","M","","M","","","100.16","","31","","","","NA"
"2018-08-15 23:00","2018","08","15","23:00","25.5","","17.1","","60","","","M","","M","","","100.18","","31","","","","NA"
"2018-08-16 00:00","2018","08","16","00:00","24.8","","17.5","","64","","","M","","M","","","100.21","","30","","","","NA"
"2018-08-16 01:00","2018","08","16","01:00","23.5","","17.6","","69","","","M","","M","","","100.23","","29","","","","NA"
"2018-08-16 02:00","2018","08","16","02:00","22.7","","17.6","","73","","","M","","M","","","100.23","","28","","","","NA"
"2018-08-16 03:00","2018","08","16","03:00","22.3","","17.6","","75","","","M","","M","","","100.24","","28","","","","NA"
"2018-08-16 04:00","2018","08","16","04:00","22.0","","17.8","","77","","","M","","M","","","100.26","","28","","","","NA"
"2018-08-16 05:00","2018","08","16","05:00","21.6","","17.8","","79","","","M","","M","","","100.29","","27","","","","NA"
"2018-08-16 06:00","2018","08","16","06:00","22.0","","17.9","","78","","","M","","M","","","100.33","","28","","","","NA"
"2018-08-16 07:00","2018","08","16","07:00","23.4","","18.9","","76","","","M","","M","","","100.36","","30","","","","NA"
"2018-08-16 08:00","2018","08","16","08:00","25.2","","18.7","","67","","","M","","M","","","100.38","","32","","","","NA"
"2018-08-16 09:00","2018","08","16","09:00","26.1","","19.0","","65","","","M","","M","","","100.38","","33","","","","NA"
"2018-08-16 10:00","2018","08","16","10:00","26.7","","19.3","","64","","","M","","M","","","100.42","","34","","","","NA"
"2018-08-16 11:00","2018","08","16","11:00","27.8","","19.5","","61","","","M","","M","","","100.39","","35","","","","NA"
"2018-08-16 12:00","2018","08","16","12:00","28.0","","19.6","","61","","","M","","M","","","100.39","","35","","","","NA"
"2018-08-16 13:00","2018","08","16","13:00","27.3","","19.5","","63","","","M","","M","","","100.38","","34","","","","NA"
"2018-08-16 14:00","2018","08","16","14:00","27.7","","19.6","","61","","","M","","M","","","100.33","","35","","","","NA"
"2018-08-16 15:00","2018","08","16","15:00","27.8","","21.2","","67","","","M","","M","","","100.27","","36","","","","NA"
"2018-08-16 16:00","2018","08","16","16:00","26.5","","20.4","","69","","","M","","M","","","100.28","","34","","","","NA"
"2018-08-16 17:00","2018","08","16","17:00","26.1","","21.1","","74","","","M","","M","","","100.26","","35","","","","NA"
"2018-08-16 18:00","2018","08","16","18:00","25.6","","21.1","","76","","","M","","M","","","100.26","","34","","","","NA"
"2018-08-16 19:00","2018","08","16","19:00","25.3","","21.2","","78","","","M","","M","","","100.23","","34","","","","NA"
"2018-08-16 20:00","2018","08","16","20:00","25.1","","21.4","","80","","","M","","M","","","100.22","","34","","","","NA"
"2018-08-16 21:00","2018","08","16","21:00","25.5","","21.5","","79","","","M","","M","","","100.24","","34","","","","NA"
"2018-08-16 22:00","2018","08","16","22:00","25.3","","19.6","","71","","","M","","M","","","100.23","","33","","","","NA"
"2018-08-16 23:00","2018","08","16","23:00","24.8","","20.4","","77","","","M","","M","","","100.21","","33","","","","NA"
"2018-08-17 00:00","2018","08","17","00:00","24.1","","20.4","","80","","","M","","M","","","100.19","","32","","","","NA"
"2018-08-17 01:00","2018","08","17","01:00","23.2","","20.7","","86","","","M","","M","","","100.14","","31","","","","NA"
"2018-08-17 02:00","2018","08","17","02:00","23.2","","20.9","","87","","","M","","M","","","100.08","","32","","","","NA"
"2018-08-17 03:00","2018","08","17","03:00","23.1","","20.4","","85","","","M","","M","","","100.03","","31","","","","NA"
"2018-08-17 04:00","2018","08","17","04:00","23.4","","20.8","","86","","","M","","M","","","99.99","","32","","","","NA"
"2018-08-17 05:00","2018","08","17","05:00","23.6","","20.9","","85","","","M","","M","","","100.00","","32","","","","NA"
"2018-08-17 06:00","2018","08","17","06:00","23.8","","21.0","","84","","","M","","M","","","99.99","","32","","","","NA"
"2018-08-17 07:00","2018","08","17","07:00","24.0","","20.9","","83","","","M","","M","","","99.97","","32","","","","NA"
"2018-08-17 08:00","2018","08","17","08:00","24.4","","21.1","","82","","","M","","M","","","99.94","","33","","","","NA"
"2018-08-17 09:00","2018","08","17","09:00","24.7","","21.1","","80","","","M","","M","","","99.93","","33","","","","NA"
"2018-08-17 10:00","2018","08","17","10:00","24.7","","21.1","","80","","","M","","M","","","99.89","","33","","","","NA"
"2018-08-17 11:00","2018","08","17","11:00","25.5","","21.0","","76","","","M","","M","","","99.83","","34","","","","NA"
"2018-08-17 12:00","2018","08","17","12:00","26.8","","21.0","","70","","","M","","M","","","99.77","","35","","","","NA"
"2018-08-17 13:00","2018","08","17","13:00","25.3","","22.7","","86","","","M","","M","","","99.76","","35","","","","NA"
"2018-08-17 14:00","2018","08","17","14:00","26.2","","21.3","","74","","","M","","M","","","99.73","","35","","","","NA"
"2018-08-17 15:00","2018","08","17","15:00","26.2","","20.6","","71","","","M","","M","","","99.74","","34","","","","NA"
"2018-08-17 16:00","2018","08","17","16:00","23.1","","20.8","","87","","","M","","M","","","99.77","","31","","","","NA"
"2018-08-17 17:00","2018","08","17","17:00","24.3","","21.4","","84","","","M","","M","","","99.71","","33","","","","NA"
"2018-08-17 18:00","2018","08","17","18:00","23.6","","20.8","","84","","","M","","M","","","99.83","","32","","","","NA"
"2018-08-17 19:00","2018","08","17","19:00","22.9","","20.6","","87","","","M","","M","","","99.83","","31","","","","NA"
"2018-08-17 20:00","2018","08","17","20:00","22.4","","20.2","","87","","","M","","M","","","99.89","","30","","","","NA"
"2018-08-17 21:00","2018","08","17","21:00","22.1","","20.0","","88","","","M","","M","","","99.95","","30","","","","NA"
"2018-08-17 22:00","2018","08","17","22:00","22.2","","19.9","","87","","","M","","M","","","99.93","","30","","","","NA"
"2018-08-17 23:00","2018","08","17","23:00","22.3","","19.0","","82","","","M","","M","","","99.91","","29","","","","NA"
"2018-08-18 00:00","2018","08","18","00:00","21.7","","18.9","","84","","","M","","M","","","99.91","","28","","","","NA"
"2018-08-18 01:00","2018","08","18","01:00","21.8","","17.9","","79","","","M","","M","","","99.93","","28","","","","NA"
"2018-08-18 02:00","2018","08","18","02:00","21.8","","17.6","","77","","","M","","M","","","99.94","","28","","","","NA"
"2018-08-18 03:00","2018","08","18","03:00","21.2","","17.7","","81","","","M","","M","","","99.95","","27","","","","NA"
"2018-08-18 04:00","2018","08","18","04:00","21.2","","17.4","","79","","","M","","M","","","99.97","","27","","","","NA"
"2018-08-18 05:00","2018","08","18","05:00","20.7","","16.9","","79","","","M","","M","","","100.01","","26","","","","NA"
"2018-08-18 06:00","2018","08","18","06:00","20.2","","16.3","","79","","","M","","M","","","100.05","","25","","","","NA"
"2018-08-18 07:00","2018","08","18","07:00","20.4","","16.1","","77","","","M","","M","","","100.09","","25","","","","NA"
"2018-08-18 08:00","2018","08","18","08:00","21.3","","15.1","","68","","","M","","M","","","100.10","","25","","","","NA"
"2018-08-18 09:00","2018","08","18","09:00","22.1","","13.9","","60","","","M","","M","","","100.14","","25","","","","NA"
"2018-08-18 10:00","2018","08","18","10:00","22.9","","13.5","","55","","","M","","M","","","100.14","","26","","","","NA"
"2018-08-18 11:00","2018","08","18","11:00","23.9","","13.5","","52","","","M","","M","","","100.15","","27","","","","NA"
"2018-08-18 12:00","2018","08","18","12:00","24.4","","14.4","","53","","","M","","M","","","100.14","","28","","","","NA"
"2018-08-18 13:00","2018","08","18","13:00","24.2","","14.5","","55","","","M","","M","","","100.12","","28","","","","NA"
"2018-08-18 14:00","2018","08","18","14:00","24.1","","15.0","","57","","","M","","M","","","100.13","","28","","","","NA"
"2018-08-18 15:00","2018","08","18","15:00","23.7","","15.7","","61","","","M","","M","","","100.12","","28","","","","NA"
"2018-08-18 16:00","2018","08","18","16:00","23.7","","15.4","","60","","","M","","M","","","100.11","","28","","","","NA"
"2018-08-18 17:00","2018","08","18","17:00","23.3","","15.3","","61","","","M","","M","","","100.11","","27","","","","NA"
"2018-08-18 18:00","2018","08","18","18:00","22.8","","15.4","","63","","","M","","M","","","100.09","","27","","","","NA"
"2018-08-18 19:00","2018","08","18","19:00","21.9","","15.5","","67","","","M","","M","","","100.10","","26","","","","NA"
"2018-08-18 20:00","2018","08","18","20:00","21.5","","16.0","","71","","","M","","M","","","100.13","","26","","","","NA"
"2018-08-18 21:00","2018","08","18","21:00","21.5","","16.4","","73","","","M","","M","","","100.17","","26","","","","NA"
"2018-08-18 22:00","2018","08","18","22:00","21.6","","16.8","","74","","","M","","M","","","100.21","","27","","","","NA"
"2018-08-18 23:00","2018","08","18","23:00","21.8","","15.6","","68","","","M","","M","","","100.20","","26","","","","NA"
"2018-08-19 00:00","2018","08","19","00:00","20.6","","15.2","","71","","","M","","M","","","100.20","","25","","","","NA"
"2018-08-19 01:00","2018","08","19","01:00","19.9","","14.1","","69","","","M","","M","","","100.19","","","","","","NA"
"2018-08-19 02:00","2018","08","19","02:00","19.8","","13.6","","68","","","M","","M","","","100.18","","","","","","NA"
"2018-08-19 03:00","2018","08","19","03:00","19.5","","13.3","","67","","","M","","M","","","100.20","","","","","","NA"
"2018-08-19 04:00","2018","08","19","04:00","19.4","","13.5","","69","","","M","","M","","","100.21","","","","","","NA"
"2018-08-19 05:00","2018","08","19","05:00","19.1","","13.6","","71","","","M","","M","","","100.26","","","","","","NA"
"2018-08-19 06:00","2018","08","19","06:00","19.1","","13.9","","72","","","M","","M","","","100.30","","","","","","NA"
"2018-08-19 07:00","2018","08","19","07:00","19.6","","14.3","","71","","","M","","M","","","100.34","","","","","","NA"
"2018-08-19 08:00","2018","08","19","08:00","20.8","","15.0","","69","","","M","","M","","","100.35","","25","","","","NA"
"2018-08-19 09:00","2018","08","19","09:00","22.7","","15.5","","64","","","M","","M","","","100.39","","27","","","","NA"
"2018-08-19 10:00","2018","08","19","10:00","24.1","","14.5","","55","","","M","","M","","","100.38","","28","","","","NA"
"2018-08-19 11:00","2018","08","19","11:00","23.9","","15.0","","58","","","M","","M","","","100.39","","28","","","","NA"
"2018-08-19 12:00","2018","08","19","12:00","23.4","","14.8","","58","","","M","","M","","","100.38","","27","","","","NA"
"2018-08-19 13:00","2018","08","19","13:00","24.0","","15.1","","58","","","M","","M","","","100.39","","28","","","","NA"
"2018-08-19 14:00","2018","08","19","14:00","23.8","","14.7","","57","","","M","","M","","","100.39","","28","","","","NA"
"2018-08-19 15:00","2018","08","19","15:00","24.1","","13.5","","51","","","M","","M","","","100.37","","27","","","","NA"
"2018-08-19 16:00","2018","08","19","16:00","23.3","","14.6","","58","","","M","","M","","","100.36","","27","","","","NA"
"2018-08-19 17:00","2018","08","19","17:00","23.1","","15.1","","61","","","M","","M","","","100.34","","27","","","","NA"
"2018-08-19 18:00","2018","08","19","18:00","22.7","","14.9","","61","","","M","","M","","","100.36","","27","","","","NA"
"2018-08-19 19:00","2018","08","19","19:00","22.2","","15.7","","67","","","M","","M","","","100.34","","27","","","","NA"
"2018-08-19 20:00","2018","08","19","20:00","22.1","","15.8","","67","","","M","","M","","","100.41","","27","","","","NA"
"2018-08-19 21:00","2018","08","19","21:00","21.6","","16.1","","71","","","M","","M","","","100.47","","26","","","","NA"
"2018-08-19 22:00","2018","08","19","22:00","21.3","","16.3","","73","","","M","","M","","","100.47","","26","","","","NA"
"2018-08-19 23:00","2018","08","19","23:00","21.3","","16.4","","74","","","M","","M","","","100.43","","26","","","","NA"
"2018-08-20 00:00","2018","08","20","00:00","20.9","","16.5","","76","","","M","","M","","","100.48","","26","","","","NA"
"2018-08-20 01:00","2018","08","20","01:00","21.9","","17.8","","78","","","M","","M","","","100.43","","28","","","","NA"
"2018-08-20 02:00","2018","08","20","02:00","21.1","","18.0","","82","","","M","","M","","","100.43","","27","","","","NA"
"2018-08-20 03:00","2018","08","20","03:00","20.6","","17.3","","82","","","M","","M","","","100.45","","26","","","","NA"
"2018-08-20 04:00","2018","08","20","04:00","20.2","","16.9","","82","","","M","","M","","","100.47","","25","","","","NA"
"2018-08-20 05:00","2018","08","20","05:00","20.3","","17.4","","84","","","M","","M","","","100.49","","26","","","","NA"
"2018-08-20 06:00","2018","08","20","06:00","20.0","","16.9","","82","","","M","","M","","","100.53","","25","","","","NA"
"2018-08-20 07:00","2018","08","20","07:00","20.8","","17.5","","81","","","M","","M","","","100.54","","26","","","","NA"
"2018-08-20 08:00","2018","08","20","08:00","22.2","","18.4","","79","","","M","","M","","","100.55","","29","","","","NA"
"2018-08-20 09:00","2018","08","20","09:00","22.8","","17.8","","73","","","M","","M","","","100.53","","29","","","","NA"
"2018-08-20 10:00","2018","08","20","10:00","23.4","","17.5","","69","","","M","","M","","","100.53","","29","","","","NA"
"2018-08-20 11:00","2018","08","20","11:00","24.9","","18.0","","65","","","M","","M","","","100.52","","31","","","","NA"
"2018-08-20 12:00","2018","08","20","12:00","24.0","","16.4","","62","","","M","","M","","","100.48","","29","","","","NA"
"2018-08-20 13:00","2018","08","20","13:00","24.1","","16.3","","62","","","M","","M","","","100.46","","29","","","","NA"
"2018-08-20 14:00","2018","08","20","14:00","24.5","","16.8","","62","","","M","","M","","","100.41","","30","","","","NA"
"2018-08-20 15:00","2018","08","20","15:00","24.0","","17.9","","69","","","M","","M","","","100.36","","30","","","","NA"
"2018-08-20 16:00","2018","08","20","16:00","24.0","","18.0","","69","","","M","","M","","","100.32","","30","","","","NA"
"2018-08-20 17:00","2018","08","20","17:00","23.8","","17.7","","69","","","M","","M","","","100.33","","30","","","","NA"
"2018-08-20 18:00","2018","08","20","18:00","23.8","","17.9","","70","","","M","","M","","","100.29","","30","","","","NA"
"2018-08-20 19:00","2018","08","20","19:00","23.8","","18.2","","71","","","M","","M","","","100.29","","30","","","","NA"
"2018-08-20 20:00","2018","08","20","20:00","23.6","","18.9","","75","","","M","","M","","","100.27","","30","","","","NA"
"2018-08-20 21:00","2018","08","20","21:00","23.6","","19.3","","77","","","M","","M","","","100.27","","31","","","","NA"
"2018-08-20 22:00","2018","08","20","22:00","23.7","","18.5","","73","","","M","","M","","","100.22","","30","","","","NA"
"2018-08-20 23:00","2018","08","20","23:00","23.1","","18.3","","74","","","M","","M","","","100.20","","29","","","","NA"
"2018-08-21 00:00","2018","08","21","00:00","23.0","","17.9","","73","","","M","","M","","","100.16","","29","","","","NA"
"2018-08-21 01:00","2018","08","21","01:00","22.7","","17.9","","74","","","M","","M","","","100.11","","29","","","","NA"
"2018-08-21 02:00","2018","08","21","02:00","22.4","","18.1","","77","","","M","","M","","","100.07","","28","","","","NA"
"2018-08-21 03:00","2018","08","21","03:00","22.2","","18.2","","78","","","M","","M","","","100.02","","28","","","","NA"
"2018-08-21 04:00","2018","08","21","04:00","21.9","","18.1","","79","","","M","","M","","","99.95","","28","","","","NA"
"2018-08-21 05:00","2018","08","21","05:00","22.1","","18.1","","78","","","M","","M","","","99.90","","28","","","","NA"
"2018-08-21 06:00","2018","08","21","06:00","22.2","","18.0","","77","","","M","","M","","","99.90","","28","","","","NA"
"2018-08-21 07:00","2018","08","21","07:00","21.0","","18.6","","86","","","M","","M","","","99.87","","27","","","","NA"
"2018-08-21 08:00","2018","08","21","08:00","20.8","","19.1","","90","","","M","","M","","","99.79","","28","","","","NA"
"2018-08-21 09:00","2018","08","21","09:00","21.1","","19.4","","90","","","M","","M","","","99.73","","28","","","","NA"
"2018-08-21 10:00","2018","08","21","10:00","21.3","","19.7","","90","","","M","","M","","","99.65","","29","","","","NA"
"2018-08-21 11:00","2018","08","21","11:00","21.6","","19.8","","90","","","M","","M","","","99.58","","29","","","","NA"
"2018-08-21 12:00","2018","08","21","12:00","22.5","","20.3","","88","","","M","","M","","","99.47","","30","","","","NA"
"2018-08-21 13:00","2018","08","21","13:00","23.2","","20.7","","86","","","M","","M","","","99.36","","31","","","","NA"
"2018-08-21 14:00","2018","08","21","14:00","24.0","","20.2","","79","","","M","","M","","","99.26","","32","","","","NA"
"2018-08-21 15:00","2018","08","21","15:00","24.8","","20.6","","78","","","M","","M","","","99.13","","33","","","","NA"
"2018-08-21 16:00","2018","08","21","16:00","25.3","","20.4","","74","","","M","","M","","","99.05","","33","","","","NA"
"2018-08-21 17:00","2018","08","21","17:00","23.5","","21.2","","87","","","M","","M","","","99.03","","32","","","","NA"
"2018-08-21 18:00","2018","08","21","18:00","23.4","","20.6","","84","","","M","","M","","","99.00","","31","","","","NA"
"2018-08-21 19:00","2018","08","21","19:00","23.8","","19.8","","78","","","M","","M","","","98.98","","31","","","","NA"
"2018-08-21 20:00","2018","08","21","20:00","23.4","","20.9","","86","","","M","","M","","","98.99","","32","","","","NA"
"2018-08-21 21:00","2018","08","21","21:00","23.5","","20.3","","82","","","M","","M","","","99.01","","31","","","","NA"
"2018-08-21 22:00","2018","08","21","22:00","23.3","","19.4","","79","","","M","","M","","","98.99","","30","","","","NA"
"2018-08-21 23:00","2018","08","21","23:00","21.6","","17.3","","76","","","M","","M","","","99.02","","27","","","","NA"
"2018-08-22 00:00","2018","08","22","00:00","20.5","","16.5","","78","","","M","","M","","","99.10","","25","","","","NA"
"2018-08-22 01:00","2018","08","22","01:00","20.2","","16.4","","79","","","M","","M","","","99.13","","25","","","","NA"
"2018-08-22 02:00","2018","08","22","02:00","19.6","","16.0","","80","","","M","","M","","","99.16","","","","","","NA"
"2018-08-22 03:00","2018","08","22","03:00","19.6","","16.2","","81","","","M","","M","","","99.20","","","","","","NA"
"2018-08-22 04:00","2018","08","22","04:00","19.8","","15.9","","78","","","M","","M","","","99.23","","","","","","NA"
"2018-08-22 05:00","2018","08","22","05:00","19.4","","16.1","","82","","","M","","M","","","99.26","","","","","","NA"
"2018-08-22 06:00","2018","08","22","06:00","19.4","","15.9","","80","","","M","","M","","","99.37","","","","","","NA"
"2018-08-22 07:00","2018","08","22","07:00","19.6","","15.9","","79","","","M","","M","","","99.41","","","","","","NA"
"2018-08-22 08:00","2018","08","22","08:00","19.6","","15.7","","78","","","M","","M","","","99.37","","","","","","NA"
"2018-08-22 09:00","2018","08","22","09:00","20.3","","16.0","","77","","","M","","M","","","99.53","","25","","","","NA"
"2018-08-22 10:00","2018","08","22","10:00","21.2","","15.0","","68","","","M","","M","","","99.57","","25","","","","NA"
"2018-08-22 11:00","2018","08","22","11:00","21.5","","14.0","","62","","","M","","M","","","99.60","","25","","","","NA"
"2018-08-22 12:00","2018","08","22","12:00","21.9","","13.9","","60","","","M","","M","","","99.61","","25","","","","NA"
"2018-08-22 13:00","2018","08","22","13:00","21.4","","13.1","","59","","","M","","M","","","99.67","","","","","","NA"
"2018-08-22 14:00","2018","08","22","14:00","20.0","","12.9","","64","","","M","","M","","","99.71","","","","","","NA"
"2018-08-22 15:00","2018","08","22","15:00","20.8","","12.0","","57","","","M","","M","","","99.73","","","","","","NA"
"2018-08-22 16:00","2018","08","22","16:00","20.5","","10.5","","53","","","M","","M","","","99.76","","","","","","NA"
"2018-08-22 17:00","2018","08","22","17:00","20.1","","4.7","","36","","","M","","M","","","99.88","","","","","","NA"
"2018-08-22 18:00","2018","08","22","18:00","20.2","","5.6","","39","","","M","","M","","","99.92","","","","","","NA"
"2018-08-22 19:00","2018","08","22","19:00","19.3","","7.4","","46","","","M","","M","","","99.99","","","","","","NA"
"2018-08-22 20:00","2018","08","22","20:00","18.1","","8.1","","52","","","M","","M","","","100.08","","","","","","NA"
"2018-08-22 21:00","2018","08","22","21:00","17.0","","9.1","","60","","","M","","M","","","100.12","","","","","","NA"
"2018-08-22 22:00","2018","08","22","22:00","17.1","","9.6","","61","","","M","","M","","","100.12","","","","","","NA"
"2018-08-22 23:00","2018","08","22","23:00","16.8","","10.3","","65","","","M","","M","","","100.11","","","","","","NA"
"2018-08-23 00:00","2018","08","23","00:00","17.0","","10.7","","66","","","M","","M","","","100.11","","","","","","NA"
"2018-08-23 01:00","2018","08","23","01:00","16.4","","11.0","","70","","","M","","M","","","100.08","","","","","","NA"
"2018-08-23 02:00","2018","08","23","02:00","16.6","","11.4","","71","","","M","","M","","","100.08","","","","","","NA"
"2018-08-23 03:00","2018","08","23","03:00","16.3","","11.5","","73","","","M","","M","","","100.10","","","","","","NA"
"2018-08-23 04:00","2018","08","23","04:00","15.9","","11.6","","76","","","M","","M","","","100.12","","","","","","NA"
"2018-08-23 05:00","2018","08","23","05:00","15.9","","11.7","","77","","","M","","M","","","100.13","","","","","","NA"
"2018-08-23 06:00","2018","08","23","06:00","16.5","","11.7","","73","","","M","","M","","","100.20","","","","","","NA"
"2018-08-23 07:00","2018","08","23","07:00","17.5","","11.7","","69","","","M","","M","","","100.26","","","","","","NA"
"2018-08-23 08:00","2018","08","23","08:00","19.7","","12.0","","61","","","M","","M","","","100.33","","","","","","NA"
"2018-08-23 09:00","2018","08","23","09:00","21.4","","12.4","","56","","","M","","M","","","100.36","","","","","","NA"
"2018-08-23 10:00","2018","08","23","10:00","23.4","","9.0","","40","","","M","","M","","","100.39","","","","","","NA"
"2018-08-23 11:00","2018","08","23","11:00","24.5","","7.4","","34","","","M","","M","","","100.38","","25","","","","NA"
"2018-08-23 12:00","2018","08","23","12:00","25.8","","7.6","","31","","","M","","M","","","100.33","","26","","","","NA"
"2018-08-23 13:00","2018","08","23","13:00","25.6","","7.2","","31","","","M","","M","","","100.30","","26","","","","NA"
"2018-08-23 14:00","2018","08","23","14:00","26.5","","8.1","","31","","","M","","M","","","100.27","","27","","","","NA"
"2018-08-23 15:00","2018","08","23","15:00","26.3","","8.5","","32","","","M","","M","","","100.23","","27","","","","NA"
"2018-08-23 16:00","2018","08","23","16:00","26.5","","8.2","","31","","","M","","M","","","100.23","","27","","","","NA"
"2018-08-23 17:00","2018","08","23","17:00","26.1","","7.9","","32","","","M","","M","","","100.25","","26","","","","NA"
"2018-08-23 18:00","2018","08","23","18:00","25.3","","7.4","","32","","","M","","M","","","100.27","","25","","","","NA"
"2018-08-23 19:00","2018","08","23","19:00","24.5","","7.2","","33","","","M","","M","","","100.33","","25","","","","NA"
"2018-08-23 20:00","2018","08","23","20:00","23.2","","8.9","","40","","","M","","M","","","100.40","","","","","","NA"
"2018-08-23 21:00","2018","08","23","21:00","22.5","","10.0","","45","","","M","","M","","","100.47","","","","","","NA"
"2018-08-23 22:00","2018","08","23","22:00","21.8","","11.0","","50","","","M","","M","","","100.50","","","","","","NA"
"2018-08-23 23:00","2018","08","23","23:00","20.7","","10.8","","53","","","M","","M","","","100.51","","","","","","NA"
"2018-08-24 00:00","2018","08","24","00:00","20.5","","11.4","","56","","","M","","M","","","100.52","","","","","","NA"
"2018-08-24 01:00","2018","08","24","01:00","20.0","","13.7","","67","","","M","","M","","","100.53","","","","","","NA"
"2018-08-24 02:00","2018","08","24","02:00","19.1","","14.1","","73","","","M","","M","","","100.55","","","","","","NA"
"2018-08-24 03:00","2018","08","24","03:00","18.2","","13.4","","74","","","M","","M","","","100.55","","","","","","NA"
"2018-08-24 04:00","2018","08","24","04:00","17.1","","13.6","","80","","","M","","M","","","100.57","","","","","","NA"
"2018-08-24 05:00","2018","08","24","05:00","17.5","","14.0","","80","","","M","","M","","","100.60","","","","","","NA"
"2018-08-24 06:00","2018","08","24","06:00","17.0","","14.1","","83","","","M","","M","","","100.63","","","","","","NA"
"2018-08-24 07:00","2018","08","24","07:00","19.0","","14.0","","73","","","M","","M","","","100.66","","","","","","NA"
"2018-08-24 08:00","2018","08","24","08:00","20.4","","13.5","","65","","","M","","M","","","100.72","","","","","","NA"
"2018-08-24 09:00","2018","08","24","09:00","21.8","","14.7","","64","","","M","","M","","","100.78","","26","","","","NA"
"2018-08-24 10:00","2018","08","24","10:00","23.5","","14.5","","57","","","M","","M","","","100.83","","27","","","","NA"
"2018-08-24 11:00","2018","08","24","11:00","24.2","","14.5","","55","","","M","","M","","","100.84","","28","","","","NA"
"2018-08-24 12:00","2018","08","24","12:00","25.2","","13.0","","47","","","M","","M","","","100.83","","28","","","","NA"
"2018-08-24 13:00","2018","08","24","13:00","26.3","","13.2","","44","","","M","","M","","","100.79","","29","","","","NA"
"2018-08-24 14:00","2018","08","24","14:00","26.3","","13.6","","46","","","M","","M","","","100.74","","29","","","","NA"
"2018-08-24 15:00","2018","08","24","15:00","26.2","","14.8","","50","","","M","","M","","","100.69","","30","","","","NA"
"2018-08-24 16:00","2018","08","24","16:00","25.5","","12.3","","44","","","M","","M","","","100.65","","28","","","","NA"
"2018-08-24 17:00","2018","08","24","17:00","25.0","","11.1","","42","","","M","","M","","","100.65","","27","","","","NA"
"2018-08-24 18:00","2018","08","24","18:00","24.4","","11.1","","43","","","M","","M","","","100.63","","26","","","","NA"
"2018-08-24 19:00","2018","08","24","19:00","23.9","","10.6","","43","","","M","","M","","","100.63","","25","","","","NA"
"2018-08-24 20:00","2018","08","24","20:00","22.6","","11.6","","50","","","M","","M","","","100.63","","25","","","","NA"
"2018-08-24 21:00","2018","08","24","21:00","23.0","","11.4","","48","","","M","","M","","","100.65","","25","","","","NA"
"2018-08-24 22:00","2018","08","24","22:00","22.7","","16.6","","68","","","M","","M","","","100.64","","28","","","","NA"
"2018-08-24 23:00","2018","08","24","23:00","22.4","","16.5","","69","","","M","","M","","","100.65","","27","","","","NA"
"2018-08-25 00:00","2018","08","25","00:00","22.3","","16.9","","72","","","M","","M","","","100.62","","28","","","","NA"
"2018-08-25 01:00","2018","08","25","01:00","22.3","","16.4","","69","","","M","","M","","","100.60","","27","","","","NA"
"2018-08-25 02:00","2018","08","25","02:00","22.2","","15.5","","66","","","M","","M","","","100.59","","26","","","","NA"
"2018-08-25 03:00","2018","08","25","03:00","21.7","","15.9","","69","","","M","","M","","","100.61","","26","","","","NA"
"2018-08-25 04:00","2018","08","25","04:00","21.8","","16.1","","70","","","M","","M","","","100.61","","26","","","","NA"
"2018-08-25 05:00","2018","08","25","05:00","21.3","","16.1","","72","","","M","","M","","","100.59","","26","","","","NA"
"2018-08-25 06:00","2018","08","25","06:00","21.6","","16.4","","72","","","M","","M","","","100.61","","26","","","","NA"
"2018-08-25 07:00","2018","08","25","07:00","22.2","","16.7","","71","","","M","","M","","","100.58","","27","","","","NA"
"2018-08-25 08:00","2018","08","25","08:00","23.0","","16.5","","67","","","M","","M","","","100.55","","28","","","","NA"
"2018-08-25 09:00","2018","08","25","09:00","23.3","","16.2","","64","","","M","","M","","","100.54","","28","","","","NA"
"2018-08-25 10:00","2018","08","25","10:00","23.8","","16.4","","63","","","M","","M","","","100.57","","29","","","","NA"
"2018-08-25 11:00","2018","08","25","11:00","24.7","","16.2","","59","","","M","","M","","","100.54","","29","","","","NA"
"2018-08-25 12:00","2018","08","25","12:00","24.5","","16.5","","61","","","M","","M","","","100.53","","29","","","","NA"
"2018-08-25 13:00","2018","08","25","13:00","23.9","","16.6","","64","","","M","","M","","","100.53","","29","","","","NA"
"2018-08-25 14:00","2018","08","25","14:00","22.5","","16.8","","70","","","M","","M","","","100.53","","28","","","","NA"
"2018-08-25 15:00","2018","08","25","15:00","20.8","","17.9","","83","","","M","","M","","","100.49","","27","","","","NA"
"2018-08-25 16:00","2018","08","25","16:00","21.1","","18.1","","83","","","M","","M","","","100.43","","27","","","","NA"
"2018-08-25 17:00","2018","08","25","17:00","22.7","","17.8","","74","","","M","","M","","","100.39","","29","","","","NA"
"2018-08-25 18:00","2018","08","25","18:00","22.8","","17.8","","73","","","M","","M","","","100.36","","29","","","","NA"
"2018-08-25 19:00","2018","08","25","19:00","22.2","","18.2","","78","","","M","","M","","","100.33","","28","","","","NA"
"2018-08-25 20:00","2018","08","25","20:00","23.0","","18.1","","74","","","M","","M","","","100.34","","29","","","","NA"
"2018-08-25 21:00","2018","08","25","21:00","23.5","","18.2","","72","","","M","","M","","","100.32","","30","","","","NA"
"2018-08-25 22:00","2018","08","25","22:00","23.2","","18.2","","74","","","M","","M","","","100.30","","29","","","","NA"
"2018-08-25 23:00","2018","08","25","23:00","21.9","","18.3","","80","","","M","","M","","","100.29","","28","","","","NA"
"2018-08-26 00:00","2018","08","26","00:00","20.5","","18.4","","88","","","M","","M","","","100.28","","27","","","","NA"
"2018-08-26 01:00","2018","08","26","01:00","20.7","","18.5","","88","","","M","","M","","","100.23","","27","","","","NA"
"2018-08-26 02:00","2018","08","26","02:00","20.9","","18.8","","88","","","M","","M","","","100.20","","28","","","","NA"
"2018-08-26 03:00","2018","08","26","03:00","21.3","","18.6","","85","","","M","","M","","","100.17","","28","","","","NA"
"2018-08-26 04:00","2018","08","26","04:00","20.8","","18.6","","87","","","M","","M","","","100.19","","27","","","","NA"
"2018-08-26 05:00","2018","08","26","05:00","20.5","","18.8","","90","","","M","","M","","","100.19","","27","","","","NA"
"2018-08-26 06:00","2018","08","26","06:00","20.8","","19.1","","90","","","M","","M","","","100.23","","28","","","","NA"
"2018-08-26 07:00","2018","08","26","07:00","21.2","","19.5","","90","","","M","","M","","","100.27","","28","","","","NA"
"2018-08-26 08:00","2018","08","26","08:00","23.2","","20.0","","82","","","M","","M","","","100.27","","31","","","","NA"
"2018-08-26 09:00","2018","08","26","09:00","24.2","","19.4","","75","","","M","","M","","","100.31","","31","","","","NA"
"2018-08-26 10:00","2018","08","26","10:00","25.9","","19.4","","67","","","M","","M","","","100.30","","33","","","","NA"
"2018-08-26 11:00","2018","08","26","11:00","25.2","","19.0","","68","","","M","","M","","","100.27","","32","","","","NA"
"2018-08-26 12:00","2018","08","26","12:00","26.3","","19.0","","64","","","M","","M","","","100.27","","33","","","","NA"
"2018-08-26 13:00","2018","08","26","13:00","27.0","","18.8","","61","","","M","","M","","","100.26","","34","","","","NA"
"2018-08-26 14:00","2018","08","26","14:00","28.6","","18.5","","54","","","M","","M","","","100.25","","35","","","","NA"
"2018-08-26 15:00","2018","08","26","15:00","28.4","","17.6","","52","","","M","","M","","","100.20","","34","","","","NA"
"2018-08-26 16:00","2018","08","26","16:00","28.6","","16.3","","47","","","M","","M","","","100.21","","33","","","","NA"
"2018-08-26 17:00","2018","08","26","17:00","28.3","","16.2","","48","","","M","","M","","","100.23","","33","","","","NA"
"2018-08-26 18:00","2018","08","26","18:00","27.6","","16.1","","50","","","M","","M","","","100.23","","32","","","","NA"
"2018-08-26 19:00","2018","08","26","19:00","26.0","","16.2","","55","","","M","","M","","","100.25","","31","","","","NA"
"2018-08-26 20:00","2018","08","26","20:00","24.1","","16.6","","63","","","M","","M","","","100.28","","29","","","","NA"
"2018-08-26 21:00","2018","08","26","21:00","23.2","","16.9","","68","","","M","","M","","","100.33","","28","","","","NA"
"2018-08-26 22:00","2018","08","26","22:00","24.1","","17.7","","68","","","M","","M","","","100.38","","30","","","","NA"
"2018-08-26 23:00","2018","08","26","23:00","22.5","","17.7","","75","","","M","","M","","","100.39","","28","","","","NA"
"2018-08-27 00:00","2018","08","27","00:00","21.9","","17.8","","77","","","M","","M","","","100.40","","28","","","","NA"
"2018-08-27 01:00","2018","08","27","01:00","21.7","","17.4","","77","","","M","","M","","","100.34","","27","","","","NA"
"2018-08-27 02:00","2018","08","27","02:00","21.4","","17.7","","79","","","M","","M","","","100.31","","27","","","","NA"
"2018-08-27 03:00","2018","08","27","03:00","22.3","","17.6","","75","","","M","","M","","","100.28","","28","","","","NA"
"2018-08-27 04:00","2018","08","27","04:00","22.2","","17.8","","76","","","M","","M","","","100.32","","28","","","","NA"
"2018-08-27 05:00","2018","08","27","05:00","21.9","","17.8","","77","","","M","","M","","","100.32","","28","","","","NA"
"2018-08-27 06:00","2018","08","27","06:00","22.1","","18.5","","80","","","M","","M","","","100.38","","28","","","","NA"
"2018-08-27 07:00","2018","08","27","07:00","22.6","","18.8","","79","","","M","","M","","","100.29","","29","","","","NA"
"2018-08-27 08:00","2018","08","27","08:00","22.0","","19.2","","84","","","M","","M","","","100.49","","29","","","","NA"
"2018-08-27 09:00","2018","08","27","09:00","22.2","","19.9","","87","","","M","","M","","","100.34","","30","","","","NA"
"2018-08-27 10:00","2018","08","27","10:00","24.5","","20.5","","78","","","M","","M","","","100.35","","32","","","","NA"
"2018-08-27 11:00","2018","08","27","11:00","24.3","","20.2","","78","","","M","","M","","","100.32","","32","","","","NA"
"2018-08-27 12:00","2018","08","27","12:00","24.1","","20.0","","78","","","M","","M","","","100.28","","32","","","","NA"
"2018-08-27 13:00","2018","08","27","13:00","24.9","","19.7","","73","","","M","","M","","","100.17","","32","","","","NA"
"2018-08-27 14:00","2018","08","27","14:00","25.4","","20.0","","72","","","M","","M","","","100.17","","33","","","","NA"
"2018-08-27 15:00","2018","08","27","15:00","26.2","","21.2","","74","","","M","","M","","","100.12","","35","","","","NA"
"2018-08-27 16:00","2018","08","27","16:00","26.6","","21.7","","74","","","M","","M","","","100.08","","36","","","","NA"
"2018-08-27 17:00","2018","08","27","17:00","26.7","","21.9","","75","","","M","","M","","","100.03","","36","","","","NA"
"2018-08-27 18:00","2018","08","27","18:00","26.7","","21.4","","72","","","M","","M","","","99.99","","35","","","","NA"
"2018-08-27 19:00","2018","08","27","19:00","26.4","","21.2","","73","","","M","","M","","","99.94","","35","","","","NA"
"2018-08-27 20:00","2018","08","27","20:00","25.6","","20.8","","75","","","M","","M","","","99.96","","34","","","","NA"
"2018-08-27 21:00","2018","08","27","21:00","25.4","","20.5","","75","","","M","","M","","","99.99","","33","","","","NA"
"2018-08-27 22:00","2018","08","27","22:00","25.1","","20.6","","76","","","M","","M","","","100.06","","33","","","","NA"
"2018-08-27 23:00","2018","08","27","23:00","24.4","","20.5","","79","","","M","","M","","","100.04","","32","","","","NA"
"2018-08-28 00:00","2018","08","28","00:00","24.8","","20.9","","79","","","M","","M","","","100.05","","33","","","","NA"
"2018-08-28 01:00","2018","08","28","01:00","24.6","","20.7","","79","","","M","","M","","","100.02","","33","","","","NA"
"2018-08-28 02:00","2018","08","28","02:00","24.6","","20.7","","79","","","M","","M","","","100.01","","33","","","","NA"
"2018-08-28 03:00","2018","08","28","03:00","23.8","","20.2","","80","","","M","","M","","","99.96","","32","","","","NA"
"2018-08-28 04:00","2018","08","28","04:00","23.4","","20.2","","82","","","M","","M","","","99.93","","31","","","","NA"
"2018-08-28 05:00","2018","08","28","05:00","23.5","","20.4","","83","","","M","","M","","","99.94","","31","","","","NA"
"2018-08-28 06:00","2018","08","28","06:00","23.3","","20.2","","83","","","M","","M","","","99.97","","31","","","","NA"
"2018-08-28 07:00","2018","08","28","07:00","23.7","","20.2","","81","","","M","","M","","","100.01","","31","","","","NA"
"2018-08-28 08:00","2018","08","28","08:00","24.4","","20.2","","77","","","M","","M","","","99.99","","32","","","","NA"
"2018-08-28 09:00","2018","08","28","09:00","25.9","","20.4","","72","","","M","","M","","","99.95","","34","","","","NA"
"2018-08-28 10:00","2018","08","28","10:00","25.8","","19.7","","69","","","M","","M","","","99.75","","33","","","","NA"
"2018-08-28 11:00","2018","08","28","11:00","27.9","","20.8","","65","","","M","","M","","","99.88","","36","","","","NA"
"2018-08-28 12:00","2018","08","28","12:00","29.7","","20.7","","59","","","M","","M","","","99.94","","38","","","","NA"
"2018-08-28 13:00","2018","08","28","13:00","30.5","","20.5","","55","","","M","","M","","","100.00","","38","","","","NA"
"2018-08-28 14:00","2018","08","28","14:00","31.2","","19.1","","49","","","M","","M","","","99.98","","38","","","","NA"
"2018-08-28 15:00","2018","08","28","15:00","32.0","","18.1","","44","","","M","","M","","","99.95","","38","","","","NA"
"2018-08-28 16:00","2018","08","28","16:00","31.5","","18.6","","46","","","M","","M","","","99.94","","38","","","","NA"
"2018-08-28 17:00","2018","08","28","17:00","31.0","","17.7","","45","","","M","","M","","","99.94","","37","","","","NA"
"2018-08-28 18:00","2018","08","28","18:00","29.0","","19.7","","57","","","M","","M","","","99.95","","36","","","","NA"
"2018-08-28 19:00","2018","08","28","19:00","29.1","","18.5","","53","","","M","","M","","","100.02","","35","","","","NA"
"2018-08-28 20:00","2018","08","28","20:00","27.6","","18.6","","58","","","M","","M","","","100.07","","34","","","","NA"
"2018-08-28 21:00","2018","08","28","21:00","26.6","","18.9","","63","","","M","","M","","","100.07","","33","","","","NA"
"2018-08-28 22:00","2018","08","28","22:00","25.6","","18.9","","67","","","M","","M","","","100.01","","32","","","","NA"
"2018-08-28 23:00","2018","08","28","23:00","25.4","","21.0","","76","","","M","","M","","","100.01","","34","","","","NA"
"2018-08-29 00:00","2018","08","29","00:00","25.0","","21.2","","79","","","M","","M","","","99.97","","34","","","","NA"
"2018-08-29 01:00","2018","08","29","01:00","24.6","","20.8","","79","","","M","","M","","","99.92","","33","","","","NA"
"2018-08-29 02:00","2018","08","29","02:00","23.8","","19.8","","78","","","M","","M","","","99.94","","31","","","","NA"
"2018-08-29 03:00","2018","08","29","03:00","23.6","","19.8","","79","","","M","","M","","","99.93","","31","","","","NA"
"2018-08-29 04:00","2018","08","29","04:00","23.8","","18.6","","73","","","M","","M","","","99.85","","30","","","","NA"
"2018-08-29 05:00","2018","08","29","05:00","23.2","","18.7","","76","","","M","","M","","","99.80","","30","","","","NA"
"2018-08-29 06:00","2018","08","29","06:00","23.0","","18.7","","77","","","M","","M","","","99.82","","30","","","","NA"
"2018-08-29 07:00","2018","08","29","07:00","23.6","","19.3","","77","","","M","","M","","","99.79","","31","","","","NA"
"2018-08-29 08:00","2018","08","29","08:00","24.4","","20.0","","76","","","M","","M","","","99.76","","32","","","","NA"
"2018-08-29 09:00","2018","08","29","09:00","26.8","","21.3","","72","","","M","","M","","","99.79","","35","","","","NA"
"2018-08-29 10:00","2018","08","29","10:00","27.8","","19.3","","60","","","M","","M","","","99.84","","35","","","","NA"
"2018-08-29 11:00","2018","08","29","11:00","27.9","","18.6","","57","","","M","","M","","","99.86","","34","","","","NA"
"2018-08-29 12:00","2018","08","29","12:00","28.1","","16.6","","50","","","M","","M","","","99.84","","33","","","","NA"
"2018-08-29 13:00","2018","08","29","13:00","28.9","","17.8","","51","","","M","","M","","","99.84","","35","","","","NA"
"2018-08-29 14:00","2018","08","29","14:00","28.1","","17.1","","51","","","M","","M","","","99.85","","33","","","","NA"
"2018-08-29 15:00","2018","08","29","15:00","27.5","","17.7","","55","","","M","","M","","","99.84","","33","","","","NA"
"2018-08-29 16:00","2018","08","29","16:00","28.0","","17.2","","52","","","M","","M","","","99.79","","33","","","","NA"
"2018-08-29 17:00","2018","08","29","17:00","27.7","","17.2","","53","","","M","","M","","","99.81","","33","","","","NA"
"2018-08-29 18:00","2018","08","29","18:00","27.3","","17.5","","55","","","M","","M","","","99.87","","33","","","","NA"
"2018-08-29 19:00","2018","08","29","19:00","24.4","","18.3","","69","","","M","","M","","","99.95","","31","","","","NA"
"2018-08-29 20:00","2018","08","29","20:00","23.8","","18.5","","72","","","M","","M","","","100.02","","30","","","","NA"
"2018-08-29 21:00","2018","08","29","21:00","23.8","","17.4","","67","","","M","","M","","","100.12","","29","","","","NA"
"2018-08-29 22:00","2018","08","29","22:00","22.0","","17.1","","74","","","M","","M","","","100.23","","27","","","","NA"
"2018-08-29 23:00","2018","08","29","23:00","20.9","","14.9","","69","","","M","","M","","","100.29","","25","","","","NA"
"2018-08-30 00:00","2018","08","30","00:00","19.7","","13.9","","69","","","M","","M","","","100.33","","","","","","NA"
"2018-08-30 01:00","2018","08","30","01:00","18.8","","13.6","","72","","","M","","M","","","100.38","","","","","","NA"
"2018-08-30 02:00","2018","08","30","02:00","18.2","","13.5","","74","","","M","","M","","","100.44","","","","","","NA"
"2018-08-30 03:00","2018","08","30","03:00","17.9","","14.2","","79","","","M","","M","","","100.48","","","","","","NA"
"2018-08-30 04:00","2018","08","30","04:00","17.8","","13.8","","77","","","M","","M","","","100.54","","","","","","NA"
"2018-08-30 05:00","2018","08","30","05:00","16.9","","12.7","","76","","","M","","M","","","100.59","","","","","","NA"
"2018-08-30 06:00","2018","08","30","06:00","16.4","","11.8","","74","","","M","","M","","","100.69","","","","","","NA"
"2018-08-30 07:00","2018","08","30","07:00","16.3","","11.2","","72","","","M","","M","","","100.76","","","","","","NA"
"2018-08-30 08:00","2018","08","30","08:00","17.0","","11.3","","69","","","M","","M","","","100.83","","","","","","NA"
"2018-08-30 09:00","2018","08","30","09:00","17.1","","11.4","","70","","","M","","M","","","100.91","","","","","","NA"
"2018-08-30 10:00","2018","08","30","10:00","17.0","","11.6","","71","","","M","","M","","","100.94","","","","","","NA"
"2018-08-30 11:00","2018","08","30","11:00","17.5","","11.9","","70","","","M","","M","","","100.96","","","","","","NA"
"2018-08-30 12:00","2018","08","30","12:00","17.6","","11.3","","66","","","M","","M","","","100.97","","","","","","NA"
"2018-08-30 13:00","2018","08","30","13:00","18.8","","11.3","","62","","","M","","M","","","100.96","","","","","","NA"
"2018-08-30 14:00","2018","08","30","14:00","18.9","","11.9","","64","","","M","","M","","","100.93","","","","","","NA"
"2018-08-30 15:00","2018","08","30","15:00","18.5","","12.0","","66","","","M","","M","","","100.89","","","","","","NA"
"2018-08-30 16:00","2018","08","30","16:00","18.9","","11.8","","64","","","M","","M","","","100.88","","","","","","NA"
"2018-08-30 17:00","2018","08","30","17:00","18.8","","11.6","","63","","","M","","M","","","100.89","","","","","","NA"
"2018-08-30 18:00","2018","08","30","18:00","18.8","","11.6","","63","","","M","","M","","","100.91","","","","","","NA"
"2018-08-30 19:00","2018","08","30","19:00","18.6","","12.2","","66","","","M","","M","","","100.94","","","","","","NA"
"2018-08-30 20:00","2018","08","30","20:00","18.2","","11.8","","66","","","M","","M","","","100.97","","","","","","NA"
"2018-08-30 21:00","2018","08","30","21:00","16.9","","11.8","","72","","","M","","M","","","100.97","","","","","","NA"
"2018-08-30 22:00","2018","08","30","22:00","16.8","","11.3","","70","","","M","","M","","","100.94","","","","","","NA"
"2018-08-30 23:00","2018","08","30","23:00","17.8","","11.4","","66","","","M","","M","","","100.97","","","","","","NA"
"2018-08-31 00:00","2018","08","31","00:00","17.8","","12.2","","70","","","M","","M","","","100.98","","","","","","NA"
"2018-08-31 01:00","2018","08","31","01:00","17.6","","12.3","","71","","","M","","M","","","100.95","","","","","","NA"
"2018-08-31 02:00","2018","08","31","02:00","17.6","","12.5","","72","","","M","","M","","","100.95","","","","","","NA"
"2018-08-31 03:00","2018","08","31","03:00","17.4","","12.5","","73","","","M","","M","","","100.94","","","","","","NA"
"2018-08-31 04:00","2018","08","31","04:00","17.5","","12.6","","73","","","M","","M","","","100.92","","","","","","NA"
"2018-08-31 05:00","2018","08","31","05:00","17.6","","12.6","","72","","","M","","M","","","100.93","","","","","","NA"
"2018-08-31 06:00","2018","08","31","06:00","17.7","","13.2","","75","","","M","","M","","","100.98","","","","","","NA"
"2018-08-31 07:00","2018","08","31","07:00","17.9","","13.0","","73","","","M","","M","","","101.00","","","","","","NA"
"2018-08-31 08:00","2018","08","31","08:00","18.8","","12.3","","66","","","M","","M","","","100.99","","","","","","NA"
"2018-08-31 09:00","2018","08","31","09:00","18.8","","12.2","","65","","","M","","M","","","100.96","","","","","","NA"
"2018-08-31 10:00","2018","08","31","10:00","19.5","","12.0","","62","","","M","","M","","","100.94","","","","","","NA"
"2018-08-31 11:00","2018","08","31","11:00","20.1","","12.4","","61","","","M","","M","","","100.96","","","","","","NA"
"2018-08-31 12:00","2018","08","31","12:00","21.1","","12.6","","58","","","M","","M","","","101.00","","","","","","NA"
"2018-08-31 13:00","2018","08","31","13:00","22.2","","12.5","","54","","","M","","M","","","100.98","","25","","","","NA"
"2018-08-31 14:00","2018","08","31","14:00","21.9","","11.8","","53","","","M","","M","","","100.95","","","","","","NA"
"2018-08-31 15:00","2018","08","31","15:00","22.0","","12.1","","53","","","M","","M","","","100.90","","","","","","NA"
"2018-08-31 16:00","2018","08","31","16:00","21.5","","12.9","","58","","","M","","M","","","100.85","","","","","","NA"
"2018-08-31 17:00","2018","08","31","17:00","21.4","","13.2","","59","","","M","","M","","","100.84","","","","","","NA"
"2018-08-31 18:00","2018","08","31","18:00","21.3","","13.0","","59","","","M","","M","","","100.84","","","","","","NA"
"2018-08-31 19:00","2018","08","31","19:00","20.3","","13.3","","64","","","M","","M","","","100.82","","","","","","NA"
"2018-08-31 20:00","2018","08","31","20:00","20.1","","14.2","","69","","","M","","M","","","100.83","","","","","","NA"
"2018-08-31 21:00","2018","08","31","21:00","19.6","","14.5","","72","","","M","","M","","","100.84","","","","","","NA"
"2018-08-31 22:00","2018","08","31","22:00","18.8","","14.8","","78","","","M","","M","","","100.83","","","","","","NA"
"2018-08-31 23:00","2018","08","31","23:00","19.0","","15.0","","78","","","M","","M","","","100.80","","","","","","NA"
