"Station Name","THUNDER BAY A"
"Province","ONTARIO"
"Latitude","48.37"
"Longitude","-89.32"
"Elevation","199.30"
"Climate Identifier","6048262"
"WMO Identifier",""
"TC Identifier","YQT"
"All times are specified in Local Standard Time (LST). Add 1 hour to adjust for Daylight Saving Time where and when it is observed."

"Legend"
"E","Estimated"
"M","Missing"
"NA","Not Available"

"Date/Time","Year","Month","Day","Time","Temp (°C)","Temp Flag","Dew Point Temp (°C)","Dew Point Temp Flag","Rel Hum (%)","Rel Hum Flag","Wind Dir (10s deg)","Wind Dir Flag","Wind Spd (km/h)","Wind Spd Flag","Visibility (km)","Visibility Flag","Stn Press (kPa)","Stn Press Flag","Hmdx","Hmdx Flag","Wind Chill","Wind Chill Flag","Weather"
"2017-12-01 00:00","2017","12","01","00:00","-3.0","","-6.1","","79","","21","","7","","24.1","","99.30","","","","-6","","NA"
"2017-12-01 01:00","2017","12","01","01:00","-3.5","","-5.9","","84","","24","","9","","24.1","","99.28","","","","-7","","Cloudy"
"2017-12-01 02:00","2017","12","01","02:00","-2.6","","-5.7","","79","","25","","8","","24.1","","99.23","","","","-6","","NA"
"2017-12-01 03:00","2017","12","01","03:00","-3.6","","-5.8","","85","","22","","7","","24.1","","99.25","","","","-7","","NA"
"2017-12-01 04:00","2017","12","01","04:00","-4.3","","-6.2","","86","","36","","1","","24.1","","99.27","","","","-5","","Mainly Clear"
"2017-12-01 05:00","2017","12","01","05:00","-5.0","","-6.7","","88","","31","","5","","24.1","","99.24","","","","-7","","NA"
"2017-12-01 06:00","2017","12","01","06:00","-5.3","","-6.5","","91","","36","","3","","24.1","","99.20","","","","-7","","NA"
"2017-12-01 07:00","2017","12","01","07:00","-6.2","","-7.0","","94","","7","","3","","24.1","","99.16","","","","-8","","Cloudy"
"2017-12-01 08:00","2017","12","01","08:00","-4.9","","-6.1","","91","","36","","3","","24.1","","99.23","","","","-6","","NA"
"2017-12-01 09:00","2017","12","01","09:00","-4.9","","-6.0","","92","","34","","7","","32.2","","99.23","","","","-8","","NA"
"2017-12-01 10:00","2017","12","01","10:00","-3.3","","-4.5","","92","","0","","1","","32.2","","99.23","","","","-4","","Cloudy"
"2017-12-01 11:00","2017","12","01","11:00","-1.7","","-3.6","","87","","36","","3","","32.2","","99.26","","","","-3","","NA"
"2017-12-01 12:00","2017","12","01","12:00","0.5","","-2.9","","78","","36","","3","","32.2","","99.21","","","","","","NA"
"2017-12-01 13:00","2017","12","01","13:00","2.7","","-2.2","","70","","36","","3","","32.2","","99.16","","","","","","Mostly Cloudy"
"2017-12-01 14:00","2017","12","01","14:00","5.5","","-1.9","","59","","26","","4","","32.2","","99.11","","","","","","NA"
"2017-12-01 15:00","2017","12","01","15:00","5.4","","-2.4","","57","","36","","2","","32.2","","99.07","","","","","","NA"
"2017-12-01 16:00","2017","12","01","16:00","2.8","","-1.6","","73","","6","","9","","32.2","","99.07","","","","","","Mostly Cloudy"
"2017-12-01 17:00","2017","12","01","17:00","1.4","","-0.9","","85","","6","","8","","32.2","","99.07","","","","","","NA"
"2017-12-01 18:00","2017","12","01","18:00","-0.6","","-1.9","","91","","33","","3","","24.1","","99.12","","","","-2","","NA"
"2017-12-01 19:00","2017","12","01","19:00","0.8","","-0.5","","91","","3","","9","","24.1","","99.11","","","","","","Mostly Cloudy"
"2017-12-01 20:00","2017","12","01","20:00","-0.2","","-1.0","","94","","36","","5","","24.1","","99.15","","","","-2","","NA"
"2017-12-01 21:00","2017","12","01","21:00","-0.1","","-0.8","","95","","4","","4","","24.1","","99.15","","","","-1","","NA"
"2017-12-01 22:00","2017","12","01","22:00","-0.9","","-1.5","","96","","33","","4","","24.1","","99.14","","","","-2","","Cloudy"
"2017-12-01 23:00","2017","12","01","23:00","-0.5","","-1.1","","96","","27","","4","","24.1","","99.11","","","","-2","","NA"
"2017-12-02 00:00","2017","12","02","00:00","-0.4","","-1.1","","95","","2","","5","","24.1","","99.12","","","","-2","","NA"
"2017-12-02 01:00","2017","12","02","01:00","-0.3","","-0.8","","96","","36","","2","","24.1","","99.11","","","","-1","","Mostly Cloudy"
"2017-12-02 02:00","2017","12","02","02:00","-0.4","","-1.0","","96","","36","","3","","24.1","","99.06","","","","-1","","NA"
"2017-12-02 03:00","2017","12","02","03:00","-0.5","","-0.9","","97","","6","","4","","24.1","","99.06","","","","-2","","NA"
"2017-12-02 04:00","2017","12","02","04:00","1.0","","0.7","","98","","36","","1","","24.1","","99.05","","","","","","Rain"
"2017-12-02 05:00","2017","12","02","05:00","-0.7","","-0.8","","99","","36","","2","","24.1","","99.02","","","","-1","","NA"
"2017-12-02 06:00","2017","12","02","06:00","-1.2","","-1.3","","99","","23","","4","","16.1","","99.03","","","","-3","","NA"
"2017-12-02 07:00","2017","12","02","07:00","-0.6","","-0.8","","99","","21","","4","","4.8","","99.04","","","","-2","","Fog"
"2017-12-02 08:00","2017","12","02","08:00","-0.2","","-0.5","","98","","22","","5","","9.7","","99.10","","","","-2","","Fog"
"2017-12-02 09:00","2017","12","02","09:00","0.1","","0.1","","100","","22","","4","","0.4","","99.14","","","","","","Fog"
"2017-12-02 10:00","2017","12","02","10:00","0.5","","0.5","","100","","26","","5","","0.4","","99.14","","","","","","Fog"
"2017-12-02 11:00","2017","12","02","11:00","1.3","","1.3","","100","","27","","7","","0.6","","99.18","","","","","","Fog"
"2017-12-02 12:00","2017","12","02","12:00","1.4","","1.4","","100","","24","","8","","2.4","","99.17","","","","","","Fog"
"2017-12-02 13:00","2017","12","02","13:00","1.7","","0.9","","94","","23","","8","","12.9","","99.17","","","","","","Mostly Cloudy"
"2017-12-02 14:00","2017","12","02","14:00","3.9","","0.5","","79","","17","","4","","19.3","","99.14","","","","","","NA"
"2017-12-02 15:00","2017","12","02","15:00","5.3","","-0.7","","65","","36","","3","","24.1","","99.15","","","","","","NA"
"2017-12-02 16:00","2017","12","02","16:00","2.8","","1.2","","89","","6","","13","","16.1","","99.19","","","","","","Mainly Clear"
"2017-12-02 17:00","2017","12","02","17:00","1.0","","1.0","","100","","7","","12","","0.4","","99.23","","","","","","Fog"
"2017-12-02 18:00","2017","12","02","18:00","0.9","","0.9","","100","","5","","10","","0.4","","99.25","","","","","","Fog"
"2017-12-02 19:00","2017","12","02","19:00","1.2","","1.2","","100","","36","","1","","0.8","","99.30","","","","","","Fog"
"2017-12-02 20:00","2017","12","02","20:00","0.8","","0.8","","100","","18","","7","","0.8","","99.33","","","","","","Fog"
"2017-12-02 21:00","2017","12","02","21:00","0.5","","0.5","","100","","23","","5","","0.8","","99.36","","","","","","Fog"
"2017-12-02 22:00","2017","12","02","22:00","0.4","","0.4","","100","","36","","1","","0.8","","99.39","","","","","","Fog"
"2017-12-02 23:00","2017","12","02","23:00","0.0","","0.0","","100","","36","","2","","0.4","","99.35","","","","-1","","Fog"
"2017-12-03 00:00","2017","12","03","00:00","-0.1","","-0.1","","100","","22","","7","","0.8","","99.40","","","","-3","","Freezing Fog"
"2017-12-03 01:00","2017","12","03","01:00","-0.4","","-0.4","","100","","26","","8","","0.8","","99.41","","","","-3","","Freezing Fog"
"2017-12-03 02:00","2017","12","03","02:00","-0.4","","-0.4","","100","","24","","9","","0.8","","99.41","","","","-4","","Freezing Fog"
"2017-12-03 03:00","2017","12","03","03:00","-0.5","","-0.5","","100","","34","","5","","0.8","","99.37","","","","-2","","Freezing Fog"
"2017-12-03 04:00","2017","12","03","04:00","-0.3","","-0.3","","100","","34","","6","","0.8","","99.36","","","","-2","","Freezing Fog"
"2017-12-03 05:00","2017","12","03","05:00","-0.3","","-0.3","","100","","23","","4","","2.4","","99.37","","","","-2","","Fog"
"2017-12-03 06:00","2017","12","03","06:00","-0.4","","-0.4","","100","","28","","5","","0.8","","99.36","","","","-2","","Freezing Fog"
"2017-12-03 07:00","2017","12","03","07:00","-0.5","","-0.5","","100","","25","","4","","2.4","","99.34","","","","-2","","Fog"
"2017-12-03 08:00","2017","12","03","08:00","-0.7","","-0.7","","100","","36","","2","","1.6","","99.30","","","","-1","","Fog"
"2017-12-03 09:00","2017","12","03","09:00","-1.1","","-1.1","","100","","28","","4","","0.8","","99.29","","","","-2","","Freezing Fog"
"2017-12-03 10:00","2017","12","03","10:00","-0.7","","-0.7","","100","","32","","3","","1.2","","99.23","","","","-2","","Fog"
"2017-12-03 11:00","2017","12","03","11:00","0.2","","0.2","","100","","36","","3","","0.6","","99.23","","","","","","Fog"
"2017-12-03 12:00","2017","12","03","12:00","2.0","","2.0","","100","","36","","2","","12.9","","99.18","","","","","","NA"
"2017-12-03 13:00","2017","12","03","13:00","4.0","","2.0","","87","","36","","3","","32.2","","99.12","","","","","","Mostly Cloudy"
"2017-12-03 14:00","2017","12","03","14:00","5.3","","2.0","","79","","4","","3","","32.2","","99.05","","","","","","NA"
"2017-12-03 15:00","2017","12","03","15:00","4.8","","1.8","","81","","7","","10","","32.2","","99.03","","","","","","NA"
"2017-12-03 16:00","2017","12","03","16:00","4.4","","1.8","","83","","4","","7","","32.2","","99.04","","","","","","Mostly Cloudy"
"2017-12-03 17:00","2017","12","03","17:00","2.9","","1.4","","90","","5","","9","","32.2","","99.02","","","","","","NA"
"2017-12-03 18:00","2017","12","03","18:00","1.4","","0.7","","95","","7","","5","","16.1","","99.03","","","","","","NA"
"2017-12-03 19:00","2017","12","03","19:00","1.2","","0.8","","97","","4","","9","","24.1","","99.05","","","","","","Mostly Cloudy"
"2017-12-03 20:00","2017","12","03","20:00","1.8","","0.8","","93","","7","","6","","24.1","","99.04","","","","","","NA"
"2017-12-03 21:00","2017","12","03","21:00","0.7","","0.3","","97","","5","","7","","24.1","","99.00","","","","","","NA"
"2017-12-03 22:00","2017","12","03","22:00","1.5","","1.2","","98","","5","","7","","24.1","","98.95","","","","","","Cloudy"
"2017-12-03 23:00","2017","12","03","23:00","1.8","","1.4","","97","","7","","9","","24.1","","98.90","","","","","","NA"
"2017-12-04 00:00","2017","12","04","00:00","2.0","","1.6","","97","","6","","7","","24.1","","98.91","","","","","","Rain"
"2017-12-04 01:00","2017","12","04","01:00","1.9","","1.8","","99","","3","","7","","16.1","","98.88","","","","","","Rain"
"2017-12-04 02:00","2017","12","04","02:00","2.5","","2.4","","99","","7","","10","","16.1","","98.75","","","","","","Rain"
"2017-12-04 03:00","2017","12","04","03:00","2.8","","2.8","","100","","5","","14","","9.7","","98.71","","","","","","Rain,Fog"
"2017-12-04 04:00","2017","12","04","04:00","3.0","","3.0","","100","","7","","18","","6.4","","98.57","","","","","","Rain,Fog"
"2017-12-04 05:00","2017","12","04","05:00","3.4","","3.0","","97","","10","","25","","9.7","","98.45","","","","","","Rain,Fog"
"2017-12-04 06:00","2017","12","04","06:00","3.7","","3.6","","99","","9","","24","","9.7","","98.36","","","","","","Rain,Fog"
"2017-12-04 07:00","2017","12","04","07:00","3.8","","3.5","","98","","9","","19","","6.4","","98.17","","","","","","Rain,Fog"
"2017-12-04 08:00","2017","12","04","08:00","4.0","","3.4","","96","","9","","22","","9.7","","98.13","","","","","","Fog"
"2017-12-04 09:00","2017","12","04","09:00","3.9","","3.4","","96","","9","","19","","4.8","","98.05","","","","","","Rain,Fog"
"2017-12-04 10:00","2017","12","04","10:00","4.1","","3.7","","97","","8","","13","","8.1","","97.93","","","","","","Fog"
"2017-12-04 11:00","2017","12","04","11:00","4.0","","3.7","","98","","7","","16","","4.8","","97.79","","","","","","Fog"
"2017-12-04 12:00","2017","12","04","12:00","3.7","","3.7","","100","","6","","17","","1.6","","97.63","","","","","","Fog"
"2017-12-04 13:00","2017","12","04","13:00","3.9","","3.9","","100","","7","","15","","0.6","","97.52","","","","","","Fog"
"2017-12-04 14:00","2017","12","04","14:00","4.0","","4.0","","100","","5","","12","","0.6","","97.38","","","","","","Fog"
"2017-12-04 15:00","2017","12","04","15:00","4.1","","4.1","","100","","8","","14","","1.2","","97.27","","","","","","Rain,Fog"
"2017-12-04 16:00","2017","12","04","16:00","4.2","","4.2","","100","","7","","19","","0.6","","97.15","","","","","","Rain,Fog"
"2017-12-04 17:00","2017","12","04","17:00","3.8","","3.8","","100","","7","","21","","0.4","","97.01","","","","","","Rain,Fog"
"2017-12-04 18:00","2017","12","04","18:00","3.7","","3.7","","100","","10","","18","","0.6","","96.86","","","","","","Fog"
"2017-12-04 19:00","2017","12","04","19:00","3.8","","3.8","","100","","8","","19","","0.8","","96.69","","","","","","Drizzle,Fog"
"2017-12-04 20:00","2017","12","04","20:00","3.9","","3.9","","100","","8","","19","","1.6","","96.53","","","","","","Rain Showers,Fog"
"2017-12-04 21:00","2017","12","04","21:00","4.1","","4.1","","100","","6","","13","","3.2","","96.32","","","","","","Rain,Fog"
"2017-12-04 22:00","2017","12","04","22:00","4.4","","4.4","","100","","4","","3","","2.4","","96.27","","","","","","Rain,Fog"
"2017-12-04 23:00","2017","12","04","23:00","4.2","","4.2","","100","","3","","5","","3.2","","96.08","","","","","","Rain,Fog"
"2017-12-05 00:00","2017","12","05","00:00","3.9","","3.9","","100","","27","","14","","4.8","","96.04","","","","","","Rain,Fog"
"2017-12-05 01:00","2017","12","05","01:00","3.8","","3.8","","100","","25","","10","","24.1","","95.92","","","","","","Cloudy"
"2017-12-05 02:00","2017","12","05","02:00","3.6","","3.5","","99","","25","","16","","24.1","","95.78","","","","","","NA"
"2017-12-05 03:00","2017","12","05","03:00","2.2","","1.8","","97","","29","","27","","4.8","","95.62","","","","","","Rain Showers,Snow,Fog"
"2017-12-05 04:00","2017","12","05","04:00","0.6","","0.4","","99","","27","","28","","1.2","","95.75","","","","","","Snow Showers,Fog"
"2017-12-05 05:00","2017","12","05","05:00","-0.6","","-1.0","","97","","28","","36","","0.6","","95.87","","","","-8","","Moderate Snow,Blowing Snow"
"2017-12-05 06:00","2017","12","05","06:00","-2.3","","-2.9","","96","","27","","46","","0.8","","95.97","","","","-11","","Moderate Snow,Blowing Snow"
"2017-12-05 07:00","2017","12","05","07:00","-3.7","","-4.7","","93","","28","","37","","1.2","","96.07","","","","-12","","Snow,Blowing Snow"
"2017-12-05 08:00","2017","12","05","08:00","-4.1","","-5.1","","93","","28","","32","","1.6","","96.19","","","","-12","","Snow,Blowing Snow"
"2017-12-05 09:00","2017","12","05","09:00","-4.6","","-6.1","","89","","","","","M","4.0","","96.29","","","","","","Snow,Blowing Snow"
"2017-12-05 10:00","2017","12","05","10:00","-6.0","","-8.1","","85","","28","","43","","3.2","","96.41","","","","-16","","Snow,Blowing Snow"
"2017-12-05 11:00","2017","12","05","11:00","-6.8","","-8.9","","85","","27","","38","","3.2","","96.54","","","","-16","","Snow,Blowing Snow"
"2017-12-05 12:00","2017","12","05","12:00","-7.6","","-10.3","","81","","28","","38","","4.8","","96.63","","","","-17","","Snow,Blowing Snow"
"2017-12-05 13:00","2017","12","05","13:00","-8.2","","-11.3","","78","","","","","M","19.3","","96.71","","","","","","Snow,Blowing Snow"
"2017-12-05 14:00","2017","12","05","14:00","-8.4","","-11.9","","76","","27","","39","","4.8","","96.78","","","","-19","","Snow,Blowing Snow"
"2017-12-05 15:00","2017","12","05","15:00","-8.8","","-11.4","","82","","27","","31","","4.8","","96.86","","","","-18","","Snow,Blowing Snow"
"2017-12-05 16:00","2017","12","05","16:00","-9.4","","-12.1","","81","","27","","35","","4.8","","96.99","","","","-19","","Snow,Blowing Snow"
"2017-12-05 17:00","2017","12","05","17:00","-9.7","","-13.0","","77","","26","","30","","8.1","","97.10","","","","-19","","Snow,Blowing Snow"
"2017-12-05 18:00","2017","12","05","18:00","-10.0","","-13.3","","77","","27","","27","","12.9","","97.18","","","","-19","","Snow,Blowing Snow"
"2017-12-05 19:00","2017","12","05","19:00","-10.2","","-13.6","","76","","26","","35","","16.1","","97.24","","","","-20","","Snow,Blowing Snow"
"2017-12-05 20:00","2017","12","05","20:00","-10.3","","-13.3","","79","","27","","31","","24.1","","97.26","","","","-20","","Blowing Snow"
"2017-12-05 21:00","2017","12","05","21:00","-10.5","","-14.0","","76","","28","","27","","24.1","","97.32","","","","-20","","Blowing Snow"
"2017-12-05 22:00","2017","12","05","22:00","-10.8","","-14.6","","74","","27","","29","","24.1","","97.36","","","","-20","","Blowing Snow"
"2017-12-05 23:00","2017","12","05","23:00","-10.9","","-14.1","","77","","27","","24","","24.1","","97.40","","","","-20","","Blowing Snow"
"2017-12-06 00:00","2017","12","06","00:00","-10.7","","-14.0","","77","","27","","22","","24.1","","97.45","","","","-19","","Snow,Blowing Snow"
"2017-12-06 01:00","2017","12","06","01:00","-10.6","","-14.2","","75","","27","","34","","24.1","","97.47","","","","-21","","Snow,Blowing Snow"
"2017-12-06 02:00","2017","12","06","02:00","-10.7","","-14.3","","75","","26","","29","","24.1","","97.50","","","","-20","","Snow,Blowing Snow"
"2017-12-06 03:00","2017","12","06","03:00","-10.7","","-14.3","","75","","28","","28","","24.1","","97.57","","","","-20","","Snow,Blowing Snow"
"2017-12-06 04:00","2017","12","06","04:00","-10.7","","-14.4","","75","","28","","29","","24.1","","97.58","","","","-20","","Snow,Blowing Snow"
"2017-12-06 05:00","2017","12","06","05:00","-10.5","","-14.0","","76","","28","","25","","24.1","","97.64","","","","-19","","Snow,Blowing Snow"
"2017-12-06 06:00","2017","12","06","06:00","-10.4","","-13.8","","77","","29","","25","","24.1","","97.72","","","","-19","","Snow,Blowing Snow"
"2017-12-06 07:00","2017","12","06","07:00","-10.0","","-13.6","","76","","28","","25","","24.1","","97.81","","","","-19","","Snow,Blowing Snow"
"2017-12-06 08:00","2017","12","06","08:00","-9.8","","-13.4","","75","","28","","23","","19.3","","97.89","","","","-18","","Snow,Blowing Snow"
"2017-12-06 09:00","2017","12","06","09:00","-9.7","","-13.6","","73","","28","","24","","32.2","","97.97","","","","-18","","Snow,Blowing Snow"
"2017-12-06 10:00","2017","12","06","10:00","-9.3","","-13.3","","73","","29","","23","","32.2","","98.08","","","","-18","","Cloudy"
"2017-12-06 11:00","2017","12","06","11:00","-9.0","","-13.0","","73","","30","","26","","32.2","","98.18","","","","-18","","Snow,Blowing Snow"
"2017-12-06 12:00","2017","12","06","12:00","-8.4","","-12.8","","71","","31","","22","","32.2","","98.23","","","","-16","","NA"
"2017-12-06 13:00","2017","12","06","13:00","-7.8","","-12.5","","69","","29","","32","","32.2","","98.28","","","","-17","","Blowing Snow"
"2017-12-06 14:00","2017","12","06","14:00","-7.3","","-12.2","","68","","31","","19","","32.2","","98.39","","","","-14","","Blowing Snow"
"2017-12-06 15:00","2017","12","06","15:00","-7.4","","-12.3","","68","","29","","34","","","M","98.47","","","","-17","","Blowing Snow"
"2017-12-06 16:00","2017","12","06","16:00","-7.5","","-12.2","","69","","31","","30","","32.2","","98.59","","","","-16","","Mostly Cloudy"
"2017-12-06 17:00","2017","12","06","17:00","-7.9","","-12.5","","70","","30","","20","","32.2","","98.74","","","","-15","","NA"
"2017-12-06 18:00","2017","12","06","18:00","-8.4","","-11.9","","76","","30","","22","","24.1","","98.84","","","","-16","","Blowing Snow"
"2017-12-06 19:00","2017","12","06","19:00","-8.7","","-13.1","","71","","32","","32","","24.1","","98.93","","","","-18","","Blowing Snow"
"2017-12-06 20:00","2017","12","06","20:00","-9.2","","-13.5","","71","","31","","28","","24.1","","99.06","","","","-18","","Blowing Snow"
"2017-12-06 21:00","2017","12","06","21:00","-10.0","","-14.2","","72","","31","","25","","24.1","","99.12","","","","-19","","NA"
"2017-12-06 22:00","2017","12","06","22:00","-10.8","","-15.1","","71","","31","","32","","24.1","","99.17","","","","-21","","Mostly Cloudy"
"2017-12-06 23:00","2017","12","06","23:00","-11.5","","-15.5","","72","","30","","23","","24.1","","99.20","","","","-20","","NA"
"2017-12-07 00:00","2017","12","07","00:00","-12.3","","-16.2","","73","","30","","17","","24.1","","99.31","","","","-20","","NA"
"2017-12-07 01:00","2017","12","07","01:00","-12.6","","-16.5","","73","","29","","22","","24.1","","99.33","","","","-22","","Mostly Cloudy"
"2017-12-07 02:00","2017","12","07","02:00","-12.8","","-16.7","","73","","30","","27","","24.1","","99.31","","","","-23","","NA"
"2017-12-07 03:00","2017","12","07","03:00","-13.5","","-17.4","","73","","29","","16","","24.1","","99.38","","","","-21","","NA"
"2017-12-07 04:00","2017","12","07","04:00","-14.2","","-17.8","","74","","27","","17","","24.1","","99.39","","","","-22","","Mainly Clear"
"2017-12-07 05:00","2017","12","07","05:00","-14.7","","-17.9","","77","","27","","15","","24.1","","99.35","","","","-23","","NA"
"2017-12-07 06:00","2017","12","07","06:00","-15.1","","-18.4","","76","","28","","17","","24.1","","99.32","","","","-24","","NA"
"2017-12-07 07:00","2017","12","07","07:00","-14.4","","-17.5","","78","","25","","10","","24.1","","99.25","","","","-21","","Mostly Cloudy"
"2017-12-07 08:00","2017","12","07","08:00","-13.4","","-16.8","","76","","26","","12","","32.2","","99.22","","","","-20","","NA"
"2017-12-07 09:00","2017","12","07","09:00","-12.7","","-16.0","","77","","27","","17","","32.2","","99.17","","","","-21","","Snow"
"2017-12-07 10:00","2017","12","07","10:00","-12.2","","-15.7","","75","","27","","16","","24.1","","99.12","","","","-20","","Snow"
"2017-12-07 11:00","2017","12","07","11:00","-11.6","","-15.0","","76","","28","","16","","32.2","","99.08","","","","-19","","Snow"
"2017-12-07 12:00","2017","12","07","12:00","-10.6","","-14.6","","73","","26","","14","","32.2","","98.98","","","","-17","","NA"
"2017-12-07 13:00","2017","12","07","13:00","-9.6","","-14.2","","69","","28","","14","","32.2","","98.88","","","","-16","","Cloudy"
"2017-12-07 14:00","2017","12","07","14:00","-8.9","","-13.2","","72","","30","","21","","32.2","","98.77","","","","-17","","NA"
"2017-12-07 15:00","2017","12","07","15:00","-8.6","","-12.8","","72","","28","","23","","32.2","","98.69","","","","-17","","NA"
"2017-12-07 16:00","2017","12","07","16:00","-8.4","","-12.5","","72","","27","","13","","32.2","","98.63","","","","-14","","Mostly Cloudy"
"2017-12-07 17:00","2017","12","07","17:00","-8.7","","-12.2","","76","","27","","16","","32.2","","98.62","","","","-15","","NA"
"2017-12-07 18:00","2017","12","07","18:00","-8.7","","-12.2","","76","","29","","15","","24.1","","98.58","","","","-15","","Snow"
"2017-12-07 19:00","2017","12","07","19:00","-8.6","","-11.8","","78","","27","","13","","24.1","","98.59","","","","-15","","Snow"
"2017-12-07 20:00","2017","12","07","20:00","-8.6","","-11.5","","80","","27","","10","","24.1","","98.57","","","","-14","","Snow"
"2017-12-07 21:00","2017","12","07","21:00","-8.6","","-11.0","","83","","26","","10","","11.3","","98.53","","","","-14","","Snow"
"2017-12-07 22:00","2017","12","07","22:00","-8.5","","-11.2","","81","","30","","13","","24.1","","98.50","","","","-14","","Snow"
"2017-12-07 23:00","2017","12","07","23:00","-8.7","","-13.0","","71","","32","","20","","24.1","","98.45","","","","-16","","Snow"
"2017-12-08 00:00","2017","12","08","00:00","-9.0","","-12.6","","75","","33","","13","","24.1","","98.49","","","","-15","","Snow"
"2017-12-08 01:00","2017","12","08","01:00","-9.3","","-12.5","","78","","32","","9","","24.1","","98.47","","","","-14","","Snow"
"2017-12-08 02:00","2017","12","08","02:00","-9.6","","-13.5","","74","","34","","17","","24.1","","98.47","","","","-17","","Snow"
"2017-12-08 03:00","2017","12","08","03:00","-9.7","","-13.6","","74","","32","","13","","24.1","","98.49","","","","-16","","Snow"
"2017-12-08 04:00","2017","12","08","04:00","-9.9","","-14.0","","72","","34","","15","","24.1","","98.52","","","","-17","","Snow"
"2017-12-08 05:00","2017","12","08","05:00","-10.2","","-14.6","","70","","32","","23","","24.1","","98.55","","","","-19","","Snow"
"2017-12-08 06:00","2017","12","08","06:00","-10.9","","-14.5","","75","","36","","17","","16.1","","98.60","","","","-18","","Snow"
"2017-12-08 07:00","2017","12","08","07:00","-12.5","","-16.6","","72","","35","","13","","24.1","","98.71","","","","-19","","Snow"
"2017-12-08 08:00","2017","12","08","08:00","-12.9","","-23.1","","43","","36","","15","","32.2","","98.67","","","","-20","","NA"
"2017-12-08 09:00","2017","12","08","09:00","-12.0","","-24.0","","36","","28","","43","","32.2","","98.66","","","","-24","","NA"
"2017-12-08 10:00","2017","12","08","10:00","-8.5","","-22.6","","31","","29","","5","","32.2","","98.66","","","","-11","","Mainly Clear"
"2017-12-08 11:00","2017","12","08","11:00","-10.3","","-20.1","","45","","32","","8","","32.2","","98.65","","","","-15","","NA"
"2017-12-08 12:00","2017","12","08","12:00","-9.4","","-18.8","","46","","28","","13","","32.2","","98.57","","","","-15","","NA"
"2017-12-08 13:00","2017","12","08","13:00","-10.1","","-17.1","","57","","29","","11","","32.2","","98.73","","","","-16","","Cloudy"
"2017-12-08 14:00","2017","12","08","14:00","-4.0","","-20.3","","27","","27","","11","","3.2","","98.36","","","","-8","","Snow"
"2017-12-08 15:00","2017","12","08","15:00","-2.3","","-12.6","","45","","30","","8","","1.6","","98.29","","","","-5","","Snow"
"2017-12-08 16:00","2017","12","08","16:00","-12.3","","-14.5","","84","","36","","2","","3.2","","98.36","","","","-14","","Snow"
"2017-12-08 17:00","2017","12","08","17:00","-12.2","","-13.8","","88","","1","","4","","4.8","","98.34","","","","-15","","Snow"
"2017-12-08 18:00","2017","12","08","18:00","-12.2","","-13.8","","88","","4","","4","","8.1","","98.32","","","","-15","","Snow"
"2017-12-08 19:00","2017","12","08","19:00","-12.3","","-14.2","","86","","0","","1","","16.1","","98.35","","","","-13","","Snow"
"2017-12-08 20:00","2017","12","08","20:00","-12.2","","-13.9","","87","","4","","3","","8.1","","98.39","","","","-14","","Snow"
"2017-12-08 21:00","2017","12","08","21:00","-12.1","","-13.6","","89","","6","","4","","4.8","","98.40","","","","-15","","Snow"
"2017-12-08 22:00","2017","12","08","22:00","-12.9","","-14.2","","90","","6","","5","","16.1","","98.44","","","","-16","","Cloudy"
"2017-12-08 23:00","2017","12","08","23:00","-13.7","","-15.6","","86","","36","","7","","24.1","","98.53","","","","-18","","NA"
"2017-12-09 00:00","2017","12","09","00:00","-14.5","","-17.4","","79","","36","","6","","24.1","","98.66","","","","-19","","NA"
"2017-12-09 01:00","2017","12","09","01:00","-15.7","","-18.1","","82","","32","","7","","24.1","","98.71","","","","-21","","Clear"
"2017-12-09 02:00","2017","12","09","02:00","-16.4","","-18.9","","81","","31","","8","","24.1","","98.81","","","","-22","","NA"
"2017-12-09 03:00","2017","12","09","03:00","-17.5","","-19.6","","84","","29","","12","","24.1","","98.89","","","","-25","","NA"
"2017-12-09 04:00","2017","12","09","04:00","-15.9","","-18.3","","82","","30","","11","","24.1","","98.95","","","","-23","","Mostly Cloudy"
"2017-12-09 05:00","2017","12","09","05:00","-15.6","","-17.9","","83","","29","","12","","24.1","","99.07","","","","-23","","NA"
"2017-12-09 06:00","2017","12","09","06:00","-16.5","","-19.1","","80","","28","","16","","24.1","","99.17","","","","-25","","NA"
"2017-12-09 07:00","2017","12","09","07:00","-18.3","","-20.8","","81","","29","","16","","24.1","","99.24","","","","-27","","Clear"
"2017-12-09 08:00","2017","12","09","08:00","-19.1","","-21.9","","79","","28","","13","","32.2","","99.29","","","","-27","","NA"
"2017-12-09 09:00","2017","12","09","09:00","-19.7","","-22.4","","79","","29","","16","","32.2","","99.35","","","","-29","","NA"
"2017-12-09 10:00","2017","12","09","10:00","-19.0","","-22.2","","76","","30","","21","","24.1","","99.45","","","","-29","","Mainly Clear"
"2017-12-09 11:00","2017","12","09","11:00","-18.6","","-22.1","","75","","30","","18","","24.1","","99.41","","","","-28","","NA"
"2017-12-09 12:00","2017","12","09","12:00","-17.5","","-20.5","","78","","29","","15","","24.1","","99.37","","","","-26","","NA"
"2017-12-09 13:00","2017","12","09","13:00","-15.7","","-19.3","","75","","30","","18","","32.2","","99.33","","","","-25","","Mostly Cloudy"
"2017-12-09 14:00","2017","12","09","14:00","-14.7","","-18.6","","73","","27","","15","","32.2","","99.23","","","","-23","","NA"
"2017-12-09 15:00","2017","12","09","15:00","-13.6","","-17.8","","71","","25","","19","","32.2","","99.13","","","","-22","","NA"
"2017-12-09 16:00","2017","12","09","16:00","-13.3","","-17.3","","72","","27","","19","","32.2","","99.07","","","","-22","","Mostly Cloudy"
"2017-12-09 17:00","2017","12","09","17:00","-13.6","","-17.1","","75","","26","","17","","32.2","","99.10","","","","-22","","NA"
"2017-12-09 18:00","2017","12","09","18:00","-13.6","","-16.8","","77","","27","","11","","24.1","","99.03","","","","-20","","NA"
"2017-12-09 19:00","2017","12","09","19:00","-13.5","","-16.3","","80","","24","","9","","24.1","","98.93","","","","-19","","Cloudy"
"2017-12-09 20:00","2017","12","09","20:00","-12.7","","-15.4","","80","","25","","8","","24.1","","98.86","","","","-18","","NA"
"2017-12-09 21:00","2017","12","09","21:00","-12.1","","-14.7","","81","","25","","7","","16.1","","98.80","","","","-16","","Snow"
"2017-12-09 22:00","2017","12","09","22:00","-11.8","","-13.7","","86","","25","","5","","8.1","","98.76","","","","-15","","Snow"
"2017-12-09 23:00","2017","12","09","23:00","-11.7","","-13.3","","88","","26","","5","","8.1","","98.69","","","","-15","","Snow"
"2017-12-10 00:00","2017","12","10","00:00","-11.2","","-12.7","","89","","23","","9","","16.1","","98.66","","","","-16","","NA"
"2017-12-10 01:00","2017","12","10","01:00","-10.9","","-12.5","","88","","24","","13","","16.1","","98.57","","","","-17","","Snow"
"2017-12-10 02:00","2017","12","10","02:00","-10.7","","-12.6","","86","","26","","11","","16.1","","98.55","","","","-16","","NA"
"2017-12-10 03:00","2017","12","10","03:00","-10.6","","-12.8","","84","","28","","9","","16.1","","98.57","","","","-16","","NA"
"2017-12-10 04:00","2017","12","10","04:00","-10.3","","-12.8","","82","","30","","14","","16.1","","98.62","","","","-17","","Mostly Cloudy"
"2017-12-10 05:00","2017","12","10","05:00","-11.2","","-13.4","","84","","26","","10","","24.1","","98.64","","","","-17","","NA"
"2017-12-10 06:00","2017","12","10","06:00","-11.4","","-13.5","","85","","28","","9","","24.1","","98.68","","","","-17","","NA"
"2017-12-10 07:00","2017","12","10","07:00","-11.3","","-13.8","","82","","32","","7","","24.1","","98.76","","","","-16","","Mostly Cloudy"
"2017-12-10 08:00","2017","12","10","08:00","-10.6","","-14.0","","76","","36","","14","","16.1","","98.85","","","","-17","","Snow"
"2017-12-10 09:00","2017","12","10","09:00","-11.2","","-14.9","","75","","2","","11","","32.2","","98.94","","","","-17","","NA"
"2017-12-10 10:00","2017","12","10","10:00","-12.9","","-16.8","","73","","3","","14","","32.2","","99.05","","","","-20","","Mainly Clear"
"2017-12-10 11:00","2017","12","10","11:00","-13.1","","-17.3","","71","","34","","18","","32.2","","99.17","","","","-21","","NA"
"2017-12-10 12:00","2017","12","10","12:00","-12.9","","-17.1","","71","","33","","13","","32.2","","99.20","","","","-20","","NA"
"2017-12-10 13:00","2017","12","10","13:00","-13.0","","-17.7","","68","","36","","12","","32.2","","99.18","","","","-20","","Mostly Cloudy"
"2017-12-10 14:00","2017","12","10","14:00","-11.9","","-18.2","","60","","32","","14","","32.2","","99.18","","","","-19","","NA"
"2017-12-10 15:00","2017","12","10","15:00","-12.0","","-17.7","","63","","34","","10","","32.2","","99.21","","","","-18","","NA"
"2017-12-10 16:00","2017","12","10","16:00","-11.9","","-17.8","","62","","30","","14","","32.2","","99.30","","","","-19","","Mostly Cloudy"
"2017-12-10 17:00","2017","12","10","17:00","-12.1","","-17.5","","64","","33","","10","","32.2","","99.34","","","","-18","","NA"
"2017-12-10 18:00","2017","12","10","18:00","-13.5","","-18.2","","68","","36","","5","","24.1","","99.41","","","","-17","","NA"
"2017-12-10 19:00","2017","12","10","19:00","-15.4","","-19.2","","73","","36","","2","","24.1","","99.43","","","","-17","","Mainly Clear"
"2017-12-10 20:00","2017","12","10","20:00","-17.3","","-19.4","","84","","36","","3","","24.1","","99.43","","","","-20","","NA"
"2017-12-10 21:00","2017","12","10","21:00","-18.7","","-20.4","","87","","24","","4","","24.1","","99.35","","","","-22","","NA"
"2017-12-10 22:00","2017","12","10","22:00","-19.6","","-21.3","","87","","29","","4","","24.1","","99.30","","","","-23","","Mainly Clear"
"2017-12-10 23:00","2017","12","10","23:00","-19.9","","-21.5","","87","","27","","4","","24.1","","99.28","","","","-23","","NA"
"2017-12-11 00:00","2017","12","11","00:00","-20.2","","-22.4","","83","","27","","7","","24.1","","99.26","","","","-26","","NA"
"2017-12-11 01:00","2017","12","11","01:00","-19.6","","-21.3","","87","","32","","7","","24.1","","99.17","","","","-25","","Mostly Cloudy"
"2017-12-11 02:00","2017","12","11","02:00","-19.1","","-20.9","","86","","32","","10","","24.1","","99.00","","","","-26","","NA"
"2017-12-11 03:00","2017","12","11","03:00","-17.7","","-19.8","","84","","36","","2","","24.1","","98.98","","","","-19","","NA"
"2017-12-11 04:00","2017","12","11","04:00","-16.9","","-18.9","","85","","26","","5","","24.1","","98.86","","","","-21","","Cloudy"
"2017-12-11 05:00","2017","12","11","05:00","-16.3","","-18.1","","86","","36","","2","","24.1","","98.72","","","","-18","","NA"
"2017-12-11 06:00","2017","12","11","06:00","-15.6","","-17.3","","87","","26","","5","","6.4","","98.66","","","","-19","","Snow"
"2017-12-11 07:00","2017","12","11","07:00","-14.8","","-16.4","","88","","23","","8","","4.8","","98.60","","","","-20","","Snow"
"2017-12-11 08:00","2017","12","11","08:00","-14.3","","-15.9","","88","","23","","7","","4.8","","98.53","","","","-19","","Snow"
"2017-12-11 09:00","2017","12","11","09:00","-13.9","","-15.4","","88","","24","","7","","4.8","","98.48","","","","-19","","Snow"
"2017-12-11 10:00","2017","12","11","10:00","-13.0","","-14.5","","89","","24","","7","","2.4","","98.46","","","","-18","","Snow"
"2017-12-11 11:00","2017","12","11","11:00","-11.9","","-13.2","","90","","25","","9","","1.2","","98.43","","","","-17","","Snow"
"2017-12-11 12:00","2017","12","11","12:00","-10.8","","-12.3","","89","","24","","9","","8.1","","98.43","","","","-16","","Snow"
"2017-12-11 13:00","2017","12","11","13:00","-7.5","","-10.2","","81","","32","","12","","32.2","","98.44","","","","-13","","Snow"
"2017-12-11 14:00","2017","12","11","14:00","-7.8","","-11.7","","74","","32","","24","","32.2","","98.51","","","","-16","","Snow,Blowing Snow"
"2017-12-11 15:00","2017","12","11","15:00","-8.2","","-12.4","","72","","34","","17","","32.2","","98.64","","","","-15","","Blowing Snow"
"2017-12-11 16:00","2017","12","11","16:00","-9.3","","-14.2","","68","","34","","28","","32.2","","98.77","","","","-18","","Blowing Snow"
"2017-12-11 17:00","2017","12","11","17:00","-10.6","","-15.4","","68","","34","","21","","32.2","","98.94","","","","-19","","Blowing Snow"
"2017-12-11 18:00","2017","12","11","18:00","-11.4","","-16.2","","68","","32","","19","","24.1","","99.09","","","","-19","","Blowing Snow"
"2017-12-11 19:00","2017","12","11","19:00","-12.2","","-16.9","","68","","33","","21","","24.1","","99.23","","","","-21","","Snow,Blowing Snow"
"2017-12-11 20:00","2017","12","11","20:00","-12.8","","-17.7","","67","","33","","32","","24.1","","99.35","","","","-23","","Snow,Blowing Snow"
"2017-12-11 21:00","2017","12","11","21:00","-13.5","","-18.3","","68","","33","","32","","24.1","","99.44","","","","-24","","Blowing Snow"
"2017-12-11 22:00","2017","12","11","22:00","-14.1","","-19.3","","65","","34","","18","","24.1","","99.53","","","","-23","","Snow,Blowing Snow"
"2017-12-11 23:00","2017","12","11","23:00","-14.1","","-18.3","","71","","4","","5","","24.1","","99.59","","","","-18","","Snow"
"2017-12-12 00:00","2017","12","12","00:00","-14.5","","-19.1","","68","","30","","5","","24.1","","99.61","","","","-18","","Snow"
"2017-12-12 01:00","2017","12","12","01:00","-14.6","","-19.2","","68","","34","","10","","24.1","","99.60","","","","-21","","Snow"
"2017-12-12 02:00","2017","12","12","02:00","-14.6","","-19.0","","70","","32","","15","","24.1","","99.62","","","","-22","","Snow"
"2017-12-12 03:00","2017","12","12","03:00","-14.6","","-20.1","","63","","33","","18","","24.1","","99.64","","","","-23","","Snow"
"2017-12-12 04:00","2017","12","12","04:00","-15.0","","-19.8","","67","","31","","11","","24.1","","99.61","","","","-22","","Snow"
"2017-12-12 05:00","2017","12","12","05:00","-15.5","","-20.3","","67","","31","","14","","24.1","","99.60","","","","-23","","Snow"
"2017-12-12 06:00","2017","12","12","06:00","-16.3","","-20.8","","69","","29","","14","","24.1","","99.60","","","","-24","","Snow"
"2017-12-12 07:00","2017","12","12","07:00","-17.3","","-20.9","","74","","29","","9","","24.1","","99.57","","","","-24","","Snow"
"2017-12-12 08:00","2017","12","12","08:00","-18.0","","-21.4","","75","","29","","16","","32.2","","99.58","","","","-27","","NA"
"2017-12-12 09:00","2017","12","12","09:00","-18.9","","-22.2","","76","","29","","16","","32.2","","99.57","","","","-28","","NA"
"2017-12-12 10:00","2017","12","12","10:00","-18.5","","-22.4","","72","","30","","16","","32.2","","99.55","","","","-28","","Mainly Clear"
"2017-12-12 11:00","2017","12","12","11:00","-17.8","","-22.2","","69","","30","","11","","32.2","","99.57","","","","-25","","NA"
"2017-12-12 12:00","2017","12","12","12:00","-16.9","","-21.8","","66","","29","","10","","32.2","","99.52","","","","-24","","NA"
"2017-12-12 13:00","2017","12","12","13:00","-16.1","","-21.8","","62","","29","","18","","32.2","","99.40","","","","-25","","Mainly Clear"
"2017-12-12 14:00","2017","12","12","14:00","-15.4","","-21.1","","62","","29","","12","","32.2","","99.28","","","","-22","","NA"
"2017-12-12 15:00","2017","12","12","15:00","-14.6","","-20.8","","60","","32","","8","","32.2","","99.21","","","","-20","","NA"
"2017-12-12 16:00","2017","12","12","16:00","-14.0","","-20.4","","59","","0","","1","","32.2","","99.15","","","","-15","","Mostly Cloudy"
"2017-12-12 17:00","2017","12","12","17:00","-14.7","","-19.7","","66","","20","","8","","32.2","","99.11","","","","-20","","NA"
"2017-12-12 18:00","2017","12","12","18:00","-16.0","","-19.5","","75","","36","","3","","24.1","","99.07","","","","-18","","NA"
"2017-12-12 19:00","2017","12","12","19:00","-16.4","","-19.5","","78","","36","","2","","24.1","","99.01","","","","-18","","Mostly Cloudy"
"2017-12-12 20:00","2017","12","12","20:00","-15.8","","-18.4","","81","","36","","1","","24.1","","99.00","","","","-17","","NA"
"2017-12-12 21:00","2017","12","12","21:00","-15.8","","-17.9","","84","","36","","2","","24.1","","98.87","","","","-17","","NA"
"2017-12-12 22:00","2017","12","12","22:00","-15.9","","-17.9","","85","","31","","4","","24.1","","98.81","","","","-19","","Mostly Cloudy"
"2017-12-12 23:00","2017","12","12","23:00","-15.9","","-17.6","","87","","2","","4","","24.1","","98.70","","","","-19","","NA"
"2017-12-13 00:00","2017","12","13","00:00","-16.6","","-18.3","","87","","29","","3","","24.1","","98.59","","","","-19","","NA"
"2017-12-13 01:00","2017","12","13","01:00","-15.7","","-17.5","","86","","36","","2","","8.1","","98.50","","","","-17","","Snow"
"2017-12-13 02:00","2017","12","13","02:00","-14.7","","-16.2","","89","","36","","2","","24.1","","98.40","","","","-16","","Snow"
"2017-12-13 03:00","2017","12","13","03:00","-13.5","","-14.9","","89","","36","","2","","24.1","","98.30","","","","-15","","Snow"
"2017-12-13 04:00","2017","12","13","04:00","-12.5","","-13.5","","92","","5","","10","","24.1","","98.18","","","","-18","","Snow"
"2017-12-13 05:00","2017","12","13","05:00","-8.9","","-10.9","","86","","8","","21","","24.1","","98.09","","","","-17","","Snow"
"2017-12-13 06:00","2017","12","13","06:00","-8.4","","-10.5","","85","","7","","27","","12.9","","98.07","","","","-17","","Snow"
"2017-12-13 07:00","2017","12","13","07:00","-8.2","","-10.3","","85","","7","","28","","24.1","","98.08","","","","-17","","Snow"
"2017-12-13 08:00","2017","12","13","08:00","-8.6","","-10.2","","88","","6","","23","","8.1","","98.11","","","","-17","","Snow"
"2017-12-13 09:00","2017","12","13","09:00","-8.8","","-10.3","","89","","6","","27","","6.4","","98.15","","","","-18","","Snow"
"2017-12-13 10:00","2017","12","13","10:00","-8.8","","-10.5","","88","","7","","37","","3.2","","98.21","","","","-19","","Snow,Blowing Snow"
"2017-12-13 11:00","2017","12","13","11:00","-10.3","","-12.1","","87","","6","","28","","8.1","","98.34","","","","-20","","Snow,Blowing Snow"
"2017-12-13 12:00","2017","12","13","12:00","-11.3","","-13.8","","82","","5","","21","","32.2","","98.42","","","","-20","","Snow,Blowing Snow"
"2017-12-13 13:00","2017","12","13","13:00","-11.2","","-16.0","","68","","6","","27","","32.2","","98.41","","","","-21","","Blowing Snow"
"2017-12-13 14:00","2017","12","13","14:00","-10.9","","-15.9","","67","","5","","13","","32.2","","98.45","","","","-17","","NA"
"2017-12-13 15:00","2017","12","13","15:00","-11.0","","-15.8","","68","","2","","14","","32.2","","98.49","","","","-18","","NA"
"2017-12-13 16:00","2017","12","13","16:00","-11.1","","-16.3","","66","","35","","16","","32.2","","98.55","","","","-18","","Mainly Clear"
"2017-12-13 17:00","2017","12","13","17:00","-12.2","","-16.6","","70","","36","","8","","32.2","","98.66","","","","-17","","NA"
"2017-12-13 18:00","2017","12","13","18:00","-13.9","","-17.3","","76","","34","","9","","24.1","","98.77","","","","-20","","NA"
"2017-12-13 19:00","2017","12","13","19:00","-15.1","","-18.0","","79","","35","","3","","24.1","","98.84","","","","-17","","Mainly Clear"
"2017-12-13 20:00","2017","12","13","20:00","-16.1","","-18.5","","82","","22","","3","","24.1","","98.92","","","","-18","","NA"
"2017-12-13 21:00","2017","12","13","21:00","-19.5","","-20.6","","91","","23","","4","","24.1","","99.00","","","","-23","","NA"
"2017-12-13 22:00","2017","12","13","22:00","-19.2","","-20.9","","87","","28","","10","","24.1","","99.01","","","","-26","","Clear"
"2017-12-13 23:00","2017","12","13","23:00","-19.6","","-21.2","","87","","23","","9","","24.1","","99.06","","","","-26","","NA"
"2017-12-14 00:00","2017","12","14","00:00","-19.8","","-21.6","","86","","25","","14","","24.1","","99.06","","","","-29","","NA"
"2017-12-14 01:00","2017","12","14","01:00","-19.0","","-21.1","","84","","26","","14","","24.1","","99.05","","","","-28","","Clear"
"2017-12-14 02:00","2017","12","14","02:00","-20.9","","-22.9","","84","","23","","11","","24.1","","99.04","","","","-29","","NA"
"2017-12-14 03:00","2017","12","14","03:00","-20.9","","-22.7","","86","","24","","13","","24.1","","99.08","","","","-30","","NA"
"2017-12-14 04:00","2017","12","14","04:00","-20.3","","-22.3","","84","","31","","7","","24.1","","99.10","","","","-26","","Mainly Clear"
"2017-12-14 05:00","2017","12","14","05:00","-20.9","","-22.9","","84","","27","","8","","24.1","","99.11","","","","-27","","NA"
"2017-12-14 06:00","2017","12","14","06:00","-21.1","","-23.2","","83","","29","","11","","24.1","","99.11","","","","-29","","NA"
"2017-12-14 07:00","2017","12","14","07:00","-20.7","","-22.9","","83","","24","","5","","24.1","","99.15","","","","-25","","Cloudy"
"2017-12-14 08:00","2017","12","14","08:00","-20.6","","-22.6","","84","","25","","5","","32.2","","99.16","","","","-25","","NA"
"2017-12-14 09:00","2017","12","14","09:00","-20.1","","-22.1","","84","","23","","9","","32.2","","99.18","","","","-27","","NA"
"2017-12-14 10:00","2017","12","14","10:00","-19.2","","-21.0","","86","","25","","4","","32.2","","99.20","","","","-23","","Mostly Cloudy"
"2017-12-14 11:00","2017","12","14","11:00","-16.3","","-18.2","","85","","20","","8","","32.2","","99.15","","","","-22","","NA"
"2017-12-14 12:00","2017","12","14","12:00","-13.1","","-15.6","","82","","21","","12","","32.2","","99.11","","","","-20","","NA"
"2017-12-14 13:00","2017","12","14","13:00","-10.8","","-14.2","","76","","24","","9","","32.2","","99.03","","","","-16","","Cloudy"
"2017-12-14 14:00","2017","12","14","14:00","-9.5","","-13.6","","73","","26","","5","","32.2","","98.99","","","","-12","","NA"
"2017-12-14 15:00","2017","12","14","15:00","-9.1","","-13.1","","73","","22","","10","","32.2","","98.97","","","","-14","","NA"
"2017-12-14 16:00","2017","12","14","16:00","-8.6","","-12.5","","74","","23","","9","","32.2","","98.95","","","","-13","","Cloudy"
"2017-12-14 17:00","2017","12","14","17:00","-8.6","","-12.3","","75","","26","","5","","32.2","","98.93","","","","-11","","NA"
"2017-12-14 18:00","2017","12","14","18:00","-8.9","","-12.2","","77","","26","","7","","24.1","","98.95","","","","-13","","NA"
"2017-12-14 19:00","2017","12","14","19:00","-9.1","","-11.6","","82","","25","","8","","16.1","","98.91","","","","-13","","Snow"
"2017-12-14 20:00","2017","12","14","20:00","-9.1","","-11.2","","85","","23","","7","","24.1","","98.85","","","","-13","","Snow"
"2017-12-14 21:00","2017","12","14","21:00","-9.1","","-10.6","","89","","26","","10","","3.2","","98.82","","","","-14","","Snow"
"2017-12-14 22:00","2017","12","14","22:00","-9.0","","-10.5","","89","","25","","8","","9.7","","98.75","","","","-13","","Snow"
"2017-12-14 23:00","2017","12","14","23:00","-9.0","","-10.5","","89","","25","","10","","16.1","","98.70","","","","-14","","Snow"
"2017-12-15 00:00","2017","12","15","00:00","-9.7","","-11.5","","87","","29","","8","","24.1","","98.68","","","","-14","","Snow"
"2017-12-15 01:00","2017","12","15","01:00","-11.0","","-13.3","","83","","29","","10","","24.1","","98.67","","","","-16","","Mostly Cloudy"
"2017-12-15 02:00","2017","12","15","02:00","-11.4","","-13.4","","85","","25","","4","","24.1","","98.64","","","","-14","","NA"
"2017-12-15 03:00","2017","12","15","03:00","-11.2","","-13.6","","83","","30","","8","","24.1","","98.62","","","","-16","","NA"
"2017-12-15 04:00","2017","12","15","04:00","-10.9","","-13.7","","80","","29","","7","","24.1","","98.61","","","","-15","","Cloudy"
"2017-12-15 05:00","2017","12","15","05:00","-11.0","","-14.0","","79","","27","","8","","24.1","","98.59","","","","-16","","Snow"
"2017-12-15 06:00","2017","12","15","06:00","-10.9","","-14.2","","77","","30","","14","","24.1","","98.58","","","","-18","","Snow"
"2017-12-15 07:00","2017","12","15","07:00","-11.0","","-14.4","","76","","30","","13","","24.1","","98.60","","","","-17","","Snow"
"2017-12-15 08:00","2017","12","15","08:00","-11.4","","-14.7","","77","","32","","10","","24.1","","98.59","","","","-17","","Snow"
"2017-12-15 09:00","2017","12","15","09:00","-12.4","","-16.1","","74","","35","","11","","32.2","","98.60","","","","-18","","NA"
"2017-12-15 10:00","2017","12","15","10:00","-13.1","","-16.5","","76","","33","","8","","32.2","","98.62","","","","-18","","Mainly Clear"
"2017-12-15 11:00","2017","12","15","11:00","-12.2","","-17.5","","65","","33","","12","","32.2","","98.63","","","","-19","","NA"
"2017-12-15 12:00","2017","12","15","12:00","-11.8","","-17.9","","61","","30","","14","","32.2","","98.60","","","","-19","","NA"
"2017-12-15 13:00","2017","12","15","13:00","-11.2","","-17.5","","60","","31","","14","","32.2","","98.56","","","","-18","","Mostly Cloudy"
"2017-12-15 14:00","2017","12","15","14:00","-11.4","","-17.4","","62","","31","","17","","32.2","","98.55","","","","-19","","NA"
"2017-12-15 15:00","2017","12","15","15:00","-11.6","","-18.2","","59","","29","","14","","32.2","","98.49","","","","-18","","NA"
"2017-12-15 16:00","2017","12","15","16:00","-11.8","","-18.7","","57","","31","","16","","32.2","","98.52","","","","-19","","Mainly Clear"
"2017-12-15 17:00","2017","12","15","17:00","-13.4","","-19.1","","63","","30","","10","","32.2","","98.56","","","","-19","","NA"
"2017-12-15 18:00","2017","12","15","18:00","-14.5","","-18.7","","71","","32","","5","","24.1","","98.62","","","","-18","","NA"
"2017-12-15 19:00","2017","12","15","19:00","-17.4","","-19.9","","81","","30","","5","","24.1","","98.67","","","","-21","","Mostly Cloudy"
"2017-12-15 20:00","2017","12","15","20:00","-18.2","","-20.0","","86","","30","","4","","24.1","","98.71","","","","-21","","NA"
"2017-12-15 21:00","2017","12","15","21:00","-19.3","","-21.1","","86","","31","","5","","24.1","","98.72","","","","-23","","NA"
"2017-12-15 22:00","2017","12","15","22:00","-21.2","","-23.1","","85","","36","","3","","24.1","","98.75","","","","-24","","Clear"
"2017-12-15 23:00","2017","12","15","23:00","-21.9","","-24.2","","82","","36","","3","","24.1","","98.84","","","","-25","","NA"
"2017-12-16 00:00","2017","12","16","00:00","-19.6","","-22.2","","80","","2","","8","","24.1","","98.90","","","","-26","","NA"
"2017-12-16 01:00","2017","12","16","01:00","-19.5","","-22.4","","78","","1","","9","","24.1","","98.95","","","","-26","","Mostly Cloudy"
"2017-12-16 02:00","2017","12","16","02:00","-20.2","","-23.0","","79","","2","","11","","24.1","","98.98","","","","-28","","NA"
"2017-12-16 03:00","2017","12","16","03:00","-20.2","","-23.1","","78","","2","","11","","24.1","","99.09","","","","-28","","NA"
"2017-12-16 04:00","2017","12","16","04:00","-20.5","","-23.4","","78","","2","","10","","24.1","","99.15","","","","-28","","Mainly Clear"
"2017-12-16 05:00","2017","12","16","05:00","-20.9","","-24.1","","76","","1","","9","","24.1","","99.17","","","","-28","","NA"
"2017-12-16 06:00","2017","12","16","06:00","-23.1","","-25.9","","78","","23","","8","","24.1","","99.24","","","","-30","","NA"
"2017-12-16 07:00","2017","12","16","07:00","-24.3","","-26.6","","82","","23","","7","","24.1","","99.31","","","","-31","","Mainly Clear"
"2017-12-16 08:00","2017","12","16","08:00","-24.9","","-27.2","","82","","22","","4","","24.1","","99.35","","","","-29","","NA"
"2017-12-16 09:00","2017","12","16","09:00","-24.7","","-27.0","","82","","23","","13","","32.2","","99.42","","","","-34","","NA"
"2017-12-16 10:00","2017","12","16","10:00","-21.9","","-24.9","","77","","28","","6","","32.2","","99.51","","","","-27","","Cloudy"
"2017-12-16 11:00","2017","12","16","11:00","-20.1","","-23.5","","75","","28","","5","","24.1","","99.62","","","","-24","","NA"
"2017-12-16 12:00","2017","12","16","12:00","-18.5","","-22.1","","74","","22","","8","","24.1","","99.62","","","","-24","","NA"
"2017-12-16 13:00","2017","12","16","13:00","-16.2","","-20.2","","72","","20","","7","","24.1","","99.61","","","","-21","","Cloudy"
"2017-12-16 14:00","2017","12","16","14:00","-14.3","","-17.9","","75","","14","","4","","32.2","","99.57","","","","-17","","NA"
"2017-12-16 15:00","2017","12","16","15:00","-11.7","","-14.2","","82","","8","","9","","32.2","","99.57","","","","-17","","Snow"
"2017-12-16 16:00","2017","12","16","16:00","-11.2","","-13.2","","85","","6","","18","","8.1","","99.59","","","","-19","","Snow"
"2017-12-16 17:00","2017","12","16","17:00","-11.7","","-13.7","","86","","6","","14","","8.1","","99.66","","","","-19","","Snow"
"2017-12-16 18:00","2017","12","16","18:00","-11.7","","-13.6","","86","","4","","11","","8.1","","99.72","","","","-18","","Snow"
"2017-12-16 19:00","2017","12","16","19:00","-11.6","","-13.5","","86","","5","","12","","16.1","","99.77","","","","-18","","Mostly Cloudy"
"2017-12-16 20:00","2017","12","16","20:00","-11.6","","-13.6","","85","","36","","4","","16.1","","99.77","","","","-14","","Snow"
"2017-12-16 21:00","2017","12","16","21:00","-11.3","","-13.2","","86","","33","","5","","16.1","","99.80","","","","-14","","Snow"
"2017-12-16 22:00","2017","12","16","22:00","-10.9","","-12.8","","86","","36","","2","","16.1","","99.79","","","","-12","","Snow"
"2017-12-16 23:00","2017","12","16","23:00","-10.4","","-12.2","","87","","36","","2","","16.1","","99.77","","","","-12","","Snow"
"2017-12-17 00:00","2017","12","17","00:00","-10.5","","-12.0","","89","","22","","8","","16.1","","99.80","","","","-15","","Snow"
"2017-12-17 01:00","2017","12","17","01:00","-10.5","","-12.1","","88","","26","","5","","24.1","","99.79","","","","-14","","Snow"
"2017-12-17 02:00","2017","12","17","02:00","-10.4","","-11.9","","89","","23","","10","","24.1","","99.74","","","","-16","","Snow"
"2017-12-17 03:00","2017","12","17","03:00","-10.2","","-11.8","","88","","25","","8","","24.1","","99.72","","","","-15","","Snow"
"2017-12-17 04:00","2017","12","17","04:00","-9.9","","-11.6","","87","","24","","6","","24.1","","99.68","","","","-13","","Snow"
"2017-12-17 05:00","2017","12","17","05:00","-9.7","","-11.3","","88","","26","","6","","24.1","","99.61","","","","-13","","NA"
"2017-12-17 06:00","2017","12","17","06:00","-9.4","","-11.0","","88","","24","","9","","24.1","","99.54","","","","-14","","NA"
"2017-12-17 07:00","2017","12","17","07:00","-8.9","","-10.5","","88","","23","","8","","24.1","","99.56","","","","-13","","Cloudy"
"2017-12-17 08:00","2017","12","17","08:00","-8.6","","-10.3","","87","","23","","5","","24.1","","99.49","","","","-11","","NA"
"2017-12-17 09:00","2017","12","17","09:00","-8.3","","-10.1","","87","","25","","8","","16.1","","99.50","","","","-12","","NA"
"2017-12-17 10:00","2017","12","17","10:00","-7.9","","-9.6","","87","","25","","7","","16.1","","99.49","","","","-12","","Cloudy"
"2017-12-17 11:00","2017","12","17","11:00","-7.2","","-9.2","","86","","27","","5","","16.1","","99.46","","","","-10","","NA"
"2017-12-17 12:00","2017","12","17","12:00","-6.2","","-8.5","","84","","24","","6","","24.1","","99.39","","","","-9","","NA"
"2017-12-17 13:00","2017","12","17","13:00","-5.1","","-7.5","","83","","19","","4","","16.1","","99.29","","","","-7","","Cloudy"
"2017-12-17 14:00","2017","12","17","14:00","-3.3","","-5.7","","84","","24","","6","","16.1","","99.17","","","","-6","","NA"
"2017-12-17 15:00","2017","12","17","15:00","-1.9","","-4.6","","82","","25","","14","","24.1","","99.09","","","","-7","","NA"
"2017-12-17 16:00","2017","12","17","16:00","-1.7","","-4.2","","83","","24","","15","","24.1","","99.03","","","","-7","","Cloudy"
"2017-12-17 17:00","2017","12","17","17:00","-1.9","","-4.1","","85","","27","","9","","24.1","","98.99","","","","-5","","NA"
"2017-12-17 18:00","2017","12","17","18:00","-2.1","","-4.0","","87","","26","","8","","24.1","","98.94","","","","-5","","NA"
"2017-12-17 19:00","2017","12","17","19:00","-2.1","","-3.9","","88","","25","","7","","24.1","","98.90","","","","-5","","Cloudy"
"2017-12-17 20:00","2017","12","17","20:00","-2.1","","-4.1","","86","","26","","9","","24.1","","98.89","","","","-6","","NA"
"2017-12-17 21:00","2017","12","17","21:00","-2.3","","-4.8","","83","","27","","13","","24.1","","98.87","","","","-7","","NA"
"2017-12-17 22:00","2017","12","17","22:00","-2.7","","-5.3","","82","","28","","16","","24.1","","98.83","","","","-8","","Cloudy"
"2017-12-17 23:00","2017","12","17","23:00","-3.0","","-5.3","","84","","27","","11","","24.1","","98.81","","","","-7","","NA"
"2017-12-18 00:00","2017","12","18","00:00","-3.3","","-5.6","","84","","26","","11","","24.1","","98.78","","","","-8","","NA"
"2017-12-18 01:00","2017","12","18","01:00","-3.6","","-5.5","","87","","25","","10","","24.1","","98.71","","","","-8","","Cloudy"
"2017-12-18 02:00","2017","12","18","02:00","-3.9","","-5.8","","87","","27","","8","","24.1","","98.63","","","","-7","","NA"
"2017-12-18 03:00","2017","12","18","03:00","-4.3","","-6.0","","88","","23","","12","","24.1","","98.59","","","","-9","","NA"
"2017-12-18 04:00","2017","12","18","04:00","-4.7","","-6.1","","90","","27","","11","","24.1","","98.54","","","","-9","","Cloudy"
"2017-12-18 05:00","2017","12","18","05:00","-5.2","","-6.3","","92","","26","","10","","24.1","","98.44","","","","-10","","NA"
"2017-12-18 06:00","2017","12","18","06:00","-5.6","","-6.6","","93","","24","","10","","24.1","","98.35","","","","-10","","NA"
"2017-12-18 07:00","2017","12","18","07:00","-6.8","","-7.5","","95","","26","","7","","24.1","","98.31","","","","-10","","Mostly Cloudy"
"2017-12-18 08:00","2017","12","18","08:00","-7.2","","-8.0","","94","","36","","2","","16.1","","98.20","","","","-8","","NA"
"2017-12-18 09:00","2017","12","18","09:00","-7.1","","-7.8","","95","","36","","1","","32.2","","98.12","","","","-8","","NA"
"2017-12-18 10:00","2017","12","18","10:00","-6.6","","-7.4","","94","","31","","3","","24.1","","98.06","","","","-8","","Cloudy"
"2017-12-18 11:00","2017","12","18","11:00","-5.7","","-7.1","","90","","36","","3","","24.1","","98.00","","","","-7","","NA"
"2017-12-18 12:00","2017","12","18","12:00","-4.4","","-6.2","","87","","9","","4","","16.1","","97.90","","","","-6","","NA"
"2017-12-18 13:00","2017","12","18","13:00","-2.8","","-4.9","","86","","7","","4","","24.1","","97.78","","","","-4","","Cloudy"
"2017-12-18 14:00","2017","12","18","14:00","-1.7","","-3.7","","86","","","","0","","12.9","","97.71","","","","","","NA"
"2017-12-18 15:00","2017","12","18","15:00","1.4","","-1.5","","81","","22","","16","","24.1","","97.56","","","","","","NA"
"2017-12-18 16:00","2017","12","18","16:00","1.2","","-1.5","","82","","23","","12","","19.3","","97.52","","","","","","Cloudy"
"2017-12-18 17:00","2017","12","18","17:00","1.1","","-1.5","","83","","21","","11","","19.3","","97.49","","","","","","NA"
"2017-12-18 18:00","2017","12","18","18:00","1.2","","-1.4","","83","","23","","10","","24.1","","97.45","","","","","","NA"
"2017-12-18 19:00","2017","12","18","19:00","0.7","","-0.9","","89","","23","","14","","4.8","","97.43","","","","","","Snow"
"2017-12-18 20:00","2017","12","18","20:00","0.0","","-0.3","","98","","22","","9","","1.6","","97.38","","","","-3","","Snow"
"2017-12-18 21:00","2017","12","18","21:00","0.2","","0.1","","99","","25","","15","","2.0","","97.35","","","","","","Snow"
"2017-12-18 22:00","2017","12","18","22:00","-0.1","","-0.2","","99","","24","","10","","2.4","","97.27","","","","-3","","Snow"
"2017-12-18 23:00","2017","12","18","23:00","0.0","","-0.3","","98","","25","","14","","9.7","","97.30","","","","-4","","Snow Showers"
"2017-12-19 00:00","2017","12","19","00:00","0.4","","-0.4","","94","","26","","16","","16.1","","97.33","","","","","","Snow"
"2017-12-19 01:00","2017","12","19","01:00","0.0","","-0.6","","96","","26","","13","","24.1","","97.39","","","","-4","","Snow"
"2017-12-19 02:00","2017","12","19","02:00","0.8","","-0.6","","90","","24","","13","","24.1","","97.42","","","","","","NA"
"2017-12-19 03:00","2017","12","19","03:00","0.0","","-1.4","","90","","23","","12","","24.1","","97.43","","","","-4","","NA"
"2017-12-19 04:00","2017","12","19","04:00","-0.3","","-1.4","","93","","24","","14","","24.1","","97.51","","","","-5","","Cloudy"
"2017-12-19 05:00","2017","12","19","05:00","0.1","","-1.4","","90","","25","","14","","24.1","","97.53","","","","","","NA"
"2017-12-19 06:00","2017","12","19","06:00","-0.2","","-2.6","","84","","27","","21","","24.1","","97.51","","","","-6","","NA"
"2017-12-19 07:00","2017","12","19","07:00","0.2","","-1.9","","86","","26","","16","","8.1","","97.55","","","","","","Snow"
"2017-12-19 08:00","2017","12","19","08:00","-0.3","","-3.1","","81","","26","","25","","24.1","","97.53","","","","-6","","NA"
"2017-12-19 09:00","2017","12","19","09:00","-0.7","","-3.9","","79","","27","","22","","32.2","","97.59","","","","-6","","NA"
"2017-12-19 10:00","2017","12","19","10:00","-0.6","","-4.3","","76","","28","","30","","32.2","","97.67","","","","-7","","Blowing Snow"
"2017-12-19 11:00","2017","12","19","11:00","-0.3","","-4.6","","73","","27","","37","","32.2","","97.73","","","","-8","","Blowing Snow"
"2017-12-19 12:00","2017","12","19","12:00","-0.9","","-5.5","","71","","28","","41","","32.2","","97.78","","","","-9","","Blowing Snow"
"2017-12-19 13:00","2017","12","19","13:00","-0.9","","-5.8","","69","","28","","43","","32.2","","97.78","","","","-9","","Blowing Snow"
"2017-12-19 14:00","2017","12","19","14:00","-2.5","","-8.2","","65","","31","","38","","32.2","","97.98","","","","-11","","Blowing Snow"
"2017-12-19 15:00","2017","12","19","15:00","-3.7","","-9.4","","65","","30","","37","","32.2","","98.10","","","","-12","","Blowing Snow"
"2017-12-19 16:00","2017","12","19","16:00","-5.7","","-10.2","","71","","29","","26","","8.1","","98.28","","","","-13","","Snow Showers,Blowing Snow"
"2017-12-19 17:00","2017","12","19","17:00","-7.2","","-13.1","","63","","31","","43","","9.7","","98.50","","","","-17","","Blowing Snow"
"2017-12-19 18:00","2017","12","19","18:00","-8.2","","-13.6","","65","","30","","33","","16.1","","98.65","","","","-18","","NA"
"2017-12-19 19:00","2017","12","19","19:00","-8.3","","-13.4","","67","","29","","21","","24.1","","98.80","","","","-16","","Snow"
"2017-12-19 20:00","2017","12","19","20:00","-8.9","","-14.5","","64","","30","","34","","16.1","","98.89","","","","-19","","NA"
"2017-12-19 21:00","2017","12","19","21:00","-8.9","","-14.2","","66","","30","","17","","16.1","","99.03","","","","-16","","NA"
"2017-12-19 22:00","2017","12","19","22:00","-9.5","","-14.7","","66","","31","","26","","24.1","","99.13","","","","-18","","Cloudy"
"2017-12-19 23:00","2017","12","19","23:00","-9.9","","-14.9","","67","","31","","23","","24.1","","99.19","","","","-18","","Snow"
"2017-12-20 00:00","2017","12","20","00:00","-10.6","","-15.5","","68","","30","","29","","24.1","","99.26","","","","-20","","NA"
"2017-12-20 01:00","2017","12","20","01:00","-10.6","","-15.1","","70","","29","","29","","24.1","","99.37","","","","-20","","Cloudy"
"2017-12-20 02:00","2017","12","20","02:00","-10.8","","-15.3","","70","","29","","19","","24.1","","99.42","","","","-19","","NA"
"2017-12-20 03:00","2017","12","20","03:00","-11.0","","-15.3","","71","","30","","24","","24.1","","99.51","","","","-20","","Snow"
"2017-12-20 04:00","2017","12","20","04:00","-12.2","","-16.9","","68","","31","","27","","24.1","","99.58","","","","-22","","Mainly Clear"
"2017-12-20 05:00","2017","12","20","05:00","-12.5","","-17.1","","69","","30","","22","","24.1","","99.63","","","","-21","","NA"
"2017-12-20 06:00","2017","12","20","06:00","-12.7","","-17.1","","70","","31","","21","","24.1","","99.64","","","","-21","","NA"
"2017-12-20 07:00","2017","12","20","07:00","-12.5","","-17.0","","70","","33","","19","","24.1","","99.76","","","","-21","","Mostly Cloudy"
"2017-12-20 08:00","2017","12","20","08:00","-12.6","","-16.8","","71","","31","","14","","24.1","","99.79","","","","-20","","NA"
"2017-12-20 09:00","2017","12","20","09:00","-12.6","","-17.1","","70","","31","","12","","32.2","","99.83","","","","-19","","NA"
"2017-12-20 10:00","2017","12","20","10:00","-12.4","","-16.6","","71","","32","","7","","32.2","","99.89","","","","-17","","Mostly Cloudy"
"2017-12-20 11:00","2017","12","20","11:00","-12.7","","-17.5","","68","","35","","12","","32.2","","99.95","","","","-19","","NA"
"2017-12-20 12:00","2017","12","20","12:00","-12.2","","-17.3","","66","","36","","9","","32.2","","99.94","","","","-17","","NA"
"2017-12-20 13:00","2017","12","20","13:00","-12.1","","-18.0","","62","","30","","10","","32.2","","99.90","","","","-18","","Mostly Cloudy"
"2017-12-20 14:00","2017","12","20","14:00","-11.6","","-17.6","","62","","29","","9","","32.2","","99.87","","","","-17","","NA"
"2017-12-20 15:00","2017","12","20","15:00","-11.5","","-17.6","","61","","36","","7","","32.2","","99.84","","","","-16","","NA"
"2017-12-20 16:00","2017","12","20","16:00","-11.7","","-17.6","","62","","2","","6","","32.2","","99.88","","","","-15","","Mostly Cloudy"
"2017-12-20 17:00","2017","12","20","17:00","-12.2","","-17.7","","64","","3","","3","","32.2","","99.92","","","","-14","","NA"
"2017-12-20 18:00","2017","12","20","18:00","-13.4","","-17.6","","71","","4","","8","","24.1","","99.89","","","","-18","","NA"
"2017-12-20 19:00","2017","12","20","19:00","-13.6","","-17.8","","71","","2","","3","","24.1","","99.89","","","","-16","","Mostly Cloudy"
"2017-12-20 20:00","2017","12","20","20:00","-14.0","","-17.2","","77","","33","","3","","24.1","","99.91","","","","-16","","NA"
"2017-12-20 21:00","2017","12","20","21:00","-13.7","","-16.8","","78","","36","","3","","24.1","","99.92","","","","-16","","NA"
"2017-12-20 22:00","2017","12","20","22:00","-13.9","","-16.6","","80","","31","","4","","24.1","","99.92","","","","-17","","Cloudy"
"2017-12-20 23:00","2017","12","20","23:00","-13.6","","-16.6","","79","","33","","3","","24.1","","99.90","","","","-16","","NA"
"2017-12-21 00:00","2017","12","21","00:00","-13.6","","-16.8","","77","","33","","5","","24.1","","99.92","","","","-17","","NA"
"2017-12-21 01:00","2017","12","21","01:00","-13.6","","-16.5","","79","","29","","3","","24.1","","99.97","","","","-16","","Snow"
"2017-12-21 02:00","2017","12","21","02:00","-13.6","","-15.8","","84","","29","","5","","24.1","","100.01","","","","-17","","Snow"
"2017-12-21 03:00","2017","12","21","03:00","-13.6","","-15.7","","85","","28","","3","","16.1","","100.03","","","","-16","","Snow"
"2017-12-21 04:00","2017","12","21","04:00","-14.0","","-15.6","","88","","31","","4","","24.1","","100.05","","","","-17","","Snow"
"2017-12-21 05:00","2017","12","21","05:00","-14.1","","-16.2","","84","","36","","3","","24.1","","100.01","","","","-16","","Snow"
"2017-12-21 06:00","2017","12","21","06:00","-14.3","","-16.0","","87","","29","","3","","24.1","","100.00","","","","-16","","Snow"
"2017-12-21 07:00","2017","12","21","07:00","-14.7","","-16.8","","84","","29","","5","","24.1","","100.02","","","","-18","","Snow"
"2017-12-21 08:00","2017","12","21","08:00","-15.2","","-17.6","","82","","29","","5","","24.1","","100.02","","","","-19","","Snow"
"2017-12-21 09:00","2017","12","21","09:00","-15.0","","-17.6","","81","","30","","4","","19.3","","100.04","","","","-18","","Snow"
"2017-12-21 10:00","2017","12","21","10:00","-14.5","","-17.6","","78","","36","","3","","32.2","","100.08","","","","-17","","Snow"
"2017-12-21 11:00","2017","12","21","11:00","-14.0","","-17.4","","76","","36","","3","","32.2","","100.08","","","","-16","","Snow"
"2017-12-21 12:00","2017","12","21","12:00","-13.0","","-16.9","","73","","26","","3","","32.2","","100.08","","","","-15","","Snow"
"2017-12-21 13:00","2017","12","21","13:00","-12.0","","-16.4","","70","","36","","1","","32.2","","100.02","","","","-13","","Snow"
"2017-12-21 14:00","2017","12","21","14:00","-11.6","","-17.8","","60","","36","","2","","32.2","","100.00","","","","-13","","Snow"
"2017-12-21 15:00","2017","12","21","15:00","-11.2","","-17.4","","61","","18","","4","","24.1","","99.97","","","","-14","","Snow"
"2017-12-21 16:00","2017","12","21","16:00","-11.0","","-16.6","","64","","33","","3","","32.2","","99.97","","","","-13","","Snow"
"2017-12-21 17:00","2017","12","21","17:00","-10.8","","-15.7","","68","","32","","4","","32.2","","99.94","","","","-13","","Snow"
"2017-12-21 18:00","2017","12","21","18:00","-11.1","","-14.6","","76","","30","","5","","24.1","","99.95","","","","-14","","Snow"
"2017-12-21 19:00","2017","12","21","19:00","-11.2","","-14.2","","78","","20","","6","","16.1","","99.92","","","","-15","","Snow"
"2017-12-21 20:00","2017","12","21","20:00","-11.1","","-14.1","","79","","26","","4","","24.1","","99.87","","","","-14","","Snow"
"2017-12-21 21:00","2017","12","21","21:00","-11.0","","-14.1","","78","","30","","5","","24.1","","99.88","","","","-14","","Snow"
"2017-12-21 22:00","2017","12","21","22:00","-11.0","","-13.8","","80","","0","","1","","24.1","","99.83","","","","-12","","Snow"
"2017-12-21 23:00","2017","12","21","23:00","-11.0","","-13.6","","82","","19","","5","","24.1","","99.81","","","","-14","","Snow"
"2017-12-22 00:00","2017","12","22","00:00","-11.1","","-13.3","","84","","31","","4","","24.1","","99.75","","","","-14","","Snow"
"2017-12-22 01:00","2017","12","22","01:00","-10.9","","-13.4","","82","","30","","4","","24.1","","99.68","","","","-13","","Snow"
"2017-12-22 02:00","2017","12","22","02:00","-10.8","","-13.1","","83","","23","","7","","24.1","","99.64","","","","-15","","Snow"
"2017-12-22 03:00","2017","12","22","03:00","-10.8","","-13.1","","84","","24","","11","","24.1","","99.65","","","","-17","","Snow"
"2017-12-22 04:00","2017","12","22","04:00","-10.7","","-13.1","","83","","22","","10","","24.1","","99.60","","","","-16","","Snow"
"2017-12-22 05:00","2017","12","22","05:00","-10.5","","-12.7","","84","","23","","9","","9.7","","99.55","","","","-15","","Snow"
"2017-12-22 06:00","2017","12","22","06:00","-10.7","","-12.0","","90","","23","","7","","4.8","","99.52","","","","-15","","Snow"
"2017-12-22 07:00","2017","12","22","07:00","-10.7","","-11.9","","91","","23","","8","","4.8","","99.48","","","","-15","","Snow"
"2017-12-22 08:00","2017","12","22","08:00","-10.6","","-11.9","","90","","36","","2","","6.4","","99.43","","","","-12","","Snow"
"2017-12-22 09:00","2017","12","22","09:00","-9.9","","-11.1","","91","","10","","10","","24.1","","99.33","","","","-15","","Snow"
"2017-12-22 10:00","2017","12","22","10:00","-9.3","","-10.5","","91","","30","","7","","32.2","","99.30","","","","-13","","Snow"
"2017-12-22 11:00","2017","12","22","11:00","-8.6","","-10.2","","88","","25","","5","","4.8","","99.32","","","","-11","","Snow"
"2017-12-22 12:00","2017","12","22","12:00","-7.7","","-9.1","","90","","24","","9","","8.1","","99.25","","","","-12","","Snow"
"2017-12-22 13:00","2017","12","22","13:00","-6.8","","-8.6","","87","","24","","9","","4.0","","99.17","","","","-11","","Snow"
"2017-12-22 14:00","2017","12","22","14:00","-6.7","","-8.5","","87","","21","","8","","24.1","","99.11","","","","-11","","Snow"
"2017-12-22 15:00","2017","12","22","15:00","-6.0","","-8.3","","84","","24","","7","","32.2","","99.05","","","","-9","","Snow"
"2017-12-22 16:00","2017","12","22","16:00","-5.9","","-8.2","","84","","22","","7","","32.2","","99.02","","","","-9","","Snow"
"2017-12-22 17:00","2017","12","22","17:00","-5.7","","-8.1","","83","","21","","5","","24.1","","98.99","","","","-8","","Snow"
"2017-12-22 18:00","2017","12","22","18:00","-7.2","","-9.0","","87","","23","","9","","24.1","","98.98","","","","-12","","NA"
"2017-12-22 19:00","2017","12","22","19:00","-6.4","","-9.9","","76","","27","","13","","24.1","","98.97","","","","-12","","Mostly Cloudy"
"2017-12-22 20:00","2017","12","22","20:00","-6.6","","-10.3","","75","","27","","22","","24.1","","98.98","","","","-14","","Snow"
"2017-12-22 21:00","2017","12","22","21:00","-7.3","","-11.1","","75","","28","","23","","24.1","","99.01","","","","-15","","NA"
"2017-12-22 22:00","2017","12","22","22:00","-7.7","","-11.7","","74","","28","","21","","24.1","","99.03","","","","-15","","Snow"
"2017-12-22 23:00","2017","12","22","23:00","-9.4","","-13.6","","72","","29","","22","","24.1","","99.11","","","","-17","","Snow,Blowing Snow"
"2017-12-23 00:00","2017","12","23","00:00","-10.3","","-13.9","","75","","28","","13","","24.1","","99.17","","","","-17","","NA"
"2017-12-23 01:00","2017","12","23","01:00","-10.1","","-14.1","","73","","28","","17","","24.1","","99.17","","","","-17","","Cloudy"
"2017-12-23 02:00","2017","12","23","02:00","-11.3","","-15.0","","75","","28","","15","","24.1","","99.17","","","","-18","","NA"
"2017-12-23 03:00","2017","12","23","03:00","-11.4","","-15.3","","73","","28","","14","","24.1","","99.18","","","","-18","","NA"
"2017-12-23 04:00","2017","12","23","04:00","-11.0","","-16.4","","65","","27","","19","","24.1","","99.21","","","","-19","","Mostly Cloudy"
"2017-12-23 05:00","2017","12","23","05:00","-11.3","","-17.5","","60","","28","","22","","24.1","","99.20","","","","-20","","NA"
"2017-12-23 06:00","2017","12","23","06:00","-12.0","","-16.6","","69","","31","","13","","24.1","","99.24","","","","-19","","Snow"
"2017-12-23 07:00","2017","12","23","07:00","-12.4","","-17.4","","67","","31","","26","","24.1","","99.29","","","","-22","","Snow"
"2017-12-23 08:00","2017","12","23","08:00","-12.8","","-18.8","","61","","30","","10","","24.1","","99.29","","","","-19","","Snow"
"2017-12-23 09:00","2017","12","23","09:00","-14.2","","-18.5","","70","","23","","9","","32.2","","99.29","","","","-20","","NA"
"2017-12-23 10:00","2017","12","23","10:00","-13.6","","-18.4","","68","","23","","10","","32.2","","99.31","","","","-20","","Mostly Cloudy"
"2017-12-23 11:00","2017","12","23","11:00","-11.9","","-17.5","","63","","24","","13","","32.2","","99.30","","","","-19","","NA"
"2017-12-23 12:00","2017","12","23","12:00","-10.8","","-17.4","","59","","27","","26","","32.2","","99.26","","","","-20","","NA"
"2017-12-23 13:00","2017","12","23","13:00","-10.3","","-17.6","","56","","27","","27","","32.2","","99.21","","","","-19","","Mainly Clear"
"2017-12-23 14:00","2017","12","23","14:00","-9.9","","-18.1","","52","","28","","15","","32.2","","99.17","","","","-17","","NA"
"2017-12-23 15:00","2017","12","23","15:00","-9.2","","-18.8","","46","","28","","20","","32.2","","99.15","","","","-17","","NA"
"2017-12-23 16:00","2017","12","23","16:00","-9.2","","-18.1","","49","","25","","11","","32.2","","99.13","","","","-15","","Mainly Clear"
"2017-12-23 17:00","2017","12","23","17:00","-10.4","","-17.5","","57","","23","","13","","32.2","","99.14","","","","-17","","NA"
"2017-12-23 18:00","2017","12","23","18:00","-12.4","","-17.4","","67","","23","","9","","24.1","","99.12","","","","-18","","NA"
"2017-12-23 19:00","2017","12","23","19:00","-11.6","","-17.1","","64","","25","","7","","24.1","","99.13","","","","-16","","Mainly Clear"
"2017-12-23 20:00","2017","12","23","20:00","-15.0","","-18.1","","77","","24","","9","","24.1","","99.15","","","","-21","","NA"
"2017-12-23 21:00","2017","12","23","21:00","-16.6","","-18.9","","83","","29","","8","","24.1","","99.17","","","","-22","","NA"
"2017-12-23 22:00","2017","12","23","22:00","-17.5","","-18.8","","90","","27","","6","","24.1","","99.18","","","","-22","","Mainly Clear"
"2017-12-23 23:00","2017","12","23","23:00","-18.8","","-20.6","","86","","28","","8","","24.1","","99.21","","","","-25","","NA"
"2017-12-24 00:00","2017","12","24","00:00","-17.6","","-19.3","","87","","30","","8","","24.1","","99.19","","","","-23","","NA"
"2017-12-24 01:00","2017","12","24","01:00","-18.3","","-19.9","","87","","34","","3","","24.1","","99.17","","","","-21","","Mainly Clear"
"2017-12-24 02:00","2017","12","24","02:00","-18.1","","-20.0","","85","","30","","5","","24.1","","99.17","","","","-22","","NA"
"2017-12-24 03:00","2017","12","24","03:00","-18.9","","-20.5","","87","","28","","9","","24.1","","99.21","","","","-25","","NA"
"2017-12-24 04:00","2017","12","24","04:00","-17.2","","-18.2","","92","","26","","12","","24.1","","99.25","","","","-25","","Mainly Clear"
"2017-12-24 05:00","2017","12","24","05:00","-15.7","","-17.0","","90","","31","","14","","24.1","","99.32","","","","-23","","Snow"
"2017-12-24 06:00","2017","12","24","06:00","-13.8","","-16.4","","81","","33","","13","","24.1","","99.34","","","","-21","","NA"
"2017-12-24 07:00","2017","12","24","07:00","-14.5","","-18.6","","71","","30","","21","","24.1","","99.42","","","","-24","","Mainly Clear"
"2017-12-24 08:00","2017","12","24","08:00","-16.8","","-20.3","","75","","29","","14","","32.2","","99.47","","","","-25","","NA"
"2017-12-24 09:00","2017","12","24","09:00","-17.1","","-20.4","","76","","28","","8","","32.2","","99.55","","","","-23","","NA"
"2017-12-24 10:00","2017","12","24","10:00","-17.3","","-20.9","","74","","24","","8","","32.2","","99.57","","","","-23","","Mainly Clear"
"2017-12-24 11:00","2017","12","24","11:00","-18.0","","-21.3","","76","","25","","11","","32.2","","99.54","","","","-25","","NA"
"2017-12-24 12:00","2017","12","24","12:00","-15.6","","-20.2","","68","","26","","10","","32.2","","99.47","","","","-22","","NA"
"2017-12-24 13:00","2017","12","24","13:00","-15.0","","-20.7","","62","","28","","13","","32.2","","99.38","","","","-22","","Mostly Cloudy"
"2017-12-24 14:00","2017","12","24","14:00","-14.6","","-20.9","","59","","27","","8","","32.2","","99.32","","","","-20","","NA"
"2017-12-24 15:00","2017","12","24","15:00","-13.9","","-20.9","","56","","27","","8","","32.2","","99.29","","","","-19","","NA"
"2017-12-24 16:00","2017","12","24","16:00","-13.8","","-20.6","","57","","28","","6","","24.1","","99.27","","","","-18","","Snow"
"2017-12-24 17:00","2017","12","24","17:00","-14.3","","-18.8","","69","","23","","6","","24.1","","99.26","","","","-18","","Snow"
"2017-12-24 18:00","2017","12","24","18:00","-15.4","","-18.9","","75","","22","","7","","24.1","","99.27","","","","-20","","Snow"
"2017-12-24 19:00","2017","12","24","19:00","-16.4","","-19.4","","78","","30","","8","","24.1","","99.27","","","","-22","","Snow"
"2017-12-24 20:00","2017","12","24","20:00","-16.6","","-20.0","","75","","30","","9","","24.1","","99.26","","","","-23","","Snow"
"2017-12-24 21:00","2017","12","24","21:00","-17.0","","-20.8","","73","","30","","11","","24.1","","99.24","","","","-24","","Snow"
"2017-12-24 22:00","2017","12","24","22:00","-17.3","","-20.7","","75","","30","","15","","24.1","","99.22","","","","-26","","Snow"
"2017-12-24 23:00","2017","12","24","23:00","-17.6","","-21.7","","71","","31","","19","","24.1","","99.23","","","","-27","","Snow"
"2017-12-25 00:00","2017","12","25","00:00","-18.5","","-23.0","","68","","29","","19","","24.1","","99.24","","","","-28","","Snow"
"2017-12-25 01:00","2017","12","25","01:00","-19.9","","-24.6","","67","","31","","14","","24.1","","99.24","","","","-29","","Mainly Clear"
"2017-12-25 02:00","2017","12","25","02:00","-20.4","","-24.7","","69","","30","","16","","24.1","","99.23","","","","-30","","NA"
"2017-12-25 03:00","2017","12","25","03:00","-20.8","","-25.9","","64","","30","","20","","24.1","","99.25","","","","-31","","NA"
"2017-12-25 04:00","2017","12","25","04:00","-21.8","","-26.3","","68","","30","","10","","24.1","","99.27","","","","-29","","Mainly Clear"
"2017-12-25 05:00","2017","12","25","05:00","-22.1","","-26.4","","69","","30","","8","","24.1","","99.24","","","","-29","","NA"
"2017-12-25 06:00","2017","12","25","06:00","-22.6","","-26.7","","70","","29","","13","","24.1","","99.24","","","","-32","","NA"
"2017-12-25 07:00","2017","12","25","07:00","-23.0","","-27.1","","70","","30","","12","","24.1","","99.27","","","","-32","","Cloudy"
"2017-12-25 08:00","2017","12","25","08:00","-23.3","","-27.7","","68","","30","","17","","24.1","","99.32","","","","-34","","NA"
"2017-12-25 09:00","2017","12","25","09:00","-23.7","","-28.1","","68","","29","","10","","24.1","","99.38","","","","-32","","NA"
"2017-12-25 10:00","2017","12","25","10:00","-23.8","","-28.7","","65","","30","","12","","32.2","","99.45","","","","-33","","Mostly Cloudy"
"2017-12-25 11:00","2017","12","25","11:00","-24.7","","-29.7","","64","","29","","20","","32.2","","99.51","","","","-36","","NA"
"2017-12-25 12:00","2017","12","25","12:00","-23.5","","-29.4","","59","","31","","18","","24.1","","99.49","","","","-34","","NA"
"2017-12-25 13:00","2017","12","25","13:00","-23.3","","-30.2","","54","","30","","29","","24.1","","99.48","","","","-37","","Blowing Snow"
"2017-12-25 14:00","2017","12","25","14:00","-24.3","","-32.1","","50","","28","","35","","32.2","","99.49","","","","-39","","Blowing Snow"
"2017-12-25 15:00","2017","12","25","15:00","-24.6","","-32.6","","49","","29","","27","","32.2","","99.55","","","","-38","","Blowing Snow"
"2017-12-25 16:00","2017","12","25","16:00","-24.6","","-32.2","","50","","28","","26","","24.1","","99.65","","","","-38","","Blowing Snow"
"2017-12-25 17:00","2017","12","25","17:00","-25.6","","-33.8","","48","","30","","25","","24.1","","99.77","","","","-39","","Blowing Snow"
"2017-12-25 18:00","2017","12","25","18:00","-26.5","","-33.4","","53","","29","","11","","24.1","","99.90","","","","-35","","Blowing Snow"
"2017-12-25 19:00","2017","12","25","19:00","-27.1","","-34.0","","53","","29","","17","","24.1","","99.98","","","","-39","","Mainly Clear"
"2017-12-25 20:00","2017","12","25","20:00","-27.6","","-33.5","","58","","29","","15","","24.1","","100.02","","","","-38","","Blowing Snow"
"2017-12-25 21:00","2017","12","25","21:00","-27.9","","-34.2","","56","","29","","17","","24.1","","100.04","","","","-40","","Blowing Snow"
"2017-12-25 22:00","2017","12","25","22:00","-28.1","","-34.0","","58","","28","","17","","24.1","","100.07","","","","-40","","Clear"
"2017-12-25 23:00","2017","12","25","23:00","-27.9","","-33.5","","60","","28","","15","","24.1","","100.13","","","","-39","","NA"
"2017-12-26 00:00","2017","12","26","00:00","-28.3","","-34.3","","58","","27","","12","","24.1","","100.16","","","","-38","","NA"
"2017-12-26 01:00","2017","12","26","01:00","-28.8","","-34.5","","59","","29","","13","","24.1","","100.18","","","","-39","","Clear"
"2017-12-26 02:00","2017","12","26","02:00","-29.1","","-34.1","","63","","24","","9","","24.1","","100.22","","","","-38","","NA"
"2017-12-26 03:00","2017","12","26","03:00","-29.3","","-34.3","","63","","27","","9","","24.1","","100.27","","","","-38","","NA"
"2017-12-26 04:00","2017","12","26","04:00","-29.7","","-34.3","","65","","25","","10","","24.1","","100.33","","","","-39","","Clear"
"2017-12-26 05:00","2017","12","26","05:00","-29.8","","-34.4","","65","","25","","12","","24.1","","100.35","","","","-40","","NA"
"2017-12-26 06:00","2017","12","26","06:00","-30.2","","-34.7","","65","","25","","12","","24.1","","100.36","","","","-40","","NA"
"2017-12-26 07:00","2017","12","26","07:00","-29.3","","-34.3","","63","","28","","19","","24.1","","100.39","","","","-42","","Clear"
"2017-12-26 08:00","2017","12","26","08:00","-29.0","","-33.8","","64","","29","","18","","12.9","","100.42","","","","-41","","Snow,Blowing Snow"
"2017-12-26 09:00","2017","12","26","09:00","-29.2","","-34.2","","63","","28","","20","","24.1","","100.48","","","","-42","","Snow,Blowing Snow"
"2017-12-26 10:00","2017","12","26","10:00","-29.3","","-34.4","","62","","27","","20","","24.1","","100.56","","","","-42","","Blowing Snow"
"2017-12-26 11:00","2017","12","26","11:00","-28.4","","-34.1","","59","","29","","20","","24.1","","100.60","","","","-41","","Blowing Snow"
"2017-12-26 12:00","2017","12","26","12:00","-26.5","","-33.0","","55","","27","","26","","24.1","","100.60","","","","-40","","Blowing Snow"
"2017-12-26 13:00","2017","12","26","13:00","-24.8","","-31.7","","54","","30","","19","","24.1","","100.55","","","","-36","","Blowing Snow"
"2017-12-26 14:00","2017","12","26","14:00","-24.2","","-31.4","","52","","31","","23","","24.1","","100.52","","","","-37","","Blowing Snow"
"2017-12-26 15:00","2017","12","26","15:00","-23.3","","-30.8","","51","","30","","21","","24.1","","100.54","","","","-35","","Blowing Snow"
"2017-12-26 16:00","2017","12","26","16:00","-23.4","","-30.8","","52","","29","","13","","24.1","","100.61","","","","-33","","Mainly Clear"
"2017-12-26 17:00","2017","12","26","17:00","-23.7","","-30.7","","54","","29","","18","","24.1","","100.68","","","","-35","","NA"
"2017-12-26 18:00","2017","12","26","18:00","-24.4","","-30.9","","56","","29","","16","","24.1","","100.76","","","","-35","","NA"
"2017-12-26 19:00","2017","12","26","19:00","-25.2","","-30.9","","60","","28","","16","","24.1","","100.82","","","","-36","","Clear"
"2017-12-26 20:00","2017","12","26","20:00","-25.4","","-30.9","","61","","28","","12","","24.1","","100.91","","","","-35","","NA"
"2017-12-26 21:00","2017","12","26","21:00","-26.4","","-31.3","","64","","28","","13","","24.1","","100.94","","","","-36","","NA"
"2017-12-26 22:00","2017","12","26","22:00","-26.3","","-31.3","","64","","27","","7","","24.1","","101.00","","","","-33","","Clear"
"2017-12-26 23:00","2017","12","26","23:00","-26.9","","-31.5","","66","","26","","9","","24.1","","101.06","","","","-35","","NA"
"2017-12-27 00:00","2017","12","27","00:00","-27.4","","-31.4","","70","","25","","12","","24.1","","101.11","","","","-37","","NA"
"2017-12-27 01:00","2017","12","27","01:00","-27.6","","-31.5","","70","","24","","9","","24.1","","101.13","","","","-36","","Clear"
"2017-12-27 02:00","2017","12","27","02:00","-27.6","","-31.6","","70","","26","","5","","24.1","","101.15","","","","-33","","NA"
"2017-12-27 03:00","2017","12","27","03:00","-29.4","","-32.9","","73","","25","","5","","24.1","","101.19","","","","-35","","NA"
"2017-12-27 04:00","2017","12","27","04:00","-28.6","","-32.0","","73","","29","","6","","24.1","","101.24","","","","-35","","Clear"
"2017-12-27 05:00","2017","12","27","05:00","-30.9","","-34.1","","74","","29","","8","","24.1","","101.26","","","","-39","","NA"
"2017-12-27 06:00","2017","12","27","06:00","-29.8","","-33.2","","73","","29","","9","","24.1","","101.28","","","","-38","","NA"
"2017-12-27 07:00","2017","12","27","07:00","-30.2","","-33.7","","73","","26","","6","","24.1","","101.36","","","","-37","","Clear"
"2017-12-27 08:00","2017","12","27","08:00","-30.0","","-33.4","","73","","24","","4","","24.1","","101.38","","","","-35","","NA"
"2017-12-27 09:00","2017","12","27","09:00","-30.8","","-34.0","","74","","29","","9","","24.1","","101.43","","","","-40","","NA"
"2017-12-27 10:00","2017","12","27","10:00","-28.9","","-32.8","","70","","28","","12","","24.1","","101.48","","","","-39","","Mainly Clear"
"2017-12-27 11:00","2017","12","27","11:00","-27.4","","-31.9","","66","","27","","10","","32.2","","101.52","","","","-36","","NA"
"2017-12-27 12:00","2017","12","27","12:00","-25.3","","-30.7","","62","","27","","10","","32.2","","101.51","","","","-34","","NA"
"2017-12-27 13:00","2017","12","27","13:00","-23.3","","-29.5","","58","","29","","15","","32.2","","101.47","","","","-33","","Clear"
"2017-12-27 14:00","2017","12","27","14:00","-22.3","","-28.9","","56","","30","","15","","32.2","","101.41","","","","-32","","NA"
"2017-12-27 15:00","2017","12","27","15:00","-21.2","","-28.2","","54","","29","","14","","32.2","","101.40","","","","-30","","NA"
"2017-12-27 16:00","2017","12","27","16:00","-20.6","","-27.7","","54","","29","","14","","32.2","","101.42","","","","-29","","Clear"
"2017-12-27 17:00","2017","12","27","17:00","-21.3","","-28.0","","55","","31","","7","","32.2","","101.43","","","","-27","","NA"
"2017-12-27 18:00","2017","12","27","18:00","-24.2","","-28.1","","71","","29","","7","","24.1","","101.48","","","","-31","","NA"
"2017-12-27 19:00","2017","12","27","19:00","-25.4","","-28.9","","73","","31","","5","","24.1","","101.50","","","","-30","","Clear"
"2017-12-27 20:00","2017","12","27","20:00","-27.9","","-30.8","","77","","28","","5","","24.1","","101.48","","","","-33","","NA"
"2017-12-27 21:00","2017","12","27","21:00","-27.7","","-30.3","","79","","22","","7","","24.1","","101.48","","","","-35","","NA"
"2017-12-27 22:00","2017","12","27","22:00","-28.8","","-31.6","","77","","30","","7","","24.1","","101.49","","","","-36","","Clear"
"2017-12-27 23:00","2017","12","27","23:00","-29.5","","-32.5","","76","","30","","7","","24.1","","101.50","","","","-37","","NA"
"2017-12-28 00:00","2017","12","28","00:00","-30.0","","-33.1","","75","","25","","8","","24.1","","101.50","","","","-38","","NA"
"2017-12-28 01:00","2017","12","28","01:00","-29.0","","-32.2","","74","","30","","6","","24.1","","101.48","","","","-35","","Clear"
"2017-12-28 02:00","2017","12","28","02:00","-30.1","","-33.3","","74","","28","","8","","24.1","","101.43","","","","-38","","NA"
"2017-12-28 03:00","2017","12","28","03:00","-30.4","","-33.8","","73","","27","","6","","24.1","","101.44","","","","-37","","NA"
"2017-12-28 04:00","2017","12","28","04:00","-30.4","","-33.6","","74","","26","","6","","24.1","","101.48","","","","-37","","Mainly Clear"
"2017-12-28 05:00","2017","12","28","05:00","-30.3","","-33.4","","75","","23","","8","","24.1","","101.43","","","","-38","","NA"
"2017-12-28 06:00","2017","12","28","06:00","-29.5","","-32.8","","74","","25","","7","","24.1","","101.37","","","","-37","","NA"
"2017-12-28 07:00","2017","12","28","07:00","-29.5","","-32.8","","74","","24","","7","","24.1","","101.30","","","","-37","","Mainly Clear"
"2017-12-28 08:00","2017","12","28","08:00","-29.5","","-32.7","","74","","25","","7","","24.1","","101.28","","","","-37","","NA"
"2017-12-28 09:00","2017","12","28","09:00","-28.8","","-32.1","","74","","26","","8","","32.2","","101.19","","","","-37","","NA"
"2017-12-28 10:00","2017","12","28","10:00","-27.7","","-31.0","","74","","23","","9","","32.2","","101.11","","","","-36","","Cloudy"
"2017-12-28 11:00","2017","12","28","11:00","-26.3","","-29.4","","76","","25","","7","","24.1","","101.07","","","","-33","","Ice Crystals"
"2017-12-28 12:00","2017","12","28","12:00","-23.7","","-27.0","","75","","24","","9","","24.1","","101.01","","","","-31","","Snow"
"2017-12-28 13:00","2017","12","28","13:00","-21.4","","-24.7","","75","","23","","9","","6.4","","100.90","","","","-28","","Snow"
"2017-12-28 14:00","2017","12","28","14:00","-20.0","","-22.6","","80","","23","","7","","2.4","","100.77","","","","-26","","Snow"
"2017-12-28 15:00","2017","12","28","15:00","-18.2","","-21.0","","79","","21","","4","","4.8","","100.63","","","","-21","","Snow"
"2017-12-28 16:00","2017","12","28","16:00","-17.6","","-19.8","","83","","22","","7","","2.4","","100.57","","","","-23","","Snow"
"2017-12-28 17:00","2017","12","28","17:00","-17.9","","-20.0","","84","","23","","5","","4.0","","100.52","","","","-22","","Snow"
"2017-12-28 18:00","2017","12","28","18:00","-18.2","","-20.0","","86","","36","","1","","4.8","","100.47","","","","-19","","Ice Crystals"
"2017-12-28 19:00","2017","12","28","19:00","-14.0","","-15.9","","86","","8","","14","","4.8","","100.40","","","","-21","","Snow"
"2017-12-28 20:00","2017","12","28","20:00","-14.7","","-16.8","","84","","3","","4","","4.8","","100.35","","","","-18","","Snow"
"2017-12-28 21:00","2017","12","28","21:00","-15.3","","-17.3","","85","","2","","3","","3.2","","100.27","","","","-17","","Snow"
"2017-12-28 22:00","2017","12","28","22:00","-16.2","","-18.1","","85","","25","","4","","4.8","","100.21","","","","-19","","Snow"
"2017-12-28 23:00","2017","12","28","23:00","-16.9","","-18.7","","86","","31","","7","","4.8","","100.17","","","","-22","","Snow"
"2017-12-29 00:00","2017","12","29","00:00","-17.1","","-18.9","","86","","32","","3","","9.7","","100.15","","","","-19","","Snow"
"2017-12-29 01:00","2017","12","29","01:00","-17.3","","-19.0","","87","","21","","4","","8.1","","100.09","","","","-20","","Snow"
"2017-12-29 02:00","2017","12","29","02:00","-18.4","","-19.8","","89","","22","","3","","24.1","","100.01","","","","-21","","Snow"
"2017-12-29 03:00","2017","12","29","03:00","-19.8","","-21.7","","85","","24","","10","","24.1","","100.00","","","","-27","","NA"
"2017-12-29 04:00","2017","12","29","04:00","-20.3","","-22.3","","84","","29","","7","","24.1","","100.03","","","","-26","","Mainly Clear"
"2017-12-29 05:00","2017","12","29","05:00","-22.0","","-24.0","","84","","23","","10","","24.1","","100.02","","","","-30","","NA"
"2017-12-29 06:00","2017","12","29","06:00","-21.6","","-23.8","","83","","23","","9","","24.1","","99.97","","","","-29","","NA"
"2017-12-29 07:00","2017","12","29","07:00","-22.0","","-24.3","","82","","23","","9","","24.1","","99.97","","","","-29","","Mainly Clear"
"2017-12-29 08:00","2017","12","29","08:00","-22.0","","-24.4","","81","","24","","12","","24.1","","99.95","","","","-30","","Snow"
"2017-12-29 09:00","2017","12","29","09:00","-20.6","","-23.1","","81","","23","","15","","24.1","","99.95","","","","-30","","Snow"
"2017-12-29 10:00","2017","12","29","10:00","-20.1","","-22.6","","81","","24","","16","","16.1","","99.99","","","","-30","","Snow"
"2017-12-29 11:00","2017","12","29","11:00","-19.3","","-22.0","","80","","24","","16","","12.9","","100.00","","","","-29","","Snow"
"2017-12-29 12:00","2017","12","29","12:00","-18.2","","-21.3","","77","","26","","14","","8.1","","99.95","","","","-27","","Snow"
"2017-12-29 13:00","2017","12","29","13:00","-16.3","","-19.7","","75","","25","","10","","32.2","","99.89","","","","-23","","Mostly Cloudy"
"2017-12-29 14:00","2017","12","29","14:00","-14.8","","-18.6","","73","","28","","16","","8.1","","99.81","","","","-23","","Snow"
"2017-12-29 15:00","2017","12","29","15:00","-14.4","","-18.3","","73","","29","","16","","8.1","","99.78","","","","-22","","Snow"
"2017-12-29 16:00","2017","12","29","16:00","-14.0","","-17.6","","74","","29","","16","","8.1","","99.78","","","","-22","","Snow"
"2017-12-29 17:00","2017","12","29","17:00","-14.6","","-18.0","","75","","29","","15","","8.1","","99.82","","","","-22","","Snow"
"2017-12-29 18:00","2017","12","29","18:00","-15.8","","-19.8","","72","","29","","17","","16.1","","99.82","","","","-24","","Snow"
"2017-12-29 19:00","2017","12","29","19:00","-15.8","","-20.2","","69","","30","","17","","8.1","","99.79","","","","-24","","Snow"
"2017-12-29 20:00","2017","12","29","20:00","-16.0","","-20.1","","71","","29","","18","","16.1","","99.76","","","","-25","","Snow"
"2017-12-29 21:00","2017","12","29","21:00","-16.4","","-20.3","","72","","30","","22","","16.1","","99.75","","","","-26","","Snow"
"2017-12-29 22:00","2017","12","29","22:00","-17.0","","-20.7","","73","","30","","15","","9.7","","99.71","","","","-25","","Snow"
"2017-12-29 23:00","2017","12","29","23:00","-17.7","","-21.7","","71","","29","","18","","16.1","","99.71","","","","-27","","Snow"
"2017-12-30 00:00","2017","12","30","00:00","-18.6","","-22.6","","71","","29","","18","","19.3","","99.71","","","","-28","","Snow"
"2017-12-30 01:00","2017","12","30","01:00","-18.7","","-22.6","","72","","29","","16","","16.1","","99.71","","","","-28","","Snow"
"2017-12-30 02:00","2017","12","30","02:00","-18.6","","-22.3","","73","","30","","14","","6.4","","99.72","","","","-27","","Snow"
"2017-12-30 03:00","2017","12","30","03:00","-18.7","","-22.8","","70","","30","","26","","8.1","","99.75","","","","-30","","Snow"
"2017-12-30 04:00","2017","12","30","04:00","-19.1","","-23.2","","70","","33","","16","","4.8","","99.82","","","","-28","","Snow"
"2017-12-30 05:00","2017","12","30","05:00","-19.3","","-24.0","","67","","35","","20","","19.3","","99.89","","","","-30","","Snow"
"2017-12-30 06:00","2017","12","30","06:00","-19.4","","-24.1","","67","","34","","13","","16.1","","99.98","","","","-28","","Snow"
"2017-12-30 07:00","2017","12","30","07:00","-19.7","","-24.7","","65","","33","","16","","24.1","","100.11","","","","-29","","Snow"
"2017-12-30 08:00","2017","12","30","08:00","-20.4","","-25.7","","63","","33","","14","","16.1","","100.28","","","","-29","","NA"
"2017-12-30 09:00","2017","12","30","09:00","-21.1","","-26.0","","65","","32","","11","","32.2","","100.39","","","","-29","","NA"
"2017-12-30 10:00","2017","12","30","10:00","-21.6","","-26.6","","65","","34","","16","","32.2","","100.46","","","","-31","","Mostly Cloudy"
"2017-12-30 11:00","2017","12","30","11:00","-21.5","","-27.0","","62","","35","","14","","32.2","","100.50","","","","-31","","NA"
"2017-12-30 12:00","2017","12","30","12:00","-20.5","","-26.4","","60","","32","","15","","32.2","","100.52","","","","-30","","NA"
"2017-12-30 13:00","2017","12","30","13:00","-19.8","","-26.0","","59","","29","","17","","32.2","","100.53","","","","-29","","Mainly Clear"
"2017-12-30 14:00","2017","12","30","14:00","-19.1","","-25.5","","58","","30","","18","","32.2","","100.54","","","","-29","","Blowing Snow"
"2017-12-30 15:00","2017","12","30","15:00","-18.6","","-25.2","","57","","32","","14","","32.2","","100.58","","","","-27","","Blowing Snow"
"2017-12-30 16:00","2017","12","30","16:00","-18.4","","-25.0","","57","","34","","13","","32.2","","100.62","","","","-26","","Mainly Clear"
"2017-12-30 17:00","2017","12","30","17:00","-19.5","","-25.4","","60","","31","","15","","32.2","","100.71","","","","-28","","NA"
"2017-12-30 18:00","2017","12","30","18:00","-20.9","","-26.1","","64","","29","","12","","24.1","","100.81","","","","-29","","NA"
"2017-12-30 19:00","2017","12","30","19:00","-21.9","","-26.6","","67","","29","","11","","24.1","","100.84","","","","-30","","Clear"
"2017-12-30 20:00","2017","12","30","20:00","-23.0","","-27.6","","67","","29","","14","","24.1","","100.87","","","","-32","","NA"
"2017-12-30 21:00","2017","12","30","21:00","-23.4","","-27.8","","68","","28","","11","","24.1","","100.94","","","","-32","","NA"
"2017-12-30 22:00","2017","12","30","22:00","-24.3","","-28.7","","68","","28","","13","","24.1","","101.02","","","","-34","","Clear"
"2017-12-30 23:00","2017","12","30","23:00","-25.1","","-29.2","","69","","28","","13","","24.1","","101.05","","","","-35","","NA"
"2017-12-31 00:00","2017","12","31","00:00","-25.8","","-30.0","","69","","29","","16","","24.1","","101.10","","","","-37","","NA"
"2017-12-31 01:00","2017","12","31","01:00","-26.1","","-30.3","","68","","25","","7","","24.1","","101.12","","","","-33","","Clear"
"2017-12-31 02:00","2017","12","31","02:00","-26.6","","-30.7","","69","","27","","12","","24.1","","101.14","","","","-36","","NA"
"2017-12-31 03:00","2017","12","31","03:00","-27.1","","-31.1","","69","","26","","12","","24.1","","101.19","","","","-37","","NA"
"2017-12-31 04:00","2017","12","31","04:00","-27.4","","-31.6","","68","","27","","14","","24.1","","101.15","","","","-38","","Clear"
"2017-12-31 05:00","2017","12","31","05:00","-28.0","","-32.2","","68","","27","","13","","24.1","","101.15","","","","-38","","NA"
"2017-12-31 06:00","2017","12","31","06:00","-28.4","","-32.6","","68","","27","","17","","24.1","","101.15","","","","-40","","NA"
"2017-12-31 07:00","2017","12","31","07:00","-29.0","","-33.3","","67","","27","","16","","24.1","","101.16","","","","-41","","Clear"
"2017-12-31 08:00","2017","12","31","08:00","-29.3","","-33.6","","67","","27","","18","","24.1","","101.13","","","","-42","","NA"
"2017-12-31 09:00","2017","12","31","09:00","-29.7","","-34.0","","67","","26","","15","","24.1","","101.13","","","","-41","","NA"
"2017-12-31 10:00","2017","12","31","10:00","-29.0","","-33.5","","66","","25","","14","","24.1","","101.13","","","","-40","","Mainly Clear"
"2017-12-31 11:00","2017","12","31","11:00","-27.4","","-33.0","","60","","28","","29","","24.1","","101.14","","","","-42","","NA"
"2017-12-31 12:00","2017","12","31","12:00","-26.0","","-32.0","","58","","28","","22","","32.2","","101.09","","","","-39","","NA"
"2017-12-31 13:00","2017","12","31","13:00","-24.4","","-30.3","","59","","30","","19","","32.2","","101.00","","","","-36","","Mostly Cloudy"
"2017-12-31 14:00","2017","12","31","14:00","-23.6","","-29.6","","59","","29","","25","","32.2","","100.92","","","","-36","","Blowing Snow"
"2017-12-31 15:00","2017","12","31","15:00","-23.0","","-29.1","","58","","29","","19","","32.2","","100.85","","","","-34","","Blowing Snow"
"2017-12-31 16:00","2017","12","31","16:00","-22.7","","-29.3","","56","","30","","23","","32.2","","100.85","","","","-35","","Blowing Snow"
"2017-12-31 17:00","2017","12","31","17:00","-23.2","","-29.3","","58","","30","","19","","32.2","","100.84","","","","-34","","Blowing Snow"
"2017-12-31 18:00","2017","12","31","18:00","-23.4","","-28.9","","62","","28","","20","","24.1","","100.86","","","","-35","","Blowing Snow"
"2017-12-31 19:00","2017","12","31","19:00","-23.8","","-28.8","","64","","28","","17","","24.1","","100.85","","","","-34","","Blowing Snow"
"2017-12-31 20:00","2017","12","31","20:00","-23.9","","-28.9","","64","","29","","18","","24.1","","100.87","","","","-35","","Blowing Snow"
"2017-12-31 21:00","2017","12","31","21:00","-23.9","","-28.8","","65","","30","","22","","24.1","","100.89","","","","-36","","Blowing Snow"
"2017-12-31 22:00","2017","12","31","22:00","-24.1","","-29.2","","63","","29","","18","","24.1","","100.93","","","","-35","","Mainly Clear"
"2017-12-31 23:00","2017","12","31","23:00","-24.5","","-29.5","","64","","29","","19","","24.1","","100.96","","","","-36","","NA"
