"Station Name","BARRIE-ORO"
"Province","ONTARIO"
"Current Station Operator","Environment and Climate Change Canada - Meteorological Service of Canada"
"Latitude","44.48"
"Longitude","-79.55"
"Elevation","289.00"
"Climate Identifier","6117700"
"WMO Identifier","71314"
"TC Identifier","XBI"
"All times are specified in Local Standard Time (LST). Add 1 hour to adjust for Daylight Saving Time where and when it is observed."

"Legend"
"E","Estimated"
"M","Missing"
"NA","Not Available"

"Date/Time","Year","Month","Day","Time","Temp (°C)","Temp Flag","Dew Point Temp (°C)","Dew Point Temp Flag","Rel Hum (%)","Rel Hum Flag","Wind Dir (10s deg)","Wind Dir Flag","Wind Spd (km/h)","Wind Spd Flag","Visibility (km)","Visibility Flag","Stn Press (kPa)","Stn Press Flag","Hmdx","Hmdx Flag","Wind Chill","Wind Chill Flag","Weather"
"2018-05-01 00:00","2018","05","01","00:00","0.6","","-2.8","","78","","30","","3","","","","98.24","","","","","","NA"
"2018-05-01 01:00","2018","05","01","01:00","1.5","","-2.1","","77","","32","","3","","","","98.24","","","","","","NA"
"2018-05-01 02:00","2018","05","01","02:00","0.4","","-2.5","","81","","31","","3","","","","98.17","","","","","","NA"
"2018-05-01 03:00","2018","05","01","03:00","1.1","","-2.4","","77","","35","","3","","","","98.16","","","","","","NA"
"2018-05-01 04:00","2018","05","01","04:00","0.9","","-2.0","","81","","27","","3","","","","98.14","","","","","","NA"
"2018-05-01 05:00","2018","05","01","05:00","3.2","","-0.3","","78","","27","","6","","","","98.12","","","","","","NA"
"2018-05-01 06:00","2018","05","01","06:00","4.9","","0.7","","74","","26","","4","","","","98.16","","","","","","NA"
"2018-05-01 07:00","2018","05","01","07:00","7.7","","3.0","","72","","20","","2","","","","98.18","","","","","","NA"
"2018-05-01 08:00","2018","05","01","08:00","10.9","","2.3","","56","","28","","9","","","","98.15","","","","","","NA"
"2018-05-01 09:00","2018","05","01","09:00","16.5","","0.4","","34","","27","","9","","","","98.13","","","","","","NA"
"2018-05-01 10:00","2018","05","01","10:00","21.6","","0.6","","25","","26","","15","","","","98.09","","","","","","NA"
"2018-05-01 11:00","2018","05","01","11:00","24.2","","1.8","","23","","27","","18","","","","98.03","","","","","","NA"
"2018-05-01 12:00","2018","05","01","12:00","25.3","","2.5","","23","","24","","18","","","","97.98","","","","","","NA"
"2018-05-01 13:00","2018","05","01","13:00","25.9","","3.5","","23","","26","","22","","","","97.95","","25","","","","NA"
"2018-05-01 14:00","2018","05","01","14:00","26.5","","4.6","","24","","24","","19","","","","97.89","","26","","","","NA"
"2018-05-01 15:00","2018","05","01","15:00","26.9","","5.0","","25","","26","","27","","","","97.82","","26","","","","NA"
"2018-05-01 16:00","2018","05","01","16:00","26.8","","4.2","","23","","26","","19","","","","97.76","","26","","","","NA"
"2018-05-01 17:00","2018","05","01","17:00","26.7","","4.3","","24","","25","","18","","","","97.76","","26","","","","NA"
"2018-05-01 18:00","2018","05","01","18:00","26.0","","1.0","","20","","25","","18","","","","97.74","","","","","","NA"
"2018-05-01 19:00","2018","05","01","19:00","23.6","","2.2","","24","","23","","11","","","","97.78","","","","","","NA"
"2018-05-01 20:00","2018","05","01","20:00","21.3","","4.6","","34","","22","","12","","","","97.82","","","","","","NA"
"2018-05-01 21:00","2018","05","01","21:00","19.6","","5.1","","38","","22","","10","","","","97.87","","","","","","NA"
"2018-05-01 22:00","2018","05","01","22:00","18.3","","4.8","","41","","22","","8","","","","97.88","","","","","","NA"
"2018-05-01 23:00","2018","05","01","23:00","17.6","","5.2","","44","","23","","9","","","","97.89","","","","","","NA"
"2018-05-02 00:00","2018","05","02","00:00","17.4","","5.2","","44","","24","","10","","","","97.89","","","","","","NA"
"2018-05-02 01:00","2018","05","02","01:00","17.9","","5.6","","44","","24","","11","","","","97.87","","","","","","NA"
"2018-05-02 02:00","2018","05","02","02:00","18.1","","5.7","","44","","24","","12","","","","97.86","","","","","","NA"
"2018-05-02 03:00","2018","05","02","03:00","17.5","","5.8","","46","","24","","10","","","","97.82","","","","","","NA"
"2018-05-02 04:00","2018","05","02","04:00","19.0","","5.7","","42","","25","","15","","","","97.83","","","","","","NA"
"2018-05-02 05:00","2018","05","02","05:00","19.1","","6.0","","42","","25","","16","","","","97.85","","","","","","NA"
"2018-05-02 06:00","2018","05","02","06:00","18.6","","6.1","","44","","25","","15","","","","97.87","","","","","","NA"
"2018-05-02 07:00","2018","05","02","07:00","20.7","","7.2","","42","","24","","11","","","","97.82","","","","","","NA"
"2018-05-02 08:00","2018","05","02","08:00","22.5","","7.7","","39","","26","","16","","","","97.79","","","","","","NA"
"2018-05-02 09:00","2018","05","02","09:00","22.6","","7.7","","38","","26","","21","","","","97.79","","","","","","NA"
"2018-05-02 10:00","2018","05","02","10:00","23.1","","8.5","","39","","25","","16","","","","97.74","","","","","","NA"
"2018-05-02 11:00","2018","05","02","11:00","19.7","","11.0","","57","","26","","17","","","","97.77","","","","","","NA"
"2018-05-02 12:00","2018","05","02","12:00","17.7","","12.4","","71","","23","","15","","","","97.80","","","","","","NA"
"2018-05-02 13:00","2018","05","02","13:00","16.5","","13.1","","81","","22","","15","","","","97.70","","","","","","NA"
"2018-05-02 14:00","2018","05","02","14:00","20.8","","14.1","","66","","25","","17","","","","97.72","","","","","","NA"
"2018-05-02 15:00","2018","05","02","15:00","22.3","","13.6","","58","","27","","18","","","","97.71","","25","","","","NA"
"2018-05-02 16:00","2018","05","02","16:00","21.3","","12.2","","56","","29","","23","","","","97.73","","","","","","NA"
"2018-05-02 17:00","2018","05","02","17:00","21.5","","12.5","","57","","30","","23","","","","97.75","","","","","","NA"
"2018-05-02 18:00","2018","05","02","18:00","20.3","","12.7","","62","","31","","15","","","","97.78","","","","","","NA"
"2018-05-02 19:00","2018","05","02","19:00","19.2","","12.8","","66","","31","","11","","","","97.81","","","","","","NA"
"2018-05-02 20:00","2018","05","02","20:00","16.1","","12.2","","78","","31","","5","","","","97.81","","","","","","NA"
"2018-05-02 21:00","2018","05","02","21:00","15.1","","12.3","","83","","7","","2","","","","97.83","","","","","","NA"
"2018-05-02 22:00","2018","05","02","22:00","13.7","","11.2","","85","","17","","3","","","","97.79","","","","","","NA"
"2018-05-02 23:00","2018","05","02","23:00","11.9","","10.0","","88","","0","","1","","","","97.79","","","","","","NA"
"2018-05-03 00:00","2018","05","03","00:00","11.4","","9.9","","91","","2","","4","","","","97.76","","","","","","NA"
"2018-05-03 01:00","2018","05","03","01:00","12.2","","10.7","","90","","36","","2","","","","97.73","","","","","","NA"
"2018-05-03 02:00","2018","05","03","02:00","12.7","","11.3","","91","","0","","1","","","","97.73","","","","","","NA"
"2018-05-03 03:00","2018","05","03","03:00","14.3","","13.0","","92","","19","","7","","","","97.79","","","","","","NA"
"2018-05-03 04:00","2018","05","03","04:00","14.2","","13.2","","94","","25","","5","","","","97.69","","","","","","NA"
"2018-05-03 05:00","2018","05","03","05:00","14.1","","13.1","","94","","19","","5","","","","97.69","","","","","","NA"
"2018-05-03 06:00","2018","05","03","06:00","12.6","","11.8","","95","","20","","2","","","","97.70","","","","","","NA"
"2018-05-03 07:00","2018","05","03","07:00","13.5","","12.8","","95","","28","","4","","","","97.76","","","","","","NA"
"2018-05-03 08:00","2018","05","03","08:00","15.5","","14.7","","95","","26","","9","","","","97.78","","","","","","NA"
"2018-05-03 09:00","2018","05","03","09:00","15.6","","14.4","","92","","29","","16","","","","97.76","","","","","","NA"
"2018-05-03 10:00","2018","05","03","10:00","14.8","","13.2","","90","","28","","17","","","","97.87","","","","","","NA"
"2018-05-03 11:00","2018","05","03","11:00","13.8","","11.9","","88","","29","","21","","","","97.93","","","","","","NA"
"2018-05-03 12:00","2018","05","03","12:00","12.9","","11.7","","92","","28","","16","","","","97.95","","","","","","NA"
"2018-05-03 13:00","2018","05","03","13:00","13.4","","12.0","","91","","31","","13","","","","97.93","","","","","","NA"
"2018-05-03 14:00","2018","05","03","14:00","12.8","","11.6","","92","","29","","14","","","","98.01","","","","","","NA"
"2018-05-03 15:00","2018","05","03","15:00","11.9","","10.3","","90","","33","","13","","","","97.99","","","","","","NA"
"2018-05-03 16:00","2018","05","03","16:00","11.7","","10.3","","92","","25","","5","","","","97.98","","","","","","NA"
"2018-05-03 17:00","2018","05","03","17:00","12.2","","9.9","","86","","20","","1","","","","97.93","","","","","","NA"
"2018-05-03 18:00","2018","05","03","18:00","11.7","","9.9","","89","","35","","11","","","","97.97","","","","","","NA"
"2018-05-03 19:00","2018","05","03","19:00","10.2","","8.9","","92","","34","","14","","","","98.07","","","","","","NA"
"2018-05-03 20:00","2018","05","03","20:00","8.9","","8.0","","94","","35","","11","","","","98.11","","","","","","NA"
"2018-05-03 21:00","2018","05","03","21:00","8.1","","7.0","","93","","29","","5","","","","98.13","","","","","","NA"
"2018-05-03 22:00","2018","05","03","22:00","7.7","","5.7","","87","","28","","2","","","","98.09","","","","","","NA"
"2018-05-03 23:00","2018","05","03","23:00","6.9","","5.7","","92","","23","","2","","","","98.08","","","","","","NA"
"2018-05-04 00:00","2018","05","04","00:00","6.8","","5.8","","94","","22","","3","","","","98.07","","","","","","NA"
"2018-05-04 01:00","2018","05","04","01:00","6.4","","5.4","","94","","0","","1","","","","98.02","","","","","","NA"
"2018-05-04 02:00","2018","05","04","02:00","6.5","","5.6","","94","","28","","3","","","","98.00","","","","","","NA"
"2018-05-04 03:00","2018","05","04","03:00","7.3","","5.3","","87","","11","","3","","","","97.89","","","","","","NA"
"2018-05-04 04:00","2018","05","04","04:00","6.2","","5.0","","92","","11","","10","","","","97.68","","","","","","NA"
"2018-05-04 05:00","2018","05","04","05:00","6.7","","6.0","","95","","12","","7","","","","97.65","","","","","","NA"
"2018-05-04 06:00","2018","05","04","06:00","7.7","","7.0","","95","","10","","10","","","","97.62","","","","","","NA"
"2018-05-04 07:00","2018","05","04","07:00","7.7","","6.8","","94","","12","","14","","","","97.48","","","","","","NA"
"2018-05-04 08:00","2018","05","04","08:00","7.9","","7.1","","95","","12","","12","","","","97.36","","","","","","NA"
"2018-05-04 09:00","2018","05","04","09:00","8.7","","7.9","","95","","13","","6","","","","97.19","","","","","","NA"
"2018-05-04 10:00","2018","05","04","10:00","10.7","","10.0","","96","","14","","13","","","","96.97","","","","","","NA"
"2018-05-04 11:00","2018","05","04","11:00","12.9","","12.2","","96","","18","","13","","","","96.84","","","","","","NA"
"2018-05-04 12:00","2018","05","04","12:00","14.4","","13.7","","96","","15","","10","","","","96.74","","","","","","NA"
"2018-05-04 13:00","2018","05","04","13:00","17.7","","16.4","","93","","22","","15","","","","96.63","","","","","","NA"
"2018-05-04 14:00","2018","05","04","14:00","21.8","","13.4","","59","","22","","25","","","","96.39","","25","","","","NA"
"2018-05-04 15:00","2018","05","04","15:00","22.7","","12.3","","52","","22","","34","","","","96.22","","25","","","","NA"
"2018-05-04 16:00","2018","05","04","16:00","19.5","","9.6","","53","","25","","38","","","","96.30","","","","","","NA"
"2018-05-04 17:00","2018","05","04","17:00","9.1","","5.9","","81","","27","","60","","","","96.68","","","","","","NA"
"2018-05-04 18:00","2018","05","04","18:00","6.2","","5.1","","93","","29","","68","","","","97.03","","","","","","NA"
"2018-05-04 19:00","2018","05","04","19:00","6.6","","4.1","","85","","30","","42","","","","97.44","","","","","","NA"
"2018-05-04 20:00","2018","05","04","20:00","6.5","","4.3","","86","","30","","33","","","","97.73","","","","","","NA"
"2018-05-04 21:00","2018","05","04","21:00","6.8","","4.5","","85","","29","","26","","","","97.88","","","","","","NA"
"2018-05-04 22:00","2018","05","04","22:00","7.5","","5.2","","85","","27","","15","","","","97.94","","","","","","NA"
"2018-05-04 23:00","2018","05","04","23:00","6.9","","4.9","","87","","22","","4","","","","97.93","","","","","","NA"
"2018-05-05 00:00","2018","05","05","00:00","6.1","","4.8","","91","","24","","5","","","","97.97","","","","","","NA"
"2018-05-05 01:00","2018","05","05","01:00","5.1","","4.1","","93","","28","","7","","","","97.97","","","","","","NA"
"2018-05-05 02:00","2018","05","05","02:00","3.2","","2.2","","93","","24","","5","","","","97.97","","","","","","NA"
"2018-05-05 03:00","2018","05","05","03:00","4.2","","3.2","","93","","26","","4","","","","98.00","","","","","","NA"
"2018-05-05 04:00","2018","05","05","04:00","3.3","","2.4","","94","","25","","4","","","","98.02","","","","","","NA"
"2018-05-05 05:00","2018","05","05","05:00","6.3","","5.4","","94","","23","","8","","","","98.05","","","","","","NA"
"2018-05-05 06:00","2018","05","05","06:00","7.7","","6.0","","89","","25","","7","","","","98.08","","","","","","NA"
"2018-05-05 07:00","2018","05","05","07:00","10.6","","7.7","","82","","24","","9","","","","98.09","","","","","","NA"
"2018-05-05 08:00","2018","05","05","08:00","13.9","","9.1","","73","","24","","12","","","","98.07","","","","","","NA"
"2018-05-05 09:00","2018","05","05","09:00","17.7","","9.1","","57","","22","","14","","","","98.02","","","","","","NA"
"2018-05-05 10:00","2018","05","05","10:00","19.7","","8.9","","50","","24","","19","","","","98.03","","","","","","NA"
"2018-05-05 11:00","2018","05","05","11:00","21.3","","5.6","","36","","26","","22","","","","98.01","","","","","","NA"
"2018-05-05 12:00","2018","05","05","12:00","22.0","","0.9","","25","","29","","29","","","","98.01","","","","","","NA"
"2018-05-05 13:00","2018","05","05","13:00","21.8","","6.9","","38","","29","","25","","","","97.99","","","","","","NA"
"2018-05-05 14:00","2018","05","05","14:00","22.0","","7.0","","38","","29","","24","","","","98.00","","","","","","NA"
"2018-05-05 15:00","2018","05","05","15:00","21.1","","2.8","","30","","31","","18","","","","98.02","","","","","","NA"
"2018-05-05 16:00","2018","05","05","16:00","21.2","","1.2","","27","","30","","24","","","","98.04","","","","","","NA"
"2018-05-05 17:00","2018","05","05","17:00","20.7","","1.2","","27","","31","","17","","","","98.03","","","","","","NA"
"2018-05-05 18:00","2018","05","05","18:00","19.5","","-0.3","","26","","31","","16","","","","98.07","","","","","","NA"
"2018-05-05 19:00","2018","05","05","19:00","16.8","","0.9","","34","","34","","10","","","","98.07","","","","","","NA"
"2018-05-05 20:00","2018","05","05","20:00","13.8","","3.4","","49","","28","","5","","","","98.14","","","","","","NA"
"2018-05-05 21:00","2018","05","05","21:00","13.5","","2.3","","47","","19","","6","","","","98.18","","","","","","NA"
"2018-05-05 22:00","2018","05","05","22:00","13.5","","2.5","","47","","24","","3","","","","98.18","","","","","","NA"
"2018-05-05 23:00","2018","05","05","23:00","12.7","","4.2","","56","","27","","7","","","","98.16","","","","","","NA"
"2018-05-06 00:00","2018","05","06","00:00","11.3","","1.5","","51","","34","","8","","","","98.17","","","","","","NA"
"2018-05-06 01:00","2018","05","06","01:00","9.7","","1.7","","57","","28","","2","","","","98.13","","","","","","NA"
"2018-05-06 02:00","2018","05","06","02:00","7.9","","2.6","","69","","0","","1","","","","98.13","","","","","","NA"
"2018-05-06 03:00","2018","05","06","03:00","7.3","","2.4","","71","","","","0","","","","98.12","","","","","","NA"
"2018-05-06 04:00","2018","05","06","04:00","5.8","","2.4","","79","","10","","3","","","","98.15","","","","","","NA"
"2018-05-06 05:00","2018","05","06","05:00","5.2","","1.7","","78","","0","","1","","","","98.14","","","","","","NA"
"2018-05-06 06:00","2018","05","06","06:00","6.1","","2.5","","77","","6","","3","","","","98.19","","","","","","NA"
"2018-05-06 07:00","2018","05","06","07:00","10.9","","3.3","","59","","6","","9","","","","98.20","","","","","","NA"
"2018-05-06 08:00","2018","05","06","08:00","11.7","","3.1","","56","","9","","18","","","","98.19","","","","","","NA"
"2018-05-06 09:00","2018","05","06","09:00","13.5","","4.5","","54","","9","","18","","","","98.17","","","","","","NA"
"2018-05-06 10:00","2018","05","06","10:00","14.4","","4.3","","51","","7","","17","","","","98.16","","","","","","NA"
"2018-05-06 11:00","2018","05","06","11:00","15.7","","4.0","","46","","9","","15","","","","98.14","","","","","","NA"
"2018-05-06 12:00","2018","05","06","12:00","17.5","","1.6","","34","","10","","16","","","","98.13","","","","","","NA"
"2018-05-06 13:00","2018","05","06","13:00","18.0","","3.0","","37","","10","","16","","","","98.08","","","","","","NA"
"2018-05-06 14:00","2018","05","06","14:00","17.9","","2.2","","35","","11","","11","","","","98.07","","","","","","NA"
"2018-05-06 15:00","2018","05","06","15:00","18.4","","2.4","","34","","36","","16","","","","98.05","","","","","","NA"
"2018-05-06 16:00","2018","05","06","16:00","18.2","","2.1","","34","","1","","18","","","","98.06","","","","","","NA"
"2018-05-06 17:00","2018","05","06","17:00","15.5","","0.6","","36","","1","","21","","","","98.11","","","","","","NA"
"2018-05-06 18:00","2018","05","06","18:00","14.4","","0.3","","38","","2","","19","","","","98.11","","","","","","NA"
"2018-05-06 19:00","2018","05","06","19:00","13.4","","2.0","","46","","6","","7","","","","98.14","","","","","","NA"
"2018-05-06 20:00","2018","05","06","20:00","13.1","","2.0","","47","","4","","6","","","","98.22","","","","","","NA"
"2018-05-06 21:00","2018","05","06","21:00","12.5","","3.8","","55","","36","","9","","","","98.32","","","","","","NA"
"2018-05-06 22:00","2018","05","06","22:00","11.9","","2.8","","53","","3","","17","","","","98.38","","","","","","NA"
"2018-05-06 23:00","2018","05","06","23:00","11.0","","1.3","","51","","3","","11","","","","98.42","","","","","","NA"
"2018-05-07 00:00","2018","05","07","00:00","10.1","","1.5","","55","","4","","9","","","","98.43","","","","","","NA"
"2018-05-07 01:00","2018","05","07","01:00","9.9","","1.1","","54","","2","","9","","","","98.47","","","","","","NA"
"2018-05-07 02:00","2018","05","07","02:00","8.4","","0.4","","57","","3","","12","","","","98.51","","","","","","NA"
"2018-05-07 03:00","2018","05","07","03:00","7.3","","-0.4","","58","","3","","12","","","","98.57","","","","","","NA"
"2018-05-07 04:00","2018","05","07","04:00","6.1","","-1.5","","58","","3","","8","","","","98.64","","","","","","NA"
"2018-05-07 05:00","2018","05","07","05:00","5.3","","-1.6","","61","","3","","6","","","","98.69","","","","","","NA"
"2018-05-07 06:00","2018","05","07","06:00","6.1","","-1.1","","60","","4","","8","","","","98.77","","","","","","NA"
"2018-05-07 07:00","2018","05","07","07:00","8.3","","-2.9","","45","","5","","13","","","","98.83","","","","","","NA"
"2018-05-07 08:00","2018","05","07","08:00","10.3","","-2.9","","40","","7","","11","","","","98.85","","","","","","NA"
"2018-05-07 09:00","2018","05","07","09:00","11.6","","-3.8","","34","","7","","10","","","","98.88","","","","","","NA"
"2018-05-07 10:00","2018","05","07","10:00","12.4","","-3.4","","33","","2","","9","","","","98.87","","","","","","NA"
"2018-05-07 11:00","2018","05","07","11:00","13.8","","-2.2","","33","","15","","12","","","","98.86","","","","","","NA"
"2018-05-07 12:00","2018","05","07","12:00","13.9","","-2.9","","31","","17","","13","","","","98.83","","","","","","NA"
"2018-05-07 13:00","2018","05","07","13:00","15.1","","-2.4","","30","","15","","13","","","","98.79","","","","","","NA"
"2018-05-07 14:00","2018","05","07","14:00","15.9","","-1.9","","30","","14","","12","","","","98.75","","","","","","NA"
"2018-05-07 15:00","2018","05","07","15:00","15.6","","-2.3","","29","","11","","12","","","","98.73","","","","","","NA"
"2018-05-07 16:00","2018","05","07","16:00","17.0","","-1.9","","27","","27","","15","","","","98.74","","","","","","NA"
"2018-05-07 17:00","2018","05","07","17:00","16.3","","-2.7","","27","","31","","12","","","","98.74","","","","","","NA"
"2018-05-07 18:00","2018","05","07","18:00","15.7","","-2.8","","28","","33","","7","","","","98.72","","","","","","NA"
"2018-05-07 19:00","2018","05","07","19:00","13.0","","-1.3","","37","","11","","7","","","","98.74","","","","","","NA"
"2018-05-07 20:00","2018","05","07","20:00","9.8","","0.8","","54","","36","","6","","","","98.77","","","","","","NA"
"2018-05-07 21:00","2018","05","07","21:00","8.8","","1.6","","61","","0","","1","","","","98.80","","","","","","NA"
"2018-05-07 22:00","2018","05","07","22:00","6.9","","1.3","","68","","32","","2","","","","98.77","","","","","","NA"
"2018-05-07 23:00","2018","05","07","23:00","5.5","","1.1","","73","","30","","2","","","","98.78","","","","","","NA"
"2018-05-08 00:00","2018","05","08","00:00","4.7","","1.8","","82","","16","","1","","","","98.79","","","","","","NA"
"2018-05-08 01:00","2018","05","08","01:00","4.2","","0.4","","76","","30","","4","","","","98.76","","","","","","NA"
"2018-05-08 02:00","2018","05","08","02:00","3.5","","0.9","","83","","27","","2","","","","98.75","","","","","","NA"
"2018-05-08 03:00","2018","05","08","03:00","3.8","","0.9","","82","","","","0","","","","98.75","","","","","","NA"
"2018-05-08 04:00","2018","05","08","04:00","3.7","","0.9","","82","","26","","4","","","","98.77","","","","","","NA"
"2018-05-08 05:00","2018","05","08","05:00","3.3","","0.1","","80","","21","","3","","","","98.76","","","","","","NA"
"2018-05-08 06:00","2018","05","08","06:00","4.8","","2.7","","86","","27","","2","","","","98.79","","","","","","NA"
"2018-05-08 07:00","2018","05","08","07:00","11.5","","1.1","","49","","25","","6","","","","98.84","","","","","","NA"
"2018-05-08 08:00","2018","05","08","08:00","14.9","","-0.8","","34","","20","","10","","","","98.87","","","","","","NA"
"2018-05-08 09:00","2018","05","08","09:00","16.4","","-0.8","","31","","23","","14","","","","98.87","","","","","","NA"
"2018-05-08 10:00","2018","05","08","10:00","17.3","","0.3","","32","","16","","16","","","","98.82","","","","","","NA"
"2018-05-08 11:00","2018","05","08","11:00","18.5","","0.3","","29","","15","","14","","","","98.82","","","","","","NA"
"2018-05-08 12:00","2018","05","08","12:00","19.1","","0.5","","29","","13","","11","","","","98.78","","","","","","NA"
"2018-05-08 13:00","2018","05","08","13:00","20.4","","-0.6","","24","","14","","13","","","","98.71","","","","","","NA"
"2018-05-08 14:00","2018","05","08","14:00","20.9","","-1.0","","23","","17","","13","","","","98.64","","","","","","NA"
"2018-05-08 15:00","2018","05","08","15:00","22.0","","0.0","","23","","16","","11","","","","98.58","","","","","","NA"
"2018-05-08 16:00","2018","05","08","16:00","21.6","","0.0","","24","","14","","10","","","","98.55","","","","","","NA"
"2018-05-08 17:00","2018","05","08","17:00","21.2","","-0.5","","23","","12","","11","","","","98.56","","","","","","NA"
"2018-05-08 18:00","2018","05","08","18:00","20.4","","-0.1","","25","","13","","11","","","","98.52","","","","","","NA"
"2018-05-08 19:00","2018","05","08","19:00","18.9","","0.2","","28","","12","","7","","","","98.52","","","","","","NA"
"2018-05-08 20:00","2018","05","08","20:00","14.9","","4.0","","48","","14","","2","","","","98.54","","","","","","NA"
"2018-05-08 21:00","2018","05","08","21:00","12.4","","4.7","","59","","","","0","","","","98.57","","","","","","NA"
"2018-05-08 22:00","2018","05","08","22:00","10.7","","4.9","","67","","28","","1","","","","98.57","","","","","","NA"
"2018-05-08 23:00","2018","05","08","23:00","10.0","","4.5","","69","","17","","1","","","","98.55","","","","","","NA"
"2018-05-09 00:00","2018","05","09","00:00","8.8","","4.5","","74","","","","0","","","","98.57","","","","","","NA"
"2018-05-09 01:00","2018","05","09","01:00","8.0","","3.6","","74","","","","0","","","","98.51","","","","","","NA"
"2018-05-09 02:00","2018","05","09","02:00","6.7","","3.7","","81","","30","","3","","","","98.50","","","","","","NA"
"2018-05-09 03:00","2018","05","09","03:00","6.5","","3.9","","84","","30","","2","","","","98.48","","","","","","NA"
"2018-05-09 04:00","2018","05","09","04:00","6.6","","4.2","","85","","29","","1","","","","98.43","","","","","","NA"
"2018-05-09 05:00","2018","05","09","05:00","5.8","","3.7","","87","","","","0","","","","98.42","","","","","","NA"
"2018-05-09 06:00","2018","05","09","06:00","8.1","","6.1","","88","","","","0","","","","98.43","","","","","","NA"
"2018-05-09 07:00","2018","05","09","07:00","13.3","","7.5","","68","","13","","5","","","","98.43","","","","","","NA"
"2018-05-09 08:00","2018","05","09","08:00","16.4","","7.4","","55","","16","","11","","","","98.43","","","","","","NA"
"2018-05-09 09:00","2018","05","09","09:00","17.9","","7.6","","51","","16","","10","","","","98.36","","","","","","NA"
"2018-05-09 10:00","2018","05","09","10:00","20.2","","8.5","","47","","14","","14","","","","98.29","","","","","","NA"
"2018-05-09 11:00","2018","05","09","11:00","21.9","","9.0","","44","","15","","15","","","","98.23","","","","","","NA"
"2018-05-09 12:00","2018","05","09","12:00","23.2","","8.9","","40","","16","","18","","","","98.12","","","","","","NA"
"2018-05-09 13:00","2018","05","09","13:00","23.5","","6.8","","34","","16","","22","","","","98.06","","","","","","NA"
"2018-05-09 14:00","2018","05","09","14:00","24.6","","6.3","","31","","16","","20","","","","97.97","","","","","","NA"
"2018-05-09 15:00","2018","05","09","15:00","24.9","","6.6","","31","","17","","23","","","","97.84","","25","","","","NA"
"2018-05-09 16:00","2018","05","09","16:00","24.3","","8.4","","36","","16","","20","","","","97.77","","25","","","","NA"
"2018-05-09 17:00","2018","05","09","17:00","23.7","","8.9","","39","","17","","18","","","","97.71","","","","","","NA"
"2018-05-09 18:00","2018","05","09","18:00","22.7","","8.5","","40","","16","","15","","","","97.63","","","","","","NA"
"2018-05-09 19:00","2018","05","09","19:00","20.3","","8.8","","47","","17","","17","","","","97.57","","","","","","NA"
"2018-05-09 20:00","2018","05","09","20:00","17.8","","9.0","","56","","15","","14","","","","97.53","","","","","","NA"
"2018-05-09 21:00","2018","05","09","21:00","17.7","","8.9","","56","","15","","15","","","","97.50","","","","","","NA"
"2018-05-09 22:00","2018","05","09","22:00","17.1","","8.9","","59","","15","","11","","","","97.40","","","","","","NA"
"2018-05-09 23:00","2018","05","09","23:00","16.8","","8.8","","59","","16","","13","","","","97.29","","","","","","NA"
"2018-05-10 00:00","2018","05","10","00:00","17.5","","8.6","","56","","20","","12","","","","97.27","","","","","","NA"
"2018-05-10 01:00","2018","05","10","01:00","16.8","","10.1","","65","","17","","13","","","","97.11","","","","","","NA"
"2018-05-10 02:00","2018","05","10","02:00","16.0","","10.5","","70","","17","","14","","","","97.00","","","","","","NA"
"2018-05-10 03:00","2018","05","10","03:00","16.1","","12.3","","78","","22","","13","","","","97.01","","","","","","NA"
"2018-05-10 04:00","2018","05","10","04:00","16.0","","13.3","","84","","19","","18","","","","96.85","","","","","","NA"
"2018-05-10 05:00","2018","05","10","05:00","16.2","","14.0","","87","","19","","16","","","","96.84","","","","","","NA"
"2018-05-10 06:00","2018","05","10","06:00","16.4","","14.0","","86","","20","","16","","","","96.86","","","","","","NA"
"2018-05-10 07:00","2018","05","10","07:00","16.4","","14.0","","85","","20","","12","","","","96.86","","","","","","NA"
"2018-05-10 08:00","2018","05","10","08:00","14.4","","12.1","","86","","28","","37","","","","96.92","","","","","","NA"
"2018-05-10 09:00","2018","05","10","09:00","12.7","","11.1","","90","","28","","30","","","","97.04","","","","","","NA"
"2018-05-10 10:00","2018","05","10","10:00","12.9","","10.8","","87","","28","","28","","","","97.10","","","","","","NA"
"2018-05-10 11:00","2018","05","10","11:00","12.6","","9.5","","81","","28","","28","","","","97.21","","","","","","NA"
"2018-05-10 12:00","2018","05","10","12:00","13.4","","10.0","","80","","28","","28","","","","97.27","","","","","","NA"
"2018-05-10 13:00","2018","05","10","13:00","14.0","","9.7","","75","","29","","35","","","","97.31","","","","","","NA"
"2018-05-10 14:00","2018","05","10","14:00","12.9","","9.0","","77","","29","","32","","","","97.42","","","","","","NA"
"2018-05-10 15:00","2018","05","10","15:00","11.8","","7.9","","77","","29","","35","","","","97.50","","","","","","NA"
"2018-05-10 16:00","2018","05","10","16:00","12.9","","6.4","","65","","29","","39","","","","97.54","","","","","","NA"
"2018-05-10 17:00","2018","05","10","17:00","12.1","","2.9","","53","","28","","39","","","","97.61","","","","","","NA"
"2018-05-10 18:00","2018","05","10","18:00","10.8","","-0.2","","47","","29","","31","","","","97.65","","","","","","NA"
"2018-05-10 19:00","2018","05","10","19:00","8.5","","-1.5","","50","","30","","27","","","","97.74","","","","","","NA"
"2018-05-10 20:00","2018","05","10","20:00","6.2","","-1.3","","59","","30","","17","","","","97.90","","","","","","NA"
"2018-05-10 21:00","2018","05","10","21:00","4.9","","-2.7","","58","","29","","28","","","","97.97","","","","","","NA"
"2018-05-10 22:00","2018","05","10","22:00","4.1","","-2.5","","62","","30","","23","","","","98.02","","","","","","NA"
"2018-05-10 23:00","2018","05","10","23:00","3.5","","-1.4","","70","","30","","17","","","","98.12","","","","","","NA"
"2018-05-11 00:00","2018","05","11","00:00","4.3","","-0.4","","71","","35","","18","","","","98.18","","","","","","NA"
"2018-05-11 01:00","2018","05","11","01:00","4.3","","-4.2","","54","","36","","21","","","","98.28","","","","","","NA"
"2018-05-11 02:00","2018","05","11","02:00","3.6","","-5.1","","53","","1","","7","","","","98.37","","","","","","NA"
"2018-05-11 03:00","2018","05","11","03:00","2.8","","-4.3","","60","","34","","4","","","","98.46","","","","","","NA"
"2018-05-11 04:00","2018","05","11","04:00","1.8","","-4.2","","65","","30","","5","","","","98.54","","","","","","NA"
"2018-05-11 05:00","2018","05","11","05:00","0.9","","-4.3","","68","","34","","8","","","","98.61","","","","","","NA"
"2018-05-11 06:00","2018","05","11","06:00","1.9","","-3.7","","67","","35","","11","","","","98.72","","","","","","NA"
"2018-05-11 07:00","2018","05","11","07:00","3.1","","-4.5","","57","","36","","19","","","","98.69","","","","","","NA"
"2018-05-11 08:00","2018","05","11","08:00","4.6","","-5.0","","50","","34","","11","","","","98.68","","","","","","NA"
"2018-05-11 09:00","2018","05","11","09:00","6.0","","-5.3","","44","","34","","7","","","","98.77","","","","","","NA"
"2018-05-11 10:00","2018","05","11","10:00","8.2","","-6.4","","35","","35","","7","","","","98.76","","","","","","NA"
"2018-05-11 11:00","2018","05","11","11:00","7.7","","-3.8","","44","","16","","9","","","","98.76","","","","","","NA"
"2018-05-11 12:00","2018","05","11","12:00","9.5","","-3.7","","39","","4","","3","","","","98.75","","","","","","NA"
"2018-05-11 13:00","2018","05","11","13:00","9.9","","-4.3","","37","","30","","10","","","","98.74","","","","","","NA"
"2018-05-11 14:00","2018","05","11","14:00","9.9","","-4.6","","36","","31","","11","","","","98.74","","","","","","NA"
"2018-05-11 15:00","2018","05","11","15:00","10.2","","-3.5","","38","","34","","13","","","","98.66","","","","","","NA"
"2018-05-11 16:00","2018","05","11","16:00","10.2","","-4.1","","36","","33","","7","","","","98.63","","","","","","NA"
"2018-05-11 17:00","2018","05","11","17:00","9.9","","-4.0","","37","","27","","6","","","","98.60","","","","","","NA"
"2018-05-11 18:00","2018","05","11","18:00","9.5","","-4.0","","39","","25","","7","","","","98.60","","","","","","NA"
"2018-05-11 19:00","2018","05","11","19:00","8.5","","-3.8","","42","","26","","7","","","","98.64","","","","","","NA"
"2018-05-11 20:00","2018","05","11","20:00","5.8","","0.0","","66","","27","","4","","","","98.62","","","","","","NA"
"2018-05-11 21:00","2018","05","11","21:00","5.1","","-0.5","","67","","34","","3","","","","98.65","","","","","","NA"
"2018-05-11 22:00","2018","05","11","22:00","4.2","","-0.9","","70","","2","","6","","","","98.66","","","","","","NA"
"2018-05-11 23:00","2018","05","11","23:00","2.7","","-2.4","","69","","1","","3","","","","98.65","","","","","","NA"
"2018-05-12 00:00","2018","05","12","00:00","1.9","","-2.9","","70","","36","","4","","","","98.66","","","","","","NA"
"2018-05-12 01:00","2018","05","12","01:00","1.5","","-3.0","","72","","3","","2","","","","98.59","","","","","","NA"
"2018-05-12 02:00","2018","05","12","02:00","2.7","","-2.9","","67","","4","","4","","","","98.52","","","","","","NA"
"2018-05-12 03:00","2018","05","12","03:00","1.7","","-1.6","","79","","3","","5","","","","98.48","","","","","","NA"
"2018-05-12 04:00","2018","05","12","04:00","1.1","","-1.4","","84","","36","","4","","","","98.53","","","","","","NA"
"2018-05-12 05:00","2018","05","12","05:00","1.9","","-0.3","","85","","3","","5","","","","98.56","","","","","","NA"
"2018-05-12 06:00","2018","05","12","06:00","3.9","","0.7","","79","","4","","5","","","","98.55","","","","","","NA"
"2018-05-12 07:00","2018","05","12","07:00","6.1","","1.8","","74","","3","","6","","","","98.58","","","","","","NA"
"2018-05-12 08:00","2018","05","12","08:00","9.2","","0.5","","54","","6","","6","","","","98.57","","","","","","NA"
"2018-05-12 09:00","2018","05","12","09:00","10.9","","-3.8","","35","","6","","9","","","","98.61","","","","","","NA"
"2018-05-12 10:00","2018","05","12","10:00","12.4","","-3.8","","32","","9","","10","","","","98.56","","","","","","NA"
"2018-05-12 11:00","2018","05","12","11:00","13.3","","-3.8","","30","","9","","8","","","","98.54","","","","","","NA"
"2018-05-12 12:00","2018","05","12","12:00","14.8","","-3.8","","27","","16","","10","","","","98.49","","","","","","NA"
"2018-05-12 13:00","2018","05","12","13:00","14.9","","-5.1","","25","","13","","11","","","","98.45","","","","","","NA"
"2018-05-12 14:00","2018","05","12","14:00","15.6","","-4.7","","24","","17","","13","","","","98.48","","","","","","NA"
"2018-05-12 15:00","2018","05","12","15:00","16.1","","-4.6","","24","","17","","11","","","","98.42","","","","","","NA"
"2018-05-12 16:00","2018","05","12","16:00","15.8","","-2.3","","29","","27","","16","","","","98.45","","","","","","NA"
"2018-05-12 17:00","2018","05","12","17:00","15.9","","-1.3","","31","","27","","11","","","","98.39","","","","","","NA"
"2018-05-12 18:00","2018","05","12","18:00","14.3","","-2.5","","31","","27","","17","","","","98.46","","","","","","NA"
"2018-05-12 19:00","2018","05","12","19:00","11.6","","-1.5","","40","","28","","11","","","","98.46","","","","","","NA"
"2018-05-12 20:00","2018","05","12","20:00","9.4","","-0.8","","49","","34","","10","","","","98.49","","","","","","NA"
"2018-05-12 21:00","2018","05","12","21:00","8.7","","-3.7","","41","","35","","13","","","","98.56","","","","","","NA"
"2018-05-12 22:00","2018","05","12","22:00","7.9","","-2.4","","48","","19","","7","","","","98.62","","","","","","NA"
"2018-05-12 23:00","2018","05","12","23:00","5.6","","-0.7","","64","","30","","10","","","","98.64","","","","","","NA"
"2018-05-13 00:00","2018","05","13","00:00","4.5","","-0.5","","70","","28","","8","","","","98.59","","","","","","NA"
"2018-05-13 01:00","2018","05","13","01:00","4.5","","-0.7","","69","","23","","6","","","","98.55","","","","","","NA"
"2018-05-13 02:00","2018","05","13","02:00","3.9","","-0.8","","72","","27","","8","","","","98.50","","","","","","NA"
"2018-05-13 03:00","2018","05","13","03:00","3.7","","-1.1","","71","","28","","5","","","","98.49","","","","","","NA"
"2018-05-13 04:00","2018","05","13","04:00","3.8","","0.0","","76","","28","","3","","","","98.48","","","","","","NA"
"2018-05-13 05:00","2018","05","13","05:00","3.4","","-0.8","","74","","32","","2","","","","98.47","","","","","","NA"
"2018-05-13 06:00","2018","05","13","06:00","4.6","","0.3","","74","","0","","1","","","","98.53","","","","","","NA"
"2018-05-13 07:00","2018","05","13","07:00","10.7","","-2.0","","41","","17","","2","","","","98.57","","","","","","NA"
"2018-05-13 08:00","2018","05","13","08:00","12.8","","-3.2","","33","","17","","8","","","","98.58","","","","","","NA"
"2018-05-13 09:00","2018","05","13","09:00","13.9","","-2.4","","32","","13","","11","","","","98.53","","","","","","NA"
"2018-05-13 10:00","2018","05","13","10:00","15.7","","-1.2","","31","","14","","11","","","","98.46","","","","","","NA"
"2018-05-13 11:00","2018","05","13","11:00","17.8","","-0.9","","28","","14","","12","","","","98.41","","","","","","NA"
"2018-05-13 12:00","2018","05","13","12:00","18.3","","-1.5","","26","","17","","11","","","","98.33","","","","","","NA"
"2018-05-13 13:00","2018","05","13","13:00","19.1","","-1.1","","26","","15","","10","","","","98.23","","","","","","NA"
"2018-05-13 14:00","2018","05","13","14:00","20.1","","0.3","","26","","13","","10","","","","98.15","","","","","","NA"
"2018-05-13 15:00","2018","05","13","15:00","19.8","","-0.4","","26","","14","","11","","","","98.08","","","","","","NA"
"2018-05-13 16:00","2018","05","13","16:00","20.3","","-0.4","","25","","17","","14","","","","97.99","","","","","","NA"
"2018-05-13 17:00","2018","05","13","17:00","19.5","","1.0","","29","","15","","14","","","","97.97","","","","","","NA"
"2018-05-13 18:00","2018","05","13","18:00","19.0","","-0.6","","27","","17","","11","","","","97.92","","","","","","NA"
"2018-05-13 19:00","2018","05","13","19:00","18.0","","0.6","","31","","19","","6","","","","97.93","","","","","","NA"
"2018-05-13 20:00","2018","05","13","20:00","14.2","","1.1","","41","","34","","10","","","","97.95","","","","","","NA"
"2018-05-13 21:00","2018","05","13","21:00","10.8","","2.5","","56","","29","","4","","","","97.97","","","","","","NA"
"2018-05-13 22:00","2018","05","13","22:00","9.0","","3.7","","69","","26","","3","","","","97.99","","","","","","NA"
"2018-05-13 23:00","2018","05","13","23:00","8.2","","3.2","","71","","0","","1","","","","98.00","","","","","","NA"
"2018-05-14 00:00","2018","05","14","00:00","6.9","","3.1","","77","","29","","2","","","","97.99","","","","","","NA"
"2018-05-14 01:00","2018","05","14","01:00","5.9","","2.9","","81","","0","","1","","","","97.95","","","","","","NA"
"2018-05-14 02:00","2018","05","14","02:00","5.0","","2.4","","83","","33","","2","","","","97.87","","","","","","NA"
"2018-05-14 03:00","2018","05","14","03:00","4.7","","2.6","","86","","27","","3","","","","97.91","","","","","","NA"
"2018-05-14 04:00","2018","05","14","04:00","4.6","","2.5","","87","","25","","4","","","","97.92","","","","","","NA"
"2018-05-14 05:00","2018","05","14","05:00","4.4","","1.5","","82","","28","","4","","","","97.91","","","","","","NA"
"2018-05-14 06:00","2018","05","14","06:00","8.4","","4.7","","77","","","","0","","","","97.90","","","","","","NA"
"2018-05-14 07:00","2018","05","14","07:00","12.7","","5.8","","63","","19","","5","","","","97.90","","","","","","NA"
"2018-05-14 08:00","2018","05","14","08:00","16.0","","8.2","","60","","24","","6","","","","97.90","","","","","","NA"
"2018-05-14 09:00","2018","05","14","09:00","18.7","","9.5","","55","","26","","10","","","","97.89","","","","","","NA"
"2018-05-14 10:00","2018","05","14","10:00","21.1","","8.4","","44","","27","","15","","","","97.92","","","","","","NA"
"2018-05-14 11:00","2018","05","14","11:00","21.6","","8.7","","44","","27","","14","","","","97.92","","","","","","NA"
"2018-05-14 12:00","2018","05","14","12:00","22.9","","9.6","","43","","29","","17","","","","97.90","","","","","","NA"
"2018-05-14 13:00","2018","05","14","13:00","23.1","","9.0","","41","","26","","14","","","","97.85","","","","","","NA"
"2018-05-14 14:00","2018","05","14","14:00","24.2","","8.6","","37","","29","","17","","","","97.77","","25","","","","NA"
"2018-05-14 15:00","2018","05","14","15:00","23.9","","7.8","","36","","27","","13","","","","97.63","","","","","","NA"
"2018-05-14 16:00","2018","05","14","16:00","23.9","","7.6","","35","","30","","13","","","","97.52","","","","","","NA"
"2018-05-14 17:00","2018","05","14","17:00","23.2","","8.6","","39","","14","","10","","","","97.45","","","","","","NA"
"2018-05-14 18:00","2018","05","14","18:00","22.8","","8.7","","41","","14","","8","","","","97.48","","","","","","NA"
"2018-05-14 19:00","2018","05","14","19:00","21.8","","8.6","","43","","19","","4","","","","97.55","","","","","","NA"
"2018-05-14 20:00","2018","05","14","20:00","18.2","","10.0","","59","","35","","10","","","","97.58","","","","","","NA"
"2018-05-14 21:00","2018","05","14","21:00","15.5","","10.3","","71","","30","","5","","","","97.60","","","","","","NA"
"2018-05-14 22:00","2018","05","14","22:00","16.1","","10.2","","68","","32","","9","","","","97.60","","","","","","NA"
"2018-05-14 23:00","2018","05","14","23:00","13.9","","9.8","","77","","0","","1","","","","97.55","","","","","","NA"
"2018-05-15 00:00","2018","05","15","00:00","14.2","","10.3","","78","","","","0","","","","97.54","","","","","","NA"
"2018-05-15 01:00","2018","05","15","01:00","14.3","","10.2","","76","","14","","1","","","","97.46","","","","","","NA"
"2018-05-15 02:00","2018","05","15","02:00","14.2","","11.4","","83","","29","","6","","","","97.51","","","","","","NA"
"2018-05-15 03:00","2018","05","15","03:00","13.3","","12.0","","92","","25","","4","","","","97.50","","","","","","NA"
"2018-05-15 04:00","2018","05","15","04:00","14.0","","12.7","","92","","28","","3","","","","97.35","","","","","","NA"
"2018-05-15 05:00","2018","05","15","05:00","14.1","","13.1","","94","","5","","3","","","","97.38","","","","","","NA"
"2018-05-15 06:00","2018","05","15","06:00","14.8","","13.0","","89","","31","","12","","","","97.53","","","","","","NA"
"2018-05-15 07:00","2018","05","15","07:00","14.3","","13.1","","93","","28","","3","","","","97.55","","","","","","NA"
"2018-05-15 08:00","2018","05","15","08:00","14.8","","12.9","","88","","29","","7","","","","97.61","","","","","","NA"
"2018-05-15 09:00","2018","05","15","09:00","15.3","","13.6","","90","","27","","4","","","","97.61","","","","","","NA"
"2018-05-15 10:00","2018","05","15","10:00","15.6","","14.2","","91","","28","","8","","","","97.69","","","","","","NA"
"2018-05-15 11:00","2018","05","15","11:00","14.9","","13.3","","90","","26","","15","","","","97.85","","","","","","NA"
"2018-05-15 12:00","2018","05","15","12:00","15.7","","13.2","","85","","30","","11","","","","97.89","","","","","","NA"
"2018-05-15 13:00","2018","05","15","13:00","16.7","","12.5","","76","","28","","12","","","","97.94","","","","","","NA"
"2018-05-15 14:00","2018","05","15","14:00","16.7","","11.8","","73","","32","","13","","","","97.97","","","","","","NA"
"2018-05-15 15:00","2018","05","15","15:00","17.2","","11.3","","68","","32","","10","","","","97.97","","","","","","NA"
"2018-05-15 16:00","2018","05","15","16:00","17.6","","8.9","","57","","27","","21","","","","98.00","","","","","","NA"
"2018-05-15 17:00","2018","05","15","17:00","16.8","","6.5","","51","","28","","20","","","","98.05","","","","","","NA"
"2018-05-15 18:00","2018","05","15","18:00","15.8","","5.4","","50","","28","","19","","","","98.06","","","","","","NA"
"2018-05-15 19:00","2018","05","15","19:00","14.0","","4.8","","54","","30","","15","","","","98.13","","","","","","NA"
"2018-05-15 20:00","2018","05","15","20:00","11.3","","4.8","","65","","29","","7","","","","98.15","","","","","","NA"
"2018-05-15 21:00","2018","05","15","21:00","10.9","","3.1","","59","","31","","14","","","","98.26","","","","","","NA"
"2018-05-15 22:00","2018","05","15","22:00","7.5","","2.5","","71","","30","","9","","","","98.27","","","","","","NA"
"2018-05-15 23:00","2018","05","15","23:00","5.5","","3.0","","84","","28","","6","","","","98.35","","","","","","NA"
"2018-05-16 00:00","2018","05","16","00:00","4.8","","3.0","","88","","30","","4","","","","98.37","","","","","","NA"
"2018-05-16 01:00","2018","05","16","01:00","5.0","","3.2","","88","","34","","2","","","","98.37","","","","","","NA"
"2018-05-16 02:00","2018","05","16","02:00","4.2","","2.0","","86","","2","","2","","","","98.35","","","","","","NA"
"2018-05-16 03:00","2018","05","16","03:00","4.9","","2.0","","81","","11","","5","","","","98.29","","","","","","NA"
"2018-05-16 04:00","2018","05","16","04:00","5.5","","1.9","","78","","7","","5","","","","98.34","","","","","","NA"
"2018-05-16 05:00","2018","05","16","05:00","4.2","","1.4","","82","","6","","3","","","","98.42","","","","","","NA"
"2018-05-16 06:00","2018","05","16","06:00","8.1","","3.0","","70","","10","","9","","","","98.43","","","","","","NA"
"2018-05-16 07:00","2018","05","16","07:00","9.5","","2.5","","61","","12","","14","","","","98.43","","","","","","NA"
"2018-05-16 08:00","2018","05","16","08:00","10.8","","3.3","","60","","15","","11","","","","98.44","","","","","","NA"
"2018-05-16 09:00","2018","05","16","09:00","12.2","","4.8","","61","","16","","11","","","","98.40","","","","","","NA"
"2018-05-16 10:00","2018","05","16","10:00","14.1","","5.9","","58","","16","","16","","","","98.35","","","","","","NA"
"2018-05-16 11:00","2018","05","16","11:00","16.7","","7.5","","55","","16","","12","","","","98.30","","","","","","NA"
"2018-05-16 12:00","2018","05","16","12:00","19.3","","8.6","","50","","17","","12","","","","98.22","","","","","","NA"
"2018-05-16 13:00","2018","05","16","13:00","20.9","","5.1","","36","","20","","12","","","","98.17","","","","","","NA"
"2018-05-16 14:00","2018","05","16","14:00","22.4","","6.1","","35","","22","","10","","","","98.11","","","","","","NA"
"2018-05-16 15:00","2018","05","16","15:00","22.7","","6.7","","36","","11","","13","","","","98.03","","","","","","NA"
"2018-05-16 16:00","2018","05","16","16:00","22.4","","5.9","","34","","13","","15","","","","98.00","","","","","","NA"
"2018-05-16 17:00","2018","05","16","17:00","22.5","","5.4","","33","","15","","12","","","","97.97","","","","","","NA"
"2018-05-16 18:00","2018","05","16","18:00","21.2","","5.5","","36","","35","","17","","","","97.97","","","","","","NA"
"2018-05-16 19:00","2018","05","16","19:00","18.5","","7.7","","49","","35","","11","","","","98.00","","","","","","NA"
"2018-05-16 20:00","2018","05","16","20:00","16.0","","8.5","","61","","30","","3","","","","98.00","","","","","","NA"
"2018-05-16 21:00","2018","05","16","21:00","13.1","","8.6","","74","","26","","1","","","","98.06","","","","","","NA"
"2018-05-16 22:00","2018","05","16","22:00","11.6","","8.9","","84","","27","","2","","","","98.05","","","","","","NA"
"2018-05-16 23:00","2018","05","16","23:00","10.8","","8.5","","86","","","","0","","","","98.03","","","","","","NA"
"2018-05-17 00:00","2018","05","17","00:00","10.3","","8.2","","87","","27","","4","","","","98.03","","","","","","NA"
"2018-05-17 01:00","2018","05","17","01:00","10.3","","7.8","","85","","","","0","","","","98.06","","","","","","NA"
"2018-05-17 02:00","2018","05","17","02:00","9.6","","7.8","","89","","0","","1","","","","98.03","","","","","","NA"
"2018-05-17 03:00","2018","05","17","03:00","9.4","","7.6","","89","","25","","1","","","","98.05","","","","","","NA"
"2018-05-17 04:00","2018","05","17","04:00","8.7","","6.6","","86","","0","","1","","","","98.06","","","","","","NA"
"2018-05-17 05:00","2018","05","17","05:00","8.4","","6.7","","89","","30","","2","","","","98.09","","","","","","NA"
"2018-05-17 06:00","2018","05","17","06:00","13.3","","8.8","","74","","34","","9","","","","98.18","","","","","","NA"
"2018-05-17 07:00","2018","05","17","07:00","13.9","","8.8","","71","","35","","10","","","","98.23","","","","","","NA"
"2018-05-17 08:00","2018","05","17","08:00","15.8","","9.9","","68","","35","","8","","","","98.29","","","","","","NA"
"2018-05-17 09:00","2018","05","17","09:00","16.9","","11.3","","70","","36","","15","","","","98.35","","","","","","NA"
"2018-05-17 10:00","2018","05","17","10:00","18.2","","10.4","","60","","36","","16","","","","98.39","","","","","","NA"
"2018-05-17 11:00","2018","05","17","11:00","20.1","","9.9","","52","","34","","16","","","","98.44","","","","","","NA"
"2018-05-17 12:00","2018","05","17","12:00","20.3","","8.7","","47","","35","","12","","","","98.48","","","","","","NA"
"2018-05-17 13:00","2018","05","17","13:00","21.1","","7.2","","41","","33","","9","","","","98.48","","","","","","NA"
"2018-05-17 14:00","2018","05","17","14:00","21.2","","6.7","","39","","2","","10","","","","98.48","","","","","","NA"
"2018-05-17 15:00","2018","05","17","15:00","21.4","","5.9","","36","","3","","12","","","","98.48","","","","","","NA"
"2018-05-17 16:00","2018","05","17","16:00","20.9","","5.0","","35","","36","","15","","","","98.51","","","","","","NA"
"2018-05-17 17:00","2018","05","17","17:00","19.8","","3.2","","33","","32","","18","","","","98.54","","","","","","NA"
"2018-05-17 18:00","2018","05","17","18:00","18.6","","2.3","","34","","34","","16","","","","98.59","","","","","","NA"
"2018-05-17 19:00","2018","05","17","19:00","16.7","","0.4","","33","","33","","14","","","","98.66","","","","","","NA"
"2018-05-17 20:00","2018","05","17","20:00","14.1","","1.1","","41","","32","","9","","","","98.75","","","","","","NA"
"2018-05-17 21:00","2018","05","17","21:00","13.1","","-1.8","","36","","1","","10","","","","98.87","","","","","","NA"
"2018-05-17 22:00","2018","05","17","22:00","12.1","","-2.8","","35","","1","","13","","","","98.97","","","","","","NA"
"2018-05-17 23:00","2018","05","17","23:00","10.7","","-3.2","","38","","4","","13","","","","99.06","","","","","","NA"
"2018-05-18 00:00","2018","05","18","00:00","10.7","","-5.1","","33","","4","","19","","","","99.10","","","","","","NA"
"2018-05-18 01:00","2018","05","18","01:00","9.3","","-5.0","","36","","5","","16","","","","99.15","","","","","","NA"
"2018-05-18 02:00","2018","05","18","02:00","8.3","","-4.2","","41","","6","","17","","","","99.16","","","","","","NA"
"2018-05-18 03:00","2018","05","18","03:00","7.6","","-4.2","","43","","7","","17","","","","99.15","","","","","","NA"
"2018-05-18 04:00","2018","05","18","04:00","6.9","","-4.0","","46","","7","","15","","","","99.24","","","","","","NA"
"2018-05-18 05:00","2018","05","18","05:00","6.3","","-3.3","","50","","7","","14","","","","99.28","","","","","","NA"
"2018-05-18 06:00","2018","05","18","06:00","7.5","","-2.6","","49","","8","","16","","","","99.33","","","","","","NA"
"2018-05-18 07:00","2018","05","18","07:00","8.9","","-3.4","","41","","10","","23","","","","99.35","","","","","","NA"
"2018-05-18 08:00","2018","05","18","08:00","10.2","","-3.1","","39","","9","","25","","","","99.38","","","","","","NA"
"2018-05-18 09:00","2018","05","18","09:00","11.6","","-2.8","","36","","9","","26","","","","99.43","","","","","","NA"
"2018-05-18 10:00","2018","05","18","10:00","12.3","","-2.9","","35","","10","","24","","","","99.45","","","","","","NA"
"2018-05-18 11:00","2018","05","18","11:00","13.6","","-2.1","","34","","11","","22","","","","99.43","","","","","","NA"
"2018-05-18 12:00","2018","05","18","12:00","14.4","","-2.9","","30","","9","","22","","","","99.34","","","","","","NA"
"2018-05-18 13:00","2018","05","18","13:00","15.9","","-1.3","","31","","10","","21","","","","99.27","","","","","","NA"
"2018-05-18 14:00","2018","05","18","14:00","17.0","","-1.8","","28","","9","","19","","","","99.18","","","","","","NA"
"2018-05-18 15:00","2018","05","18","15:00","17.3","","-2.2","","26","","9","","20","","","","99.12","","","","","","NA"
"2018-05-18 16:00","2018","05","18","16:00","18.1","","-0.9","","28","","10","","21","","","","99.05","","","","","","NA"
"2018-05-18 17:00","2018","05","18","17:00","17.9","","-2.4","","25","","8","","21","","","","98.99","","","","","","NA"
"2018-05-18 18:00","2018","05","18","18:00","17.4","","-2.7","","25","","9","","16","","","","98.96","","","","","","NA"
"2018-05-18 19:00","2018","05","18","19:00","16.0","","-2.2","","29","","10","","14","","","","98.95","","","","","","NA"
"2018-05-18 20:00","2018","05","18","20:00","15.0","","-2.9","","29","","9","","14","","","","98.93","","","","","","NA"
"2018-05-18 21:00","2018","05","18","21:00","14.5","","-2.4","","31","","11","","12","","","","98.96","","","","","","NA"
"2018-05-18 22:00","2018","05","18","22:00","13.4","","-2.3","","33","","11","","13","","","","98.92","","","","","","NA"
"2018-05-18 23:00","2018","05","18","23:00","12.5","","-0.3","","41","","9","","16","","","","98.88","","","","","","NA"
"2018-05-19 00:00","2018","05","19","00:00","12.2","","-0.5","","41","","11","","17","","","","98.85","","","","","","NA"
"2018-05-19 01:00","2018","05","19","01:00","11.7","","0.3","","45","","10","","14","","","","98.79","","","","","","NA"
"2018-05-19 02:00","2018","05","19","02:00","11.2","","0.4","","47","","10","","12","","","","98.72","","","","","","NA"
"2018-05-19 03:00","2018","05","19","03:00","11.2","","1.0","","49","","9","","13","","","","98.63","","","","","","NA"
"2018-05-19 04:00","2018","05","19","04:00","11.1","","1.6","","52","","9","","14","","","","98.55","","","","","","NA"
"2018-05-19 05:00","2018","05","19","05:00","11.1","","2.3","","55","","9","","16","","","","98.50","","","","","","NA"
"2018-05-19 06:00","2018","05","19","06:00","11.1","","3.8","","61","","10","","15","","","","98.45","","","","","","NA"
"2018-05-19 07:00","2018","05","19","07:00","10.8","","7.2","","78","","11","","12","","","","98.38","","","","","","NA"
"2018-05-19 08:00","2018","05","19","08:00","10.7","","9.5","","92","","11","","10","","","","98.32","","","","","","NA"
"2018-05-19 09:00","2018","05","19","09:00","11.9","","11.1","","95","","12","","11","","","","98.25","","","","","","NA"
"2018-05-19 10:00","2018","05","19","10:00","12.1","","11.2","","94","","12","","17","","","","98.16","","","","","","NA"
"2018-05-19 11:00","2018","05","19","11:00","11.8","","10.9","","94","","13","","17","","","","98.08","","","","","","NA"
"2018-05-19 12:00","2018","05","19","12:00","11.8","","10.9","","94","","13","","15","","","","98.02","","","","","","NA"
"2018-05-19 13:00","2018","05","19","13:00","12.1","","11.2","","94","","13","","12","","","","97.93","","","","","","NA"
"2018-05-19 14:00","2018","05","19","14:00","12.7","","11.8","","95","","14","","11","","","","97.85","","","","","","NA"
"2018-05-19 15:00","2018","05","19","15:00","13.2","","12.3","","95","","15","","9","","","","97.75","","","","","","NA"
"2018-05-19 16:00","2018","05","19","16:00","14.2","","12.8","","91","","17","","16","","","","97.65","","","","","","NA"
"2018-05-19 17:00","2018","05","19","17:00","14.7","","13.1","","90","","16","","9","","","","97.63","","","","","","NA"
"2018-05-19 18:00","2018","05","19","18:00","14.7","","13.1","","90","","15","","8","","","","97.60","","","","","","NA"
"2018-05-19 19:00","2018","05","19","19:00","14.8","","13.3","","91","","17","","6","","","","97.55","","","","","","NA"
"2018-05-19 20:00","2018","05","19","20:00","14.2","","12.9","","92","","10","","3","","","","97.52","","","","","","NA"
"2018-05-19 21:00","2018","05","19","21:00","14.7","","13.3","","91","","17","","4","","","","97.53","","","","","","NA"
"2018-05-19 22:00","2018","05","19","22:00","15.2","","14.4","","95","","24","","8","","","","97.53","","","","","","NA"
"2018-05-19 23:00","2018","05","19","23:00","15.3","","14.5","","95","","28","","18","","","","97.58","","","","","","NA"
"2018-05-20 00:00","2018","05","20","00:00","13.7","","12.5","","92","","29","","22","","","","97.61","","","","","","NA"
"2018-05-20 01:00","2018","05","20","01:00","11.7","","10.7","","94","","29","","28","","","","97.64","","","","","","NA"
"2018-05-20 02:00","2018","05","20","02:00","10.5","","9.7","","95","","30","","22","","","","97.73","","","","","","NA"
"2018-05-20 03:00","2018","05","20","03:00","10.4","","9.6","","94","","29","","18","","","","97.80","","","","","","NA"
"2018-05-20 04:00","2018","05","20","04:00","10.8","","10.0","","95","","31","","18","","","","97.84","","","","","","NA"
"2018-05-20 05:00","2018","05","20","05:00","11.0","","10.2","","95","","31","","15","","","","97.93","","","","","","NA"
"2018-05-20 06:00","2018","05","20","06:00","11.3","","10.2","","93","","33","","16","","","","98.06","","","","","","NA"
"2018-05-20 07:00","2018","05","20","07:00","12.2","","10.5","","90","","35","","14","","","","98.13","","","","","","NA"
"2018-05-20 08:00","2018","05","20","08:00","13.0","","10.2","","83","","34","","15","","","","98.19","","","","","","NA"
"2018-05-20 09:00","2018","05","20","09:00","13.9","","10.3","","79","","35","","17","","","","98.29","","","","","","NA"
"2018-05-20 10:00","2018","05","20","10:00","14.7","","10.2","","74","","33","","16","","","","98.40","","","","","","NA"
"2018-05-20 11:00","2018","05","20","11:00","15.1","","9.5","","69","","31","","14","","","","98.47","","","","","","NA"
"2018-05-20 12:00","2018","05","20","12:00","15.7","","8.1","","60","","30","","16","","","","98.48","","","","","","NA"
"2018-05-20 13:00","2018","05","20","13:00","16.2","","8.6","","61","","29","","21","","","","98.53","","","","","","NA"
"2018-05-20 14:00","2018","05","20","14:00","16.2","","9.0","","62","","29","","21","","","","98.54","","","","","","NA"
"2018-05-20 15:00","2018","05","20","15:00","16.1","","7.1","","55","","31","","20","","","","98.56","","","","","","NA"
"2018-05-20 16:00","2018","05","20","16:00","15.7","","7.1","","57","","28","","22","","","","98.57","","","","","","NA"
"2018-05-20 17:00","2018","05","20","17:00","14.7","","6.7","","59","","30","","18","","","","98.58","","","","","","NA"
"2018-05-20 18:00","2018","05","20","18:00","13.9","","6.5","","61","","29","","17","","","","98.62","","","","","","NA"
"2018-05-20 19:00","2018","05","20","19:00","11.8","","5.5","","65","","28","","14","","","","98.60","","","","","","NA"
"2018-05-20 20:00","2018","05","20","20:00","7.7","","4.5","","80","","29","","11","","","","98.61","","","","","","NA"
"2018-05-20 21:00","2018","05","20","21:00","6.8","","4.4","","85","","28","","7","","","","98.66","","","","","","NA"
"2018-05-20 22:00","2018","05","20","22:00","5.7","","3.3","","85","","31","","10","","","","98.69","","","","","","NA"
"2018-05-20 23:00","2018","05","20","23:00","4.6","","1.9","","83","","22","","2","","","","98.77","","","","","","NA"
"2018-05-21 00:00","2018","05","21","00:00","3.2","","1.4","","88","","30","","7","","","","98.78","","","","","","NA"
"2018-05-21 01:00","2018","05","21","01:00","3.3","","1.9","","90","","28","","11","","","","98.80","","","","","","NA"
"2018-05-21 02:00","2018","05","21","02:00","3.5","","0.9","","83","","28","","8","","","","98.84","","","","","","NA"
"2018-05-21 03:00","2018","05","21","03:00","3.1","","1.6","","90","","28","","9","","","","98.84","","","","","","NA"
"2018-05-21 04:00","2018","05","21","04:00","2.8","","1.3","","90","","","","0","","","","98.87","","","","","","NA"
"2018-05-21 05:00","2018","05","21","05:00","2.6","","1.3","","92","","0","","1","","","","98.91","","","","","","NA"
"2018-05-21 06:00","2018","05","21","06:00","6.2","","4.1","","87","","","","0","","","","98.95","","","","","","NA"
"2018-05-21 07:00","2018","05","21","07:00","10.9","","2.0","","54","","23","","2","","","","98.97","","","","","","NA"
"2018-05-21 08:00","2018","05","21","08:00","12.8","","4.4","","57","","28","","3","","","","98.99","","","","","","NA"
"2018-05-21 09:00","2018","05","21","09:00","15.8","","4.2","","46","","4","","6","","","","98.98","","","","","","NA"
"2018-05-21 10:00","2018","05","21","10:00","16.1","","6.7","","53","","16","","9","","","","99.00","","","","","","NA"
"2018-05-21 11:00","2018","05","21","11:00","19.3","","7.3","","46","","27","","3","","","","98.95","","","","","","NA"
"2018-05-21 12:00","2018","05","21","12:00","19.4","","7.6","","46","","16","","11","","","","98.90","","","","","","NA"
"2018-05-21 13:00","2018","05","21","13:00","21.4","","8.4","","43","","15","","9","","","","98.81","","","","","","NA"
"2018-05-21 14:00","2018","05","21","14:00","21.9","","6.6","","37","","16","","12","","","","98.75","","","","","","NA"
"2018-05-21 15:00","2018","05","21","15:00","22.5","","5.4","","33","","15","","15","","","","98.69","","","","","","NA"
"2018-05-21 16:00","2018","05","21","16:00","21.2","","4.5","","34","","15","","14","","","","98.66","","","","","","NA"
"2018-05-21 17:00","2018","05","21","17:00","21.1","","4.6","","34","","15","","10","","","","98.63","","","","","","NA"
"2018-05-21 18:00","2018","05","21","18:00","20.7","","7.3","","42","","10","","3","","","","98.60","","","","","","NA"
"2018-05-21 19:00","2018","05","21","19:00","18.9","","8.4","","50","","30","","4","","","","98.64","","","","","","NA"
"2018-05-21 20:00","2018","05","21","20:00","17.0","","8.3","","57","","0","","1","","","","98.61","","","","","","NA"
"2018-05-21 21:00","2018","05","21","21:00","15.6","","9.7","","68","","20","","2","","","","98.58","","","","","","NA"
"2018-05-21 22:00","2018","05","21","22:00","15.2","","9.5","","69","","29","","3","","","","98.61","","","","","","NA"
"2018-05-21 23:00","2018","05","21","23:00","17.2","","5.5","","46","","21","","11","","","","98.63","","","","","","NA"
"2018-05-22 00:00","2018","05","22","00:00","17.5","","5.4","","45","","7","","9","","","","98.49","","","","","","NA"
"2018-05-22 01:00","2018","05","22","01:00","17.1","","5.5","","46","","4","","13","","","","98.37","","","","","","NA"
"2018-05-22 02:00","2018","05","22","02:00","17.3","","5.4","","45","","8","","10","","","","98.33","","","","","","NA"
"2018-05-22 03:00","2018","05","22","03:00","14.5","","8.6","","68","","9","","8","","","","98.27","","","","","","NA"
"2018-05-22 04:00","2018","05","22","04:00","15.2","","6.9","","57","","16","","3","","","","98.25","","","","","","NA"
"2018-05-22 05:00","2018","05","22","05:00","13.4","","8.7","","73","","27","","8","","","","98.35","","","","","","NA"
"2018-05-22 06:00","2018","05","22","06:00","11.4","","9.2","","86","","21","","4","","","","98.30","","","","","","NA"
"2018-05-22 07:00","2018","05","22","07:00","11.6","","9.8","","89","","12","","10","","","","98.23","","","","","","NA"
"2018-05-22 08:00","2018","05","22","08:00","12.8","","11.0","","89","","9","","13","","","","98.20","","","","","","NA"
"2018-05-22 09:00","2018","05","22","09:00","13.3","","11.5","","89","","8","","14","","","","98.15","","","","","","NA"
"2018-05-22 10:00","2018","05","22","10:00","13.6","","11.4","","87","","8","","13","","","","98.11","","","","","","NA"
"2018-05-22 11:00","2018","05","22","11:00","14.0","","11.3","","84","","8","","14","","","","98.08","","","","","","NA"
"2018-05-22 12:00","2018","05","22","12:00","14.1","","11.6","","85","","9","","9","","","","98.06","","","","","","NA"
"2018-05-22 13:00","2018","05","22","13:00","13.9","","11.9","","88","","10","","9","","","","98.02","","","","","","NA"
"2018-05-22 14:00","2018","05","22","14:00","13.7","","12.4","","92","","7","","3","","","","97.98","","","","","","NA"
"2018-05-22 15:00","2018","05","22","15:00","13.9","","12.5","","91","","","","0","","","","97.96","","","","","","NA"
"2018-05-22 16:00","2018","05","22","16:00","14.1","","12.8","","92","","7","","6","","","","97.93","","","","","","NA"
"2018-05-22 17:00","2018","05","22","17:00","14.3","","12.9","","92","","5","","5","","","","97.92","","","","","","NA"
"2018-05-22 18:00","2018","05","22","18:00","14.3","","13.0","","92","","4","","7","","","","97.94","","","","","","NA"
"2018-05-22 19:00","2018","05","22","19:00","14.2","","12.8","","91","","1","","4","","","","97.94","","","","","","NA"
"2018-05-22 20:00","2018","05","22","20:00","13.8","","12.6","","93","","32","","4","","","","97.97","","","","","","NA"
"2018-05-22 21:00","2018","05","22","21:00","11.7","","10.9","","95","","31","","4","","","","98.04","","","","","","NA"
"2018-05-22 22:00","2018","05","22","22:00","12.7","","11.9","","95","","30","","8","","","","98.06","","","","","","NA"
"2018-05-22 23:00","2018","05","22","23:00","12.6","","11.7","","94","","30","","14","","","","98.09","","","","","","NA"
"2018-05-23 00:00","2018","05","23","00:00","12.0","","11.1","","94","","32","","14","","","","98.11","","","","","","NA"
"2018-05-23 01:00","2018","05","23","01:00","11.2","","10.4","","95","","30","","13","","","","98.13","","","","","","NA"
"2018-05-23 02:00","2018","05","23","02:00","9.9","","9.1","","95","","27","","8","","","","98.15","","","","","","NA"
"2018-05-23 03:00","2018","05","23","03:00","9.8","","9.1","","95","","27","","11","","","","98.14","","","","","","NA"
"2018-05-23 04:00","2018","05","23","04:00","9.3","","8.6","","95","","28","","11","","","","98.16","","","","","","NA"
"2018-05-23 05:00","2018","05","23","05:00","10.1","","7.8","","86","","29","","14","","","","98.19","","","","","","NA"
"2018-05-23 06:00","2018","05","23","06:00","11.7","","7.7","","77","","29","","16","","","","98.27","","","","","","NA"
"2018-05-23 07:00","2018","05","23","07:00","13.0","","7.0","","67","","29","","19","","","","98.32","","","","","","NA"
"2018-05-23 08:00","2018","05","23","08:00","14.8","","7.9","","63","","29","","17","","","","98.36","","","","","","NA"
"2018-05-23 09:00","2018","05","23","09:00","16.0","","8.0","","59","","30","","19","","","","98.37","","","","","","NA"
"2018-05-23 10:00","2018","05","23","10:00","18.0","","9.5","","57","","31","","12","","","","98.41","","","","","","NA"
"2018-05-23 11:00","2018","05","23","11:00","20.2","","11.0","","56","","29","","18","","","","98.45","","","","","","NA"
"2018-05-23 12:00","2018","05","23","12:00","20.8","","10.1","","50","","30","","18","","","","98.46","","","","","","NA"
"2018-05-23 13:00","2018","05","23","13:00","21.1","","10.1","","49","","29","","22","","","","98.45","","","","","","NA"
"2018-05-23 14:00","2018","05","23","14:00","21.2","","9.3","","46","","30","","23","","","","98.43","","","","","","NA"
"2018-05-23 15:00","2018","05","23","15:00","21.4","","9.6","","47","","28","","20","","","","98.44","","","","","","NA"
"2018-05-23 16:00","2018","05","23","16:00","21.0","","9.4","","48","","27","","19","","","","98.44","","","","","","NA"
"2018-05-23 17:00","2018","05","23","17:00","20.1","","8.3","","46","","28","","23","","","","98.47","","","","","","NA"
"2018-05-23 18:00","2018","05","23","18:00","18.7","","6.2","","44","","29","","21","","","","98.50","","","","","","NA"
"2018-05-23 19:00","2018","05","23","19:00","16.9","","6.1","","49","","29","","15","","","","98.53","","","","","","NA"
"2018-05-23 20:00","2018","05","23","20:00","14.0","","6.0","","59","","29","","8","","","","98.58","","","","","","NA"
"2018-05-23 21:00","2018","05","23","21:00","14.2","","5.6","","56","","32","","9","","","","98.61","","","","","","NA"
"2018-05-23 22:00","2018","05","23","22:00","12.1","","7.1","","71","","30","","3","","","","98.60","","","","","","NA"
"2018-05-23 23:00","2018","05","23","23:00","11.1","","7.7","","80","","25","","2","","","","98.59","","","","","","NA"
"2018-05-24 00:00","2018","05","24","00:00","10.2","","7.9","","86","","","","0","","","","98.62","","","","","","NA"
"2018-05-24 01:00","2018","05","24","01:00","9.3","","7.0","","86","","28","","7","","","","98.64","","","","","","NA"
"2018-05-24 02:00","2018","05","24","02:00","9.7","","7.1","","84","","29","","5","","","","98.65","","","","","","NA"
"2018-05-24 03:00","2018","05","24","03:00","8.7","","7.0","","89","","","","0","","","","98.66","","","","","","NA"
"2018-05-24 04:00","2018","05","24","04:00","8.5","","7.0","","90","","28","","1","","","","98.69","","","","","","NA"
"2018-05-24 05:00","2018","05","24","05:00","7.8","","6.1","","89","","","","0","","","","98.73","","","","","","NA"
"2018-05-24 06:00","2018","05","24","06:00","10.5","","8.8","","89","","7","","5","","","","98.78","","","","","","NA"
"2018-05-24 07:00","2018","05","24","07:00","14.9","","10.2","","74","","16","","2","","","","98.80","","","","","","NA"
"2018-05-24 08:00","2018","05","24","08:00","18.8","","9.3","","54","","28","","9","","","","98.79","","","","","","NA"
"2018-05-24 09:00","2018","05","24","09:00","21.4","","10.2","","49","","27","","9","","","","98.76","","","","","","NA"
"2018-05-24 10:00","2018","05","24","10:00","23.8","","7.1","","34","","29","","15","","","","98.72","","","","","","NA"
"2018-05-24 11:00","2018","05","24","11:00","25.3","","7.4","","32","","29","","19","","","","98.69","","25","","","","NA"
"2018-05-24 12:00","2018","05","24","12:00","25.9","","6.6","","29","","28","","21","","","","98.65","","26","","","","NA"
"2018-05-24 13:00","2018","05","24","13:00","26.2","","5.6","","27","","30","","19","","","","98.59","","26","","","","NA"
"2018-05-24 14:00","2018","05","24","14:00","26.9","","5.4","","25","","28","","19","","","","98.55","","26","","","","NA"
"2018-05-24 15:00","2018","05","24","15:00","26.7","","5.9","","26","","31","","15","","","","98.48","","26","","","","NA"
"2018-05-24 16:00","2018","05","24","16:00","26.9","","6.7","","28","","30","","24","","","","98.41","","27","","","","NA"
"2018-05-24 17:00","2018","05","24","17:00","25.7","","8.2","","33","","30","","27","","","","98.38","","26","","","","NA"
"2018-05-24 18:00","2018","05","24","18:00","23.8","","9.6","","40","","28","","19","","","","98.33","","25","","","","NA"
"2018-05-24 19:00","2018","05","24","19:00","22.2","","8.3","","41","","26","","10","","","","98.32","","","","","","NA"
"2018-05-24 20:00","2018","05","24","20:00","18.3","","9.0","","54","","25","","6","","","","98.28","","","","","","NA"
"2018-05-24 21:00","2018","05","24","21:00","15.2","","10.4","","73","","27","","5","","","","98.27","","","","","","NA"
"2018-05-24 22:00","2018","05","24","22:00","14.5","","10.3","","76","","28","","5","","","","98.23","","","","","","NA"
"2018-05-24 23:00","2018","05","24","23:00","13.5","","9.9","","79","","26","","5","","","","98.20","","","","","","NA"
"2018-05-25 00:00","2018","05","25","00:00","13.6","","9.2","","75","","25","","6","","","","98.18","","","","","","NA"
"2018-05-25 01:00","2018","05","25","01:00","16.9","","9.6","","62","","25","","11","","","","98.16","","","","","","NA"
"2018-05-25 02:00","2018","05","25","02:00","16.4","","9.4","","63","","25","","10","","","","98.10","","","","","","NA"
"2018-05-25 03:00","2018","05","25","03:00","14.1","","9.5","","74","","25","","6","","","","98.08","","","","","","NA"
"2018-05-25 04:00","2018","05","25","04:00","15.1","","10.0","","72","","26","","5","","","","98.03","","","","","","NA"
"2018-05-25 05:00","2018","05","25","05:00","15.9","","9.9","","68","","28","","4","","","","98.02","","","","","","NA"
"2018-05-25 06:00","2018","05","25","06:00","16.6","","10.7","","68","","27","","7","","","","98.02","","","","","","NA"
"2018-05-25 07:00","2018","05","25","07:00","17.2","","11.8","","71","","27","","5","","","","98.01","","","","","","NA"
"2018-05-25 08:00","2018","05","25","08:00","19.7","","12.2","","62","","27","","6","","","","97.97","","","","","","NA"
"2018-05-25 09:00","2018","05","25","09:00","22.9","","11.9","","50","","26","","14","","","","97.91","","25","","","","NA"
"2018-05-25 10:00","2018","05","25","10:00","24.7","","12.3","","46","","26","","23","","","","97.82","","27","","","","NA"
"2018-05-25 11:00","2018","05","25","11:00","26.9","","12.9","","42","","26","","19","","","","97.75","","30","","","","NA"
"2018-05-25 12:00","2018","05","25","12:00","26.6","","11.7","","39","","29","","24","","","","97.66","","29","","","","NA"
"2018-05-25 13:00","2018","05","25","13:00","26.7","","13.1","","43","","27","","17","","","","97.62","","30","","","","NA"
"2018-05-25 14:00","2018","05","25","14:00","28.3","","13.6","","41","","24","","16","","","","97.54","","31","","","","NA"
"2018-05-25 15:00","2018","05","25","15:00","27.9","","12.8","","39","","26","","19","","","","97.48","","31","","","","NA"
"2018-05-25 16:00","2018","05","25","16:00","26.4","","13.7","","46","","30","","18","","","","97.46","","30","","","","NA"
"2018-05-25 17:00","2018","05","25","17:00","26.7","","14.1","","46","","29","","12","","","","97.41","","30","","","","NA"
"2018-05-25 18:00","2018","05","25","18:00","25.1","","15.0","","53","","27","","8","","","","97.38","","29","","","","NA"
"2018-05-25 19:00","2018","05","25","19:00","25.1","","14.6","","52","","25","","5","","","","97.37","","29","","","","NA"
"2018-05-25 20:00","2018","05","25","20:00","21.1","","15.1","","69","","27","","1","","","","97.36","","25","","","","NA"
"2018-05-25 21:00","2018","05","25","21:00","19.6","","15.7","","78","","0","","1","","","","97.37","","","","","","NA"
"2018-05-25 22:00","2018","05","25","22:00","18.2","","15.2","","83","","36","","1","","","","97.36","","","","","","NA"
"2018-05-25 23:00","2018","05","25","23:00","17.3","","14.8","","86","","0","","1","","","","97.37","","","","","","NA"
"2018-05-26 00:00","2018","05","26","00:00","19.5","","14.7","","74","","28","","7","","","","97.39","","","","","","NA"
"2018-05-26 01:00","2018","05","26","01:00","20.0","","13.7","","67","","25","","9","","","","97.31","","","","","","NA"
"2018-05-26 02:00","2018","05","26","02:00","18.2","","13.8","","76","","27","","7","","","","97.29","","","","","","NA"
"2018-05-26 03:00","2018","05","26","03:00","17.5","","13.1","","76","","29","","7","","","","97.30","","","","","","NA"
"2018-05-26 04:00","2018","05","26","04:00","17.8","","13.5","","75","","1","","6","","","","97.36","","","","","","NA"
"2018-05-26 05:00","2018","05","26","05:00","17.3","","14.2","","82","","31","","6","","","","97.42","","","","","","NA"
"2018-05-26 06:00","2018","05","26","06:00","18.0","","15.1","","83","","27","","3","","","","97.45","","","","","","NA"
"2018-05-26 07:00","2018","05","26","07:00","20.0","","15.8","","76","","31","","8","","","","97.47","","","","","","NA"
"2018-05-26 08:00","2018","05","26","08:00","21.4","","16.6","","74","","31","","8","","","","97.49","","26","","","","NA"
"2018-05-26 09:00","2018","05","26","09:00","23.0","","17.3","","70","","34","","13","","","","97.55","","28","","","","NA"
"2018-05-26 10:00","2018","05","26","10:00","24.2","","15.5","","58","","9","","4","","","","97.51","","28","","","","NA"
"2018-05-26 11:00","2018","05","26","11:00","24.3","","17.5","","66","","13","","12","","","","97.51","","30","","","","NA"
"2018-05-26 12:00","2018","05","26","12:00","25.2","","15.8","","56","","15","","8","","","","97.49","","30","","","","NA"
"2018-05-26 13:00","2018","05","26","13:00","26.8","","13.8","","45","","16","","13","","","","97.47","","30","","","","NA"
"2018-05-26 14:00","2018","05","26","14:00","26.0","","15.4","","52","","15","","12","","","","97.40","","30","","","","NA"
"2018-05-26 15:00","2018","05","26","15:00","17.2","","16.3","","94","","6","","17","","","","97.59","","","","","","NA"
"2018-05-26 16:00","2018","05","26","16:00","17.3","","16.2","","94","","20","","9","","","","97.64","","","","","","NA"
"2018-05-26 17:00","2018","05","26","17:00","17.9","","16.8","","93","","18","","7","","","","97.58","","","","","","NA"
"2018-05-26 18:00","2018","05","26","18:00","18.9","","16.7","","87","","9","","4","","","","97.59","","","","","","NA"
"2018-05-26 19:00","2018","05","26","19:00","18.2","","16.2","","88","","5","","5","","","","97.63","","","","","","NA"
"2018-05-26 20:00","2018","05","26","20:00","17.5","","15.9","","90","","9","","11","","","","97.69","","","","","","NA"
"2018-05-26 21:00","2018","05","26","21:00","17.0","","15.6","","92","","10","","5","","","","97.74","","","","","","NA"
"2018-05-26 22:00","2018","05","26","22:00","16.5","","15.4","","93","","0","","1","","","","97.80","","","","","","NA"
"2018-05-26 23:00","2018","05","26","23:00","15.8","","14.9","","94","","","","0","","","","97.79","","","","","","NA"
"2018-05-27 00:00","2018","05","27","00:00","14.5","","13.5","","94","","26","","2","","","","97.81","","","","","","NA"
"2018-05-27 01:00","2018","05","27","01:00","14.7","","14.0","","95","","9","","3","","","","97.80","","","","","","NA"
"2018-05-27 02:00","2018","05","27","02:00","16.2","","15.4","","95","","14","","6","","","","97.80","","","","","","NA"
"2018-05-27 03:00","2018","05","27","03:00","16.8","","15.2","","90","","14","","8","","","","97.81","","","","","","NA"
"2018-05-27 04:00","2018","05","27","04:00","15.1","","14.0","","93","","11","","5","","","","97.83","","","","","","NA"
"2018-05-27 05:00","2018","05","27","05:00","14.9","","14.0","","94","","6","","5","","","","97.87","","","","","","NA"
"2018-05-27 06:00","2018","05","27","06:00","16.4","","15.6","","95","","8","","4","","","","97.91","","","","","","NA"
"2018-05-27 07:00","2018","05","27","07:00","18.3","","16.6","","90","","12","","8","","","","97.93","","","","","","NA"
"2018-05-27 08:00","2018","05","27","08:00","19.6","","17.0","","85","","13","","8","","","","97.95","","","","","","NA"
"2018-05-27 09:00","2018","05","27","09:00","20.2","","17.0","","82","","15","","11","","","","97.95","","25","","","","NA"
"2018-05-27 10:00","2018","05","27","10:00","22.2","","18.7","","81","","18","","9","","","","97.94","","29","","","","NA"
"2018-05-27 11:00","2018","05","27","11:00","23.4","","18.1","","72","","14","","7","","","","97.91","","29","","","","NA"
"2018-05-27 12:00","2018","05","27","12:00","24.6","","18.9","","70","","13","","12","","","","97.85","","31","","","","NA"
"2018-05-27 13:00","2018","05","27","13:00","25.8","","18.3","","63","","16","","15","","","","97.86","","32","","","","NA"
"2018-05-27 14:00","2018","05","27","14:00","26.5","","17.4","","57","","16","","17","","","","97.82","","32","","","","NA"
"2018-05-27 15:00","2018","05","27","15:00","26.6","","17.2","","56","","17","","14","","","","97.81","","32","","","","NA"
"2018-05-27 16:00","2018","05","27","16:00","26.6","","17.5","","58","","16","","15","","","","97.77","","32","","","","NA"
"2018-05-27 17:00","2018","05","27","17:00","26.3","","16.6","","55","","17","","17","","","","97.74","","31","","","","NA"
"2018-05-27 18:00","2018","05","27","18:00","25.6","","16.6","","57","","17","","16","","","","97.75","","31","","","","NA"
"2018-05-27 19:00","2018","05","27","19:00","23.6","","17.3","","68","","16","","13","","","","97.73","","29","","","","NA"
"2018-05-27 20:00","2018","05","27","20:00","21.2","","16.9","","76","","15","","11","","","","97.76","","26","","","","NA"
"2018-05-27 21:00","2018","05","27","21:00","20.1","","16.4","","79","","15","","5","","","","97.85","","25","","","","NA"
"2018-05-27 22:00","2018","05","27","22:00","19.4","","16.2","","82","","17","","5","","","","97.89","","","","","","NA"
"2018-05-27 23:00","2018","05","27","23:00","19.1","","16.2","","83","","18","","7","","","","97.90","","","","","","NA"
"2018-05-28 00:00","2018","05","28","00:00","18.6","","16.0","","85","","21","","4","","","","97.85","","","","","","NA"
"2018-05-28 01:00","2018","05","28","01:00","18.2","","16.0","","87","","20","","5","","","","97.84","","","","","","NA"
"2018-05-28 02:00","2018","05","28","02:00","17.3","","15.7","","90","","17","","3","","","","97.84","","","","","","NA"
"2018-05-28 03:00","2018","05","28","03:00","15.5","","14.2","","92","","26","","1","","","","97.82","","","","","","NA"
"2018-05-28 04:00","2018","05","28","04:00","14.9","","13.9","","94","","24","","1","","","","97.83","","","","","","NA"
"2018-05-28 05:00","2018","05","28","05:00","16.4","","15.5","","94","","30","","11","","","","97.87","","","","","","NA"
"2018-05-28 06:00","2018","05","28","06:00","17.8","","15.9","","89","","","","0","","","","97.91","","","","","","NA"
"2018-05-28 07:00","2018","05","28","07:00","19.3","","15.5","","79","","29","","12","","","","97.95","","","","","","NA"
"2018-05-28 08:00","2018","05","28","08:00","20.8","","15.7","","73","","29","","18","","","","97.96","","25","","","","NA"
"2018-05-28 09:00","2018","05","28","09:00","22.7","","15.4","","63","","28","","16","","","","97.94","","27","","","","NA"
"2018-05-28 10:00","2018","05","28","10:00","24.3","","15.3","","57","","28","","17","","","","97.97","","28","","","","NA"
"2018-05-28 11:00","2018","05","28","11:00","25.4","","14.4","","50","","31","","19","","","","97.99","","29","","","","NA"
"2018-05-28 12:00","2018","05","28","12:00","26.0","","13.4","","46","","30","","20","","","","98.00","","29","","","","NA"
"2018-05-28 13:00","2018","05","28","13:00","26.1","","14.6","","49","","27","","20","","","","97.98","","30","","","","NA"
"2018-05-28 14:00","2018","05","28","14:00","26.9","","13.5","","44","","29","","22","","","","97.97","","30","","","","NA"
"2018-05-28 15:00","2018","05","28","15:00","26.7","","13.8","","45","","28","","21","","","","97.95","","30","","","","NA"
"2018-05-28 16:00","2018","05","28","16:00","25.3","","13.0","","47","","29","","20","","","","97.95","","28","","","","NA"
"2018-05-28 17:00","2018","05","28","17:00","25.1","","13.8","","49","","30","","13","","","","97.92","","28","","","","NA"
"2018-05-28 18:00","2018","05","28","18:00","24.6","","13.5","","50","","32","","15","","","","97.93","","28","","","","NA"
"2018-05-28 19:00","2018","05","28","19:00","23.9","","14.5","","56","","32","","12","","","","97.95","","28","","","","NA"
"2018-05-28 20:00","2018","05","28","20:00","21.0","","16.0","","73","","18","","4","","","","97.95","","26","","","","NA"
"2018-05-28 21:00","2018","05","28","21:00","19.3","","15.8","","80","","4","","4","","","","98.05","","","","","","NA"
"2018-05-28 22:00","2018","05","28","22:00","18.4","","15.0","","81","","2","","5","","","","98.08","","","","","","NA"
"2018-05-28 23:00","2018","05","28","23:00","16.6","","14.3","","86","","27","","6","","","","98.07","","","","","","NA"
"2018-05-29 00:00","2018","05","29","00:00","17.0","","14.4","","85","","1","","8","","","","98.14","","","","","","NA"
"2018-05-29 01:00","2018","05","29","01:00","17.1","","14.5","","84","","36","","5","","","","98.17","","","","","","NA"
"2018-05-29 02:00","2018","05","29","02:00","15.2","","13.4","","89","","31","","5","","","","98.19","","","","","","NA"
"2018-05-29 03:00","2018","05","29","03:00","14.8","","13.4","","92","","31","","4","","","","98.22","","","","","","NA"
"2018-05-29 04:00","2018","05","29","04:00","16.1","","14.1","","88","","36","","10","","","","98.23","","","","","","NA"
"2018-05-29 05:00","2018","05","29","05:00","15.5","","13.6","","88","","3","","8","","","","98.31","","","","","","NA"
"2018-05-29 06:00","2018","05","29","06:00","18.1","","15.1","","83","","4","","9","","","","98.35","","","","","","NA"
"2018-05-29 07:00","2018","05","29","07:00","19.6","","14.9","","75","","6","","18","","","","98.40","","","","","","NA"
"2018-05-29 08:00","2018","05","29","08:00","20.9","","14.8","","68","","6","","14","","","","98.45","","25","","","","NA"
"2018-05-29 09:00","2018","05","29","09:00","22.6","","14.7","","61","","8","","11","","","","98.46","","26","","","","NA"
"2018-05-29 10:00","2018","05","29","10:00","23.7","","13.5","","53","","9","","15","","","","98.49","","27","","","","NA"
"2018-05-29 11:00","2018","05","29","11:00","24.8","","13.4","","49","","7","","14","","","","98.46","","28","","","","NA"
"2018-05-29 12:00","2018","05","29","12:00","25.3","","14.1","","50","","10","","13","","","","98.43","","29","","","","NA"
"2018-05-29 13:00","2018","05","29","13:00","26.2","","14.6","","49","","11","","11","","","","98.37","","30","","","","NA"
"2018-05-29 14:00","2018","05","29","14:00","26.7","","12.0","","40","","10","","9","","","","98.36","","29","","","","NA"
"2018-05-29 15:00","2018","05","29","15:00","26.9","","12.3","","40","","7","","9","","","","98.32","","29","","","","NA"
"2018-05-29 16:00","2018","05","29","16:00","27.3","","14.4","","45","","7","","12","","","","98.27","","31","","","","NA"
"2018-05-29 17:00","2018","05","29","17:00","26.9","","12.6","","41","","8","","12","","","","98.24","","29","","","","NA"
"2018-05-29 18:00","2018","05","29","18:00","26.3","","12.7","","43","","7","","9","","","","98.24","","29","","","","NA"
"2018-05-29 19:00","2018","05","29","19:00","24.9","","14.0","","51","","8","","7","","","","98.24","","28","","","","NA"
"2018-05-29 20:00","2018","05","29","20:00","23.0","","12.5","","52","","11","","8","","","","98.23","","26","","","","NA"
"2018-05-29 21:00","2018","05","29","21:00","21.3","","14.6","","66","","15","","7","","","","98.27","","25","","","","NA"
"2018-05-29 22:00","2018","05","29","22:00","20.5","","14.4","","68","","14","","4","","","","98.30","","","","","","NA"
"2018-05-29 23:00","2018","05","29","23:00","19.2","","13.4","","69","","12","","5","","","","98.29","","","","","","NA"
"2018-05-30 00:00","2018","05","30","00:00","17.6","","12.9","","74","","12","","5","","","","98.32","","","","","","NA"
"2018-05-30 01:00","2018","05","30","01:00","15.9","","12.7","","81","","10","","6","","","","98.33","","","","","","NA"
"2018-05-30 02:00","2018","05","30","02:00","16.4","","12.0","","75","","11","","8","","","","98.32","","","","","","NA"
"2018-05-30 03:00","2018","05","30","03:00","16.7","","11.7","","72","","10","","10","","","","98.29","","","","","","NA"
"2018-05-30 04:00","2018","05","30","04:00","16.0","","10.7","","71","","9","","9","","","","98.24","","","","","","NA"
"2018-05-30 05:00","2018","05","30","05:00","16.3","","10.0","","66","","10","","10","","","","98.23","","","","","","NA"
"2018-05-30 06:00","2018","05","30","06:00","17.5","","9.9","","61","","9","","13","","","","98.23","","","","","","NA"
"2018-05-30 07:00","2018","05","30","07:00","18.4","","10.3","","59","","10","","9","","","","98.21","","","","","","NA"
"2018-05-30 08:00","2018","05","30","08:00","19.8","","11.3","","58","","10","","12","","","","98.18","","","","","","NA"
"2018-05-30 09:00","2018","05","30","09:00","21.2","","12.4","","57","","11","","13","","","","98.15","","","","","","NA"
"2018-05-30 10:00","2018","05","30","10:00","22.8","","13.3","","55","","12","","10","","","","98.09","","26","","","","NA"
"2018-05-30 11:00","2018","05","30","11:00","24.6","","14.5","","53","","12","","12","","","","98.03","","28","","","","NA"
"2018-05-30 12:00","2018","05","30","12:00","26.8","","16.7","","54","","13","","13","","","","97.98","","32","","","","NA"
"2018-05-30 13:00","2018","05","30","13:00","28.2","","17.2","","51","","15","","13","","","","97.91","","34","","","","NA"
"2018-05-30 14:00","2018","05","30","14:00","28.0","","16.9","","51","","15","","14","","","","97.85","","33","","","","NA"
"2018-05-30 15:00","2018","05","30","15:00","28.8","","17.8","","51","","16","","18","","","","97.79","","35","","","","NA"
"2018-05-30 16:00","2018","05","30","16:00","28.6","","16.6","","48","","16","","17","","","","97.72","","34","","","","NA"
"2018-05-30 17:00","2018","05","30","17:00","28.8","","18.5","","54","","14","","15","","","","97.65","","35","","","","NA"
"2018-05-30 18:00","2018","05","30","18:00","27.9","","17.1","","52","","16","","12","","","","97.62","","33","","","","NA"
"2018-05-30 19:00","2018","05","30","19:00","27.1","","16.6","","53","","14","","10","","","","97.59","","32","","","","NA"
"2018-05-30 20:00","2018","05","30","20:00","25.9","","16.9","","57","","14","","9","","","","97.58","","31","","","","NA"
"2018-05-30 21:00","2018","05","30","21:00","24.6","","17.2","","63","","15","","7","","","","97.60","","30","","","","NA"
"2018-05-30 22:00","2018","05","30","22:00","23.7","","17.1","","66","","15","","8","","","","97.60","","29","","","","NA"
"2018-05-30 23:00","2018","05","30","23:00","22.4","","16.8","","70","","15","","9","","","","97.57","","28","","","","NA"
"2018-05-31 00:00","2018","05","31","00:00","22.2","","16.7","","71","","15","","11","","","","97.54","","27","","","","NA"
"2018-05-31 01:00","2018","05","31","01:00","23.0","","17.3","","70","","17","","14","","","","97.49","","28","","","","NA"
"2018-05-31 02:00","2018","05","31","02:00","22.2","","17.1","","73","","15","","16","","","","97.44","","28","","","","NA"
"2018-05-31 03:00","2018","05","31","03:00","21.4","","16.9","","76","","15","","17","","","","97.39","","27","","","","NA"
"2018-05-31 04:00","2018","05","31","04:00","20.9","","17.3","","80","","15","","13","","","","97.37","","26","","","","NA"
"2018-05-31 05:00","2018","05","31","05:00","21.1","","17.5","","80","","15","","17","","","","97.34","","27","","","","NA"
"2018-05-31 06:00","2018","05","31","06:00","21.5","","17.8","","79","","16","","20","","","","97.31","","27","","","","NA"
"2018-05-31 07:00","2018","05","31","07:00","21.4","","17.9","","81","","17","","18","","","","97.32","","27","","","","NA"
"2018-05-31 08:00","2018","05","31","08:00","21.6","","18.1","","81","","16","","22","","","","97.33","","28","","","","NA"
"2018-05-31 09:00","2018","05","31","09:00","21.4","","18.2","","82","","17","","19","","","","97.29","","28","","","","NA"
"2018-05-31 10:00","2018","05","31","10:00","23.3","","19.6","","80","","17","","21","","","","97.28","","31","","","","NA"
"2018-05-31 11:00","2018","05","31","11:00","24.7","","20.0","","75","","18","","19","","","","97.28","","32","","","","NA"
"2018-05-31 12:00","2018","05","31","12:00","26.2","","19.6","","67","","20","","17","","","","97.27","","33","","","","NA"
"2018-05-31 13:00","2018","05","31","13:00","27.7","","19.1","","60","","20","","20","","","","97.22","","35","","","","NA"
"2018-05-31 14:00","2018","05","31","14:00","28.6","","18.5","","55","","20","","18","","","","97.13","","35","","","","NA"
"2018-05-31 15:00","2018","05","31","15:00","20.7","","18.9","","90","","26","","18","","","","97.27","","27","","","","NA"
"2018-05-31 16:00","2018","05","31","16:00","22.3","","19.4","","83","","23","","6","","","","97.16","","29","","","","NA"
"2018-05-31 17:00","2018","05","31","17:00","23.4","","19.8","","81","","25","","13","","","","97.18","","31","","","","NA"
"2018-05-31 18:00","2018","05","31","18:00","21.5","","19.8","","90","","6","","2","","","","97.17","","29","","","","NA"
"2018-05-31 19:00","2018","05","31","19:00","22.7","","20.2","","86","","19","","2","","","","97.21","","30","","","","NA"
"2018-05-31 20:00","2018","05","31","20:00","21.7","","20.3","","92","","12","","1","","","","97.21","","30","","","","NA"
"2018-05-31 21:00","2018","05","31","21:00","20.4","","19.0","","92","","13","","4","","","","97.26","","27","","","","NA"
"2018-05-31 22:00","2018","05","31","22:00","20.2","","18.5","","91","","0","","1","","","","97.25","","27","","","","NA"
"2018-05-31 23:00","2018","05","31","23:00","18.4","","17.4","","94","","0","","1","","","","97.24","","","","","","NA"
