"Station Name","KITCHENER/WATERLOO"
"Province","ONTARIO"
"Latitude","43.46"
"Longitude","-80.38"
"Elevation","321.60"
"Climate Identifier","6144239"
"WMO Identifier","71368"
"TC Identifier","YKF"
"All times are specified in Local Standard Time (LST). Add 1 hour to adjust for Daylight Saving Time where and when it is observed."

"Legend"
"E","Estimated"
"M","Missing"
"NA","Not Available"

"Date/Time","Year","Month","Day","Time","Temp (°C)","Temp Flag","Dew Point Temp (°C)","Dew Point Temp Flag","Rel Hum (%)","Rel Hum Flag","Wind Dir (10s deg)","Wind Dir Flag","Wind Spd (km/h)","Wind Spd Flag","Visibility (km)","Visibility Flag","Stn Press (kPa)","Stn Press Flag","Hmdx","Hmdx Flag","Wind Chill","Wind Chill Flag","Weather"
"2017-09-01 00:00","2017","09","01","00:00","7.9","","6.2","","89","","33","","5","","16.1","","98.50","","","","","","NA"
"2017-09-01 01:00","2017","09","01","01:00","7.8","","6.9","","94","","33","","8","","16.1","","98.53","","","","","","NA"
"2017-09-01 02:00","2017","09","01","02:00","7.3","","5.8","","90","","1","","5","","16.1","","98.51","","","","","","NA"
"2017-09-01 03:00","2017","09","01","03:00","6.7","","5.2","","90","","35","","9","","16.1","","98.54","","","","","","NA"
"2017-09-01 04:00","2017","09","01","04:00","6.8","","5.1","","89","","1","","9","","16.1","","98.58","","","","","","NA"
"2017-09-01 05:00","2017","09","01","05:00","6.7","","4.6","","87","","2","","5","","16.1","","98.60","","","","","","NA"
"2017-09-01 06:00","2017","09","01","06:00","6.0","","4.6","","91","","36","","11","","16.1","","98.61","","","","","","NA"
"2017-09-01 07:00","2017","09","01","07:00","7.4","","5.3","","87","","2","","9","","16.1","","98.68","","","","","","NA"
"2017-09-01 08:00","2017","09","01","08:00","9.5","","6.4","","81","","1","","11","","16.1","","98.69","","","","","","NA"
"2017-09-01 09:00","2017","09","01","09:00","11.5","","6.5","","71","","5","","11","","16.1","","98.72","","","","","","NA"
"2017-09-01 10:00","2017","09","01","10:00","13.0","","5.2","","59","","4","","13","","16.1","","98.69","","","","","","NA"
"2017-09-01 11:00","2017","09","01","11:00","13.8","","5.9","","59","","5","","8","","16.1","","98.67","","","","","","NA"
"2017-09-01 12:00","2017","09","01","12:00","14.3","","6.7","","60","","1","","8","","16.1","","98.57","","","","","","NA"
"2017-09-01 13:00","2017","09","01","13:00","15.8","","6.2","","53","","9","","8","","16.1","","98.57","","","","","","NA"
"2017-09-01 14:00","2017","09","01","14:00","16.0","","6.3","","52","","","M","11","","16.1","","98.53","","","","","","NA"
"2017-09-01 15:00","2017","09","01","15:00","16.9","","6.2","","49","","9","","5","","16.1","","98.48","","","","","","NA"
"2017-09-01 16:00","2017","09","01","16:00","17.0","","6.2","","49","","6","","5","","16.1","","98.42","","","","","","NA"
"2017-09-01 17:00","2017","09","01","17:00","16.7","","4.2","","43","","","M","4","","16.1","","98.40","","","","","","NA"
"2017-09-01 18:00","2017","09","01","18:00","14.9","","8.4","","65","","3","","5","","16.1","","98.38","","","","","","NA"
"2017-09-01 19:00","2017","09","01","19:00","11.9","","8.3","","78","","6","","4","","16.1","","98.37","","","","","","NA"
"2017-09-01 20:00","2017","09","01","20:00","9.5","","7.9","","90","","","","0","","16.1","","98.43","","","","","","NA"
"2017-09-01 21:00","2017","09","01","21:00","9.2","","7.8","","91","","8","","5","","16.1","","98.42","","","","","","NA"
"2017-09-01 22:00","2017","09","01","22:00","9.2","","6.7","","84","","5","","9","","16.1","","98.43","","","","","","NA"
"2017-09-01 23:00","2017","09","01","23:00","7.7","","6.0","","89","","7","","5","","16.1","","98.46","","","","","","NA"
"2017-09-02 00:00","2017","09","02","00:00","7.1","","6.5","","96","","","","0","","16.1","","98.50","","","","","","NA"
"2017-09-02 01:00","2017","09","02","01:00","5.0","","4.7","","98","","3","","5","","16.1","","98.47","","","","","","NA"
"2017-09-02 02:00","2017","09","02","02:00","4.9","","4.5","","97","","4","","5","","16.1","","98.41","","","","","","NA"
"2017-09-02 03:00","2017","09","02","03:00","4.6","","4.0","","96","","5","","5","","16.1","","98.35","","","","","","NA"
"2017-09-02 04:00","2017","09","02","04:00","4.9","","4.3","","96","","6","","9","","16.1","","98.29","","","","","","NA"
"2017-09-02 05:00","2017","09","02","05:00","5.2","","4.8","","97","","7","","8","","16.1","","98.30","","","","","","NA"
"2017-09-02 06:00","2017","09","02","06:00","6.0","","5.6","","97","","4","","5","","16.1","","98.30","","","","","","NA"
"2017-09-02 07:00","2017","09","02","07:00","7.7","","7.4","","98","","6","","4","","16.1","","98.31","","","","","","NA"
"2017-09-02 08:00","2017","09","02","08:00","12.0","","9.1","","83","","11","","9","","16.1","","98.28","","","","","","NA"
"2017-09-02 09:00","2017","09","02","09:00","14.7","","7.6","","62","","9","","24","","16.1","","98.22","","","","","","NA"
"2017-09-02 10:00","2017","09","02","10:00","16.9","","8.2","","56","","8","","30","","16.1","","98.20","","","","","","NA"
"2017-09-02 11:00","2017","09","02","11:00","18.1","","7.9","","51","","8","","26","","16.1","","98.13","","","","","","NA"
"2017-09-02 12:00","2017","09","02","12:00","19.5","","6.5","","42","","7","","30","","16.1","","98.05","","","","","","NA"
"2017-09-02 13:00","2017","09","02","13:00","19.6","","7.4","","45","","9","","22","","16.1","","97.99","","","","","","NA"
"2017-09-02 14:00","2017","09","02","14:00","20.3","","7.7","","44","","12","","28","","16.1","","97.95","","","","","","NA"
"2017-09-02 15:00","2017","09","02","15:00","18.1","","7.6","","50","","11","","22","","16.1","","97.89","","","","","","NA"
"2017-09-02 16:00","2017","09","02","16:00","16.7","","9.4","","62","","11","","18","","16.1","","97.84","","","","","","NA"
"2017-09-02 17:00","2017","09","02","17:00","15.3","","10.5","","73","","8","","15","","16.1","","97.81","","","","","","NA"
"2017-09-02 18:00","2017","09","02","18:00","14.2","","11.9","","86","","7","","8","","16.1","","97.79","","","","","","NA"
"2017-09-02 19:00","2017","09","02","19:00","14.7","","11.7","","82","","10","","11","","16.1","","97.74","","","","","","NA"
"2017-09-02 20:00","2017","09","02","20:00","14.3","","12.4","","88","","15","","13","","16.1","","97.75","","","","","","NA"
"2017-09-02 21:00","2017","09","02","21:00","13.7","","12.1","","90","","13","","11","","16.1","","97.70","","","","","","NA"
"2017-09-02 22:00","2017","09","02","22:00","13.7","","11.9","","89","","13","","13","","16.1","","97.63","","","","","","NA"
"2017-09-02 23:00","2017","09","02","23:00","13.8","","12.4","","91","","13","","15","","16.1","","97.57","","","","","","NA"
"2017-09-03 00:00","2017","09","03","00:00","13.5","","13.0","","97","","14","","13","","4.8","","97.50","","","","","","Fog"
"2017-09-03 01:00","2017","09","03","01:00","13.7","","13.2","","97","","15","","13","","14.5","","97.41","","","","","","NA"
"2017-09-03 02:00","2017","09","03","02:00","13.9","","13.4","","97","","17","","11","","8.1","","97.32","","","","","","Rain,Fog"
"2017-09-03 03:00","2017","09","03","03:00","13.9","","13.5","","97","","18","","5","","8.1","","97.26","","","","","","Rain,Fog"
"2017-09-03 04:00","2017","09","03","04:00","14.0","","13.5","","97","","30","","5","","12.9","","97.25","","","","","","Rain"
"2017-09-03 05:00","2017","09","03","05:00","14.0","","13.2","","95","","31","","9","","16.1","","97.24","","","","","","NA"
"2017-09-03 06:00","2017","09","03","06:00","13.6","","12.8","","95","","29","","13","","16.1","","97.34","","","","","","NA"
"2017-09-03 07:00","2017","09","03","07:00","13.7","","13.1","","96","","28","","8","","16.1","","97.36","","","","","","NA"
"2017-09-03 08:00","2017","09","03","08:00","14.3","","13.6","","96","","31","","13","","8.1","","97.31","","","","","","Fog"
"2017-09-03 09:00","2017","09","03","09:00","15.6","","14.4","","92","","28","","13","","8.1","","97.31","","","","","","Fog"
"2017-09-03 10:00","2017","09","03","10:00","16.6","","14.2","","86","","28","","18","","16.1","","97.33","","","","","","NA"
"2017-09-03 11:00","2017","09","03","11:00","17.4","","13.6","","78","","28","","24","","16.1","","97.32","","","","","","NA"
"2017-09-03 12:00","2017","09","03","12:00","18.5","","12.6","","68","","27","","24","","16.1","","97.32","","","","","","NA"
"2017-09-03 13:00","2017","09","03","13:00","20.1","","12.4","","61","","29","","24","","16.1","","97.33","","","","","","NA"
"2017-09-03 14:00","2017","09","03","14:00","19.3","","11.5","","60","","27","","32","","16.1","","97.33","","","","","","NA"
"2017-09-03 15:00","2017","09","03","15:00","20.2","","11.2","","56","","27","","28","","16.1","","97.36","","","","","","NA"
"2017-09-03 16:00","2017","09","03","16:00","18.2","","11.8","","66","","28","","24","","12.9","","97.37","","","","","","NA"
"2017-09-03 17:00","2017","09","03","17:00","19.3","","13.4","","69","","28","","21","","16.1","","97.41","","","","","","NA"
"2017-09-03 18:00","2017","09","03","18:00","18.0","","13.2","","73","","27","","18","","16.1","","97.45","","","","","","NA"
"2017-09-03 19:00","2017","09","03","19:00","16.8","","13.2","","79","","25","","15","","16.1","","97.48","","","","","","NA"
"2017-09-03 20:00","2017","09","03","20:00","15.0","","12.8","","86","","22","","5","","16.1","","97.49","","","","","","NA"
"2017-09-03 21:00","2017","09","03","21:00","15.0","","12.8","","87","","23","","9","","16.1","","97.48","","","","","","NA"
"2017-09-03 22:00","2017","09","03","22:00","15.3","","12.9","","85","","23","","15","","16.1","","97.45","","","","","","NA"
"2017-09-03 23:00","2017","09","03","23:00","15.4","","12.9","","85","","24","","17","","16.1","","97.41","","","","","","NA"
"2017-09-04 00:00","2017","09","04","00:00","15.5","","12.7","","83","","24","","18","","16.1","","97.39","","","","","","NA"
"2017-09-04 01:00","2017","09","04","01:00","15.6","","12.4","","81","","23","","22","","16.1","","97.35","","","","","","NA"
"2017-09-04 02:00","2017","09","04","02:00","15.0","","12.2","","83","","24","","15","","16.1","","97.34","","","","","","NA"
"2017-09-04 03:00","2017","09","04","03:00","14.1","","12.0","","87","","23","","15","","16.1","","97.30","","","","","","NA"
"2017-09-04 04:00","2017","09","04","04:00","13.9","","12.0","","88","","23","","13","","16.1","","97.27","","","","","","NA"
"2017-09-04 05:00","2017","09","04","05:00","13.9","","12.0","","88","","22","","13","","16.1","","97.22","","","","","","NA"
"2017-09-04 06:00","2017","09","04","06:00","13.5","","11.9","","90","","20","","17","","16.1","","97.22","","","","","","NA"
"2017-09-04 07:00","2017","09","04","07:00","15.0","","12.2","","83","","20","","17","","16.1","","97.22","","","","","","NA"
"2017-09-04 08:00","2017","09","04","08:00","17.6","","13.3","","75","","21","","18","","16.1","","97.19","","","","","","NA"
"2017-09-04 09:00","2017","09","04","09:00","19.9","","14.1","","69","","22","","24","","16.1","","97.15","","","","","","NA"
"2017-09-04 10:00","2017","09","04","10:00","22.0","","15.2","","65","","22","","35","","16.1","","97.02","","26","","","","NA"
"2017-09-04 11:00","2017","09","04","11:00","23.4","","15.0","","59","","22","","37","","16.1","","96.91","","27","","","","NA"
"2017-09-04 12:00","2017","09","04","12:00","24.2","","15.6","","58","","22","","32","","16.1","","96.79","","29","","","","NA"
"2017-09-04 13:00","2017","09","04","13:00","24.5","","15.3","","56","","22","","43","","16.1","","96.71","","29","","","","NA"
"2017-09-04 14:00","2017","09","04","14:00","24.7","","16.0","","58","","20","","35","","16.1","","96.57","","29","","","","NA"
"2017-09-04 15:00","2017","09","04","15:00","23.8","","14.4","","55","","21","","39","","16.1","","96.44","","27","","","","NA"
"2017-09-04 16:00","2017","09","04","16:00","24.0","","13.6","","52","","20","","45","","16.1","","96.35","","27","","","","NA"
"2017-09-04 17:00","2017","09","04","17:00","22.1","","15.4","","66","","21","","32","","16.1","","96.38","","26","","","","Thunderstorms,Rain"
"2017-09-04 18:00","2017","09","04","18:00","22.9","","15.2","","62","","21","","26","","16.1","","96.25","","27","","","","NA"
"2017-09-04 19:00","2017","09","04","19:00","18.3","","17.3","","94","","29","","24","","4.0","","96.46","","","","","","Thunderstorms,Heavy Rain,Fog"
"2017-09-04 20:00","2017","09","04","20:00","17.9","","16.9","","94","","31","","26","","16.1","","96.48","","","","","","Thunderstorms,Rain"
"2017-09-04 21:00","2017","09","04","21:00","16.6","","14.8","","89","","31","","24","","16.1","","96.59","","","","","","NA"
"2017-09-04 22:00","2017","09","04","22:00","15.1","","13.8","","92","","31","","17","","16.1","","96.68","","","","","","NA"
"2017-09-04 23:00","2017","09","04","23:00","14.1","","13.2","","94","","28","","11","","16.1","","96.72","","","","","","NA"
"2017-09-05 00:00","2017","09","05","00:00","14.3","","13.4","","94","","30","","13","","16.1","","96.75","","","","","","NA"
"2017-09-05 01:00","2017","09","05","01:00","14.0","","13.2","","95","","28","","11","","16.1","","96.81","","","","","","NA"
"2017-09-05 02:00","2017","09","05","02:00","13.2","","12.6","","96","","26","","8","","16.1","","96.82","","","","","","NA"
"2017-09-05 03:00","2017","09","05","03:00","11.7","","11.4","","98","","27","","8","","1.2","","96.78","","","","","","Fog"
"2017-09-05 04:00","2017","09","05","04:00","12.5","","12.2","","98","","30","","9","","11.3","","96.82","","","","","","NA"
"2017-09-05 05:00","2017","09","05","05:00","12.3","","12.0","","98","","29","","4","","2.4","","96.85","","","","","","Fog"
"2017-09-05 06:00","2017","09","05","06:00","10.5","","10.4","","99","","","","0","","0.2","","96.92","","","","","","Fog"
"2017-09-05 07:00","2017","09","05","07:00","11.1","","11.0","","99","","14","","8","","4.0","","96.92","","","","","","Fog"
"2017-09-05 08:00","2017","09","05","08:00","12.8","","12.7","","99","","24","","8","","2.0","","96.94","","","","","","Fog"
"2017-09-05 09:00","2017","09","05","09:00","14.1","","14.0","","99","","18","","13","","16.1","","96.92","","","","","","NA"
"2017-09-05 10:00","2017","09","05","10:00","17.0","","14.1","","83","","21","","15","","16.1","","96.89","","","","","","NA"
"2017-09-05 11:00","2017","09","05","11:00","18.3","","13.5","","73","","23","","15","","16.1","","96.89","","","","","","NA"
"2017-09-05 12:00","2017","09","05","12:00","18.3","","12.6","","69","","27","","22","","16.1","","96.87","","","","","","NA"
"2017-09-05 13:00","2017","09","05","13:00","19.7","","12.4","","62","","25","","22","","16.1","","96.88","","","","","","NA"
"2017-09-05 14:00","2017","09","05","14:00","19.0","","13.6","","71","","28","","18","","16.1","","96.90","","","","","","NA"
"2017-09-05 15:00","2017","09","05","15:00","19.3","","11.2","","59","","27","","22","","16.1","","96.92","","","","","","NA"
"2017-09-05 16:00","2017","09","05","16:00","18.9","","10.3","","57","","28","","21","","9.7","","96.94","","","","","","Haze"
"2017-09-05 17:00","2017","09","05","17:00","18.3","","11.7","","65","","32","","21","","16.1","","97.00","","","","","","NA"
"2017-09-05 18:00","2017","09","05","18:00","16.4","","11.2","","71","","31","","13","","16.1","","97.04","","","","","","NA"
"2017-09-05 19:00","2017","09","05","19:00","13.9","","10.6","","80","","32","","8","","16.1","","97.10","","","","","","NA"
"2017-09-05 20:00","2017","09","05","20:00","11.5","","10.6","","94","","31","","4","","16.1","","97.20","","","","","","NA"
"2017-09-05 21:00","2017","09","05","21:00","12.7","","10.1","","84","","30","","8","","16.1","","97.23","","","","","","NA"
"2017-09-05 22:00","2017","09","05","22:00","10.3","","9.4","","94","","32","","8","","16.1","","97.25","","","","","","NA"
"2017-09-05 23:00","2017","09","05","23:00","10.7","","9.8","","94","","","","0","","16.1","","97.25","","","","","","NA"
"2017-09-06 00:00","2017","09","06","00:00","11.0","","10.6","","97","","29","","5","","16.1","","97.26","","","","","","NA"
"2017-09-06 01:00","2017","09","06","01:00","10.2","","9.4","","95","","33","","11","","16.1","","97.27","","","","","","NA"
"2017-09-06 02:00","2017","09","06","02:00","8.7","","8.3","","97","","34","","5","","16.1","","97.26","","","","","","NA"
"2017-09-06 03:00","2017","09","06","03:00","7.0","","6.7","","98","","","","0","","1.2","","97.26","","","","","","Fog"
"2017-09-06 04:00","2017","09","06","04:00","6.7","","6.6","","99","","","","0","","0.8","","97.31","","","","","","Fog"
"2017-09-06 05:00","2017","09","06","05:00","6.2","","6.1","","99","","27","","5","","0.6","","97.36","","","","","","Fog"
"2017-09-06 06:00","2017","09","06","06:00","7.0","","6.9","","99","","34","","5","","11.3","","97.38","","","","","","NA"
"2017-09-06 07:00","2017","09","06","07:00","8.8","","8.7","","99","","","","0","","16.1","","97.42","","","","","","NA"
"2017-09-06 08:00","2017","09","06","08:00","11.2","","9.8","","91","","","","0","","16.1","","97.44","","","","","","NA"
"2017-09-06 09:00","2017","09","06","09:00","14.6","","10.7","","77","","32","","5","","16.1","","97.46","","","","","","NA"
"2017-09-06 10:00","2017","09","06","10:00","16.0","","10.8","","71","","","M","4","","16.1","","97.47","","","","","","NA"
"2017-09-06 11:00","2017","09","06","11:00","16.9","","10.0","","64","","","","0","","16.1","","97.43","","","","","","NA"
"2017-09-06 12:00","2017","09","06","12:00","17.8","","9.5","","58","","25","","9","","16.1","","97.41","","","","","","NA"
"2017-09-06 13:00","2017","09","06","13:00","18.4","","8.6","","52","","27","","5","","16.1","","97.41","","","","","","NA"
"2017-09-06 14:00","2017","09","06","14:00","18.7","","8.4","","51","","22","","17","","16.1","","97.39","","","","","","NA"
"2017-09-06 15:00","2017","09","06","15:00","19.1","","9.0","","51","","26","","26","","16.1","","97.38","","","","","","NA"
"2017-09-06 16:00","2017","09","06","16:00","17.2","","10.1","","63","","29","","13","","16.1","","97.38","","","","","","NA"
"2017-09-06 17:00","2017","09","06","17:00","15.1","","11.5","","79","","2","","8","","16.1","","97.40","","","","","","Rain"
"2017-09-06 18:00","2017","09","06","18:00","14.8","","11.3","","79","","31","","9","","16.1","","97.40","","","","","","NA"
"2017-09-06 19:00","2017","09","06","19:00","12.4","","11.5","","94","","7","","5","","16.1","","97.43","","","","","","NA"
"2017-09-06 20:00","2017","09","06","20:00","11.6","","11.3","","98","","","","0","","16.1","","97.46","","","","","","NA"
"2017-09-06 21:00","2017","09","06","21:00","10.2","","9.9","","98","","33","","5","","16.1","","97.44","","","","","","NA"
"2017-09-06 22:00","2017","09","06","22:00","10.2","","9.4","","94","","","","0","","16.1","","97.43","","","","","","NA"
"2017-09-06 23:00","2017","09","06","23:00","10.1","","9.7","","97","","32","","5","","16.1","","97.42","","","","","","NA"
"2017-09-07 00:00","2017","09","07","00:00","9.1","","8.8","","98","","34","","5","","6.4","","97.40","","","","","","Fog"
"2017-09-07 01:00","2017","09","07","01:00","8.5","","8.2","","98","","30","","8","","11.3","","97.38","","","","","","NA"
"2017-09-07 02:00","2017","09","07","02:00","8.6","","8.5","","99","","","","0","","1.2","","97.34","","","","","","Rain,Fog"
"2017-09-07 03:00","2017","09","07","03:00","7.8","","7.7","","99","","","M","4","","1.6","","97.33","","","","","","Rain,Fog"
"2017-09-07 04:00","2017","09","07","04:00","7.6","","7.5","","99","","33","","4","","1.6","","97.31","","","","","","Fog"
"2017-09-07 05:00","2017","09","07","05:00","8.3","","8.2","","99","","","","0","","14.5","","97.32","","","","","","NA"
"2017-09-07 06:00","2017","09","07","06:00","7.5","","7.4","","99","","9","","4","","16.1","","97.30","","","","","","Rain"
"2017-09-07 07:00","2017","09","07","07:00","8.4","","8.3","","99","","","","0","","16.1","","97.31","","","","","","NA"
"2017-09-07 08:00","2017","09","07","08:00","13.5","","11.6","","88","","25","","17","","16.1","","97.29","","","","","","NA"
"2017-09-07 09:00","2017","09","07","09:00","14.9","","11.2","","78","","27","","18","","16.1","","97.31","","","","","","NA"
"2017-09-07 10:00","2017","09","07","10:00","15.7","","10.3","","70","","26","","18","","16.1","","97.32","","","","","","NA"
"2017-09-07 11:00","2017","09","07","11:00","15.3","","11.1","","76","","23","","21","","16.1","","97.33","","","","","","NA"
"2017-09-07 12:00","2017","09","07","12:00","16.0","","10.0","","67","","27","","30","","16.1","","97.30","","","","","","NA"
"2017-09-07 13:00","2017","09","07","13:00","15.9","","10.5","","70","","28","","22","","16.1","","97.34","","","","","","NA"
"2017-09-07 14:00","2017","09","07","14:00","15.7","","9.8","","68","","28","","35","","16.1","","97.33","","","","","","NA"
"2017-09-07 15:00","2017","09","07","15:00","13.7","","9.7","","77","","29","","28","","16.1","","97.38","","","","","","NA"
"2017-09-07 16:00","2017","09","07","16:00","14.2","","10.5","","78","","28","","34","","16.1","","97.46","","","","","","NA"
"2017-09-07 17:00","2017","09","07","17:00","13.0","","10.6","","85","","27","","15","","16.1","","97.50","","","","","","NA"
"2017-09-07 18:00","2017","09","07","18:00","12.6","","9.5","","81","","29","","15","","16.1","","97.51","","","","","","NA"
"2017-09-07 19:00","2017","09","07","19:00","11.9","","9.7","","86","","27","","13","","16.1","","97.52","","","","","","NA"
"2017-09-07 20:00","2017","09","07","20:00","11.2","","9.8","","91","","26","","11","","16.1","","97.58","","","","","","NA"
"2017-09-07 21:00","2017","09","07","21:00","11.0","","9.8","","92","","25","","11","","16.1","","97.61","","","","","","NA"
"2017-09-07 22:00","2017","09","07","22:00","11.2","","9.3","","88","","27","","8","","16.1","","97.62","","","","","","NA"
"2017-09-07 23:00","2017","09","07","23:00","11.2","","9.5","","89","","23","","11","","16.1","","97.66","","","","","","NA"
"2017-09-08 00:00","2017","09","08","00:00","11.0","","8.9","","87","","25","","9","","16.1","","97.70","","","","","","NA"
"2017-09-08 01:00","2017","09","08","01:00","11.1","","9.4","","89","","26","","15","","16.1","","97.72","","","","","","NA"
"2017-09-08 02:00","2017","09","08","02:00","10.8","","9.3","","90","","25","","13","","16.1","","97.76","","","","","","Rain"
"2017-09-08 03:00","2017","09","08","03:00","10.0","","8.9","","93","","32","","13","","16.1","","97.83","","","","","","Rain"
"2017-09-08 04:00","2017","09","08","04:00","9.8","","8.9","","94","","28","","11","","16.1","","97.87","","","","","","NA"
"2017-09-08 05:00","2017","09","08","05:00","9.8","","9.0","","95","","28","","8","","16.1","","97.90","","","","","","Rain"
"2017-09-08 06:00","2017","09","08","06:00","9.6","","9.0","","96","","31","","5","","16.1","","97.98","","","","","","Rain"
"2017-09-08 07:00","2017","09","08","07:00","10.8","","9.6","","92","","30","","13","","16.1","","98.05","","","","","","Rain"
"2017-09-08 08:00","2017","09","08","08:00","11.2","","9.9","","91","","31","","9","","16.1","","98.12","","","","","","Rain"
"2017-09-08 09:00","2017","09","08","09:00","12.2","","9.7","","85","","32","","9","","16.1","","98.18","","","","","","NA"
"2017-09-08 10:00","2017","09","08","10:00","14.0","","9.9","","76","","33","","11","","16.1","","98.22","","","","","","NA"
"2017-09-08 11:00","2017","09","08","11:00","14.4","","9.0","","70","","33","","15","","16.1","","98.27","","","","","","NA"
"2017-09-08 12:00","2017","09","08","12:00","14.9","","8.5","","65","","32","","15","","16.1","","98.31","","","","","","NA"
"2017-09-08 13:00","2017","09","08","13:00","13.4","","10.2","","81","","3","","5","","16.1","","98.36","","","","","","Rain"
"2017-09-08 14:00","2017","09","08","14:00","16.8","","10.2","","65","","35","","21","","16.1","","98.37","","","","","","NA"
"2017-09-08 15:00","2017","09","08","15:00","17.1","","8.6","","57","","32","","18","","16.1","","98.38","","","","","","NA"
"2017-09-08 16:00","2017","09","08","16:00","17.2","","8.8","","57","","34","","24","","16.1","","98.40","","","","","","NA"
"2017-09-08 17:00","2017","09","08","17:00","15.9","","6.9","","55","","33","","18","","16.1","","98.47","","","","","","NA"
"2017-09-08 18:00","2017","09","08","18:00","14.2","","8.1","","66","","34","","21","","16.1","","98.53","","","","","","NA"
"2017-09-08 19:00","2017","09","08","19:00","10.6","","6.6","","76","","35","","17","","16.1","","98.63","","","","","","NA"
"2017-09-08 20:00","2017","09","08","20:00","8.2","","6.0","","86","","33","","8","","16.1","","98.70","","","","","","NA"
"2017-09-08 21:00","2017","09","08","21:00","7.8","","6.4","","91","","","","0","","16.1","","98.75","","","","","","NA"
"2017-09-08 22:00","2017","09","08","22:00","6.9","","5.9","","93","","33","","8","","16.1","","98.78","","","","","","NA"
"2017-09-08 23:00","2017","09","08","23:00","6.9","","6.2","","95","","34","","8","","16.1","","98.84","","","","","","NA"
"2017-09-09 00:00","2017","09","09","00:00","6.4","","5.8","","96","","35","","8","","16.1","","98.91","","","","","","NA"
"2017-09-09 01:00","2017","09","09","01:00","6.2","","5.6","","96","","35","","9","","16.1","","98.94","","","","","","NA"
"2017-09-09 02:00","2017","09","09","02:00","6.0","","5.0","","93","","35","","8","","16.1","","98.97","","","","","","NA"
"2017-09-09 03:00","2017","09","09","03:00","5.7","","5.1","","96","","34","","4","","16.1","","98.99","","","","","","NA"
"2017-09-09 04:00","2017","09","09","04:00","4.4","","4.0","","97","","34","","8","","16.1","","99.03","","","","","","NA"
"2017-09-09 05:00","2017","09","09","05:00","5.0","","4.3","","95","","34","","11","","16.1","","99.10","","","","","","NA"
"2017-09-09 06:00","2017","09","09","06:00","4.7","","3.9","","95","","35","","8","","16.1","","99.17","","","","","","NA"
"2017-09-09 07:00","2017","09","09","07:00","7.1","","4.7","","85","","36","","11","","16.1","","99.21","","","","","","NA"
"2017-09-09 08:00","2017","09","09","08:00","9.7","","5.7","","76","","2","","8","","16.1","","99.22","","","","","","NA"
"2017-09-09 09:00","2017","09","09","09:00","11.6","","4.7","","63","","2","","15","","16.1","","99.27","","","","","","NA"
"2017-09-09 10:00","2017","09","09","10:00","13.2","","4.7","","56","","5","","11","","16.1","","99.30","","","","","","NA"
"2017-09-09 11:00","2017","09","09","11:00","14.1","","5.4","","56","","3","","8","","16.1","","99.30","","","","","","NA"
"2017-09-09 12:00","2017","09","09","12:00","15.3","","4.4","","48","","4","","11","","16.1","","99.27","","","","","","NA"
"2017-09-09 13:00","2017","09","09","13:00","15.8","","5.7","","51","","3","","8","","16.1","","99.25","","","","","","NA"
"2017-09-09 14:00","2017","09","09","14:00","17.0","","6.0","","48","","","M","15","","16.1","","99.19","","","","","","NA"
"2017-09-09 15:00","2017","09","09","15:00","17.2","","4.4","","42","","3","","11","","16.1","","99.13","","","","","","NA"
"2017-09-09 16:00","2017","09","09","16:00","17.1","","5.4","","46","","3","","13","","16.1","","99.12","","","","","","NA"
"2017-09-09 17:00","2017","09","09","17:00","16.6","","6.1","","50","","35","","11","","16.1","","99.11","","","","","","NA"
"2017-09-09 18:00","2017","09","09","18:00","14.8","","6.6","","58","","34","","8","","16.1","","99.11","","","","","","NA"
"2017-09-09 19:00","2017","09","09","19:00","12.1","","7.4","","73","","34","","5","","16.1","","99.13","","","","","","NA"
"2017-09-09 20:00","2017","09","09","20:00","11.5","","5.9","","68","","1","","9","","16.1","","99.20","","","","","","NA"
"2017-09-09 21:00","2017","09","09","21:00","9.4","","5.8","","78","","36","","9","","16.1","","99.24","","","","","","NA"
"2017-09-09 22:00","2017","09","09","22:00","7.6","","5.4","","86","","34","","11","","16.1","","99.26","","","","","","NA"
"2017-09-09 23:00","2017","09","09","23:00","6.1","","4.3","","88","","","M","4","","16.1","","99.28","","","","","","NA"
"2017-09-10 00:00","2017","09","10","00:00","5.5","","4.9","","96","","32","","4","","16.1","","99.25","","","","","","NA"
"2017-09-10 01:00","2017","09","10","01:00","5.0","","4.6","","97","","33","","4","","16.1","","99.27","","","","","","NA"
"2017-09-10 02:00","2017","09","10","02:00","4.8","","4.4","","97","","31","","4","","11.3","","99.28","","","","","","NA"
"2017-09-10 03:00","2017","09","10","03:00","4.8","","4.5","","98","","","","0","","16.1","","99.29","","","","","","NA"
"2017-09-10 04:00","2017","09","10","04:00","4.7","","4.4","","98","","1","","4","","16.1","","99.30","","","","","","NA"
"2017-09-10 05:00","2017","09","10","05:00","3.9","","3.8","","99","","34","","4","","12.9","","99.34","","","","","","NA"
"2017-09-10 06:00","2017","09","10","06:00","3.1","","3.0","","99","","31","","4","","16.1","","99.40","","","","","","NA"
"2017-09-10 07:00","2017","09","10","07:00","5.3","","5.2","","99","","30","","4","","16.1","","99.45","","","","","","NA"
"2017-09-10 08:00","2017","09","10","08:00","9.7","","7.8","","88","","","","0","","16.1","","99.48","","","","","","NA"
"2017-09-10 09:00","2017","09","10","09:00","13.8","","8.1","","68","","6","","8","","16.1","","99.51","","","","","","NA"
"2017-09-10 10:00","2017","09","10","10:00","15.6","","6.9","","56","","","M","8","","16.1","","99.50","","","","","","NA"
"2017-09-10 11:00","2017","09","10","11:00","17.2","","6.5","","49","","","M","8","","16.1","","99.45","","","","","","NA"
"2017-09-10 12:00","2017","09","10","12:00","17.6","","5.4","","44","","","M","9","","16.1","","99.42","","","","","","NA"
"2017-09-10 13:00","2017","09","10","13:00","18.1","","6.0","","45","","","M","4","","16.1","","99.38","","","","","","NA"
"2017-09-10 14:00","2017","09","10","14:00","18.8","","6.2","","43","","","M","4","","16.1","","99.31","","","","","","NA"
"2017-09-10 15:00","2017","09","10","15:00","19.6","","7.0","","44","","9","","11","","16.1","","99.24","","","","","","NA"
"2017-09-10 16:00","2017","09","10","16:00","19.5","","7.0","","44","","7","","11","","16.1","","99.21","","","","","","NA"
"2017-09-10 17:00","2017","09","10","17:00","19.0","","7.1","","45","","13","","8","","16.1","","99.20","","","","","","NA"
"2017-09-10 18:00","2017","09","10","18:00","17.0","","9.8","","62","","12","","5","","16.1","","99.20","","","","","","NA"
"2017-09-10 19:00","2017","09","10","19:00","12.4","","8.9","","79","","12","","9","","16.1","","99.21","","","","","","NA"
"2017-09-10 20:00","2017","09","10","20:00","11.2","","8.8","","85","","7","","5","","16.1","","99.22","","","","","","NA"
"2017-09-10 21:00","2017","09","10","21:00","9.4","","8.0","","91","","19","","4","","16.1","","99.24","","","","","","NA"
"2017-09-10 22:00","2017","09","10","22:00","9.2","","7.5","","89","","7","","8","","16.1","","99.22","","","","","","NA"
"2017-09-10 23:00","2017","09","10","23:00","6.7","","5.9","","94","","","M","4","","16.1","","99.23","","","","","","NA"
"2017-09-11 00:00","2017","09","11","00:00","6.8","","6.5","","98","","35","","4","","16.1","","99.18","","","","","","NA"
"2017-09-11 01:00","2017","09","11","01:00","6.4","","6.1","","98","","","M","4","","14.5","","99.13","","","","","","NA"
"2017-09-11 02:00","2017","09","11","02:00","5.9","","5.6","","98","","30","","4","","12.9","","99.09","","","","","","NA"
"2017-09-11 03:00","2017","09","11","03:00","5.2","","4.9","","98","","34","","4","","11.3","","99.00","","","","","","NA"
"2017-09-11 04:00","2017","09","11","04:00","4.4","","4.3","","99","","30","","9","","1.2","","98.97","","","","","","Fog"
"2017-09-11 05:00","2017","09","11","05:00","4.7","","4.6","","99","","29","","5","","6.4","","99.01","","","","","","Fog"
"2017-09-11 06:00","2017","09","11","06:00","4.6","","4.5","","99","","34","","5","","6.4","","99.05","","","","","","Fog"
"2017-09-11 07:00","2017","09","11","07:00","6.2","","6.1","","99","","","","0","","12.9","","99.10","","","","","","NA"
"2017-09-11 08:00","2017","09","11","08:00","10.2","","8.5","","89","","34","","5","","16.1","","99.10","","","","","","NA"
"2017-09-11 09:00","2017","09","11","09:00","15.0","","9.2","","68","","7","","5","","16.1","","99.04","","","","","","NA"
"2017-09-11 10:00","2017","09","11","10:00","17.2","","10.1","","63","","13","","5","","16.1","","99.00","","","","","","NA"
"2017-09-11 11:00","2017","09","11","11:00","19.3","","8.4","","49","","14","","8","","16.1","","98.91","","","","","","NA"
"2017-09-11 12:00","2017","09","11","12:00","20.5","","7.4","","42","","","M","8","","16.1","","98.85","","","","","","NA"
"2017-09-11 13:00","2017","09","11","13:00","21.3","","5.2","","35","","11","","5","","14.5","","98.77","","","","","","NA"
"2017-09-11 14:00","2017","09","11","14:00","21.9","","5.1","","33","","16","","5","","9.7","","98.70","","","","","","Haze"
"2017-09-11 15:00","2017","09","11","15:00","22.3","","7.2","","37","","13","","9","","8.1","","98.61","","","","","","Haze"
"2017-09-11 16:00","2017","09","11","16:00","21.7","","7.3","","39","","","M","4","","16.1","","98.52","","","","","","NA"
"2017-09-11 17:00","2017","09","11","17:00","21.1","","8.6","","44","","12","","8","","16.1","","98.48","","","","","","NA"
"2017-09-11 18:00","2017","09","11","18:00","18.8","","10.8","","59","","15","","5","","16.1","","98.45","","","","","","NA"
"2017-09-11 19:00","2017","09","11","19:00","13.8","","10.6","","81","","11","","5","","12.9","","98.39","","","","","","NA"
"2017-09-11 20:00","2017","09","11","20:00","12.4","","10.2","","86","","12","","4","","16.1","","98.41","","","","","","NA"
"2017-09-11 21:00","2017","09","11","21:00","11.8","","10.1","","89","","14","","8","","16.1","","98.37","","","","","","NA"
"2017-09-11 22:00","2017","09","11","22:00","9.4","","8.8","","96","","","","0","","11.3","","98.34","","","","","","NA"
"2017-09-11 23:00","2017","09","11","23:00","8.8","","8.5","","98","","36","","5","","1.2","","98.30","","","","","","Fog"
"2017-09-12 00:00","2017","09","12","00:00","8.3","","8.2","","99","","8","","4","","2.8","","98.28","","","","","","Rain,Fog"
"2017-09-12 01:00","2017","09","12","01:00","8.1","","8.0","","99","","","","0","","0.6","","98.18","","","","","","Fog"
"2017-09-12 02:00","2017","09","12","02:00","6.8","","6.7","","99","","","","0","","3.2","","98.14","","","","","","Fog"
"2017-09-12 03:00","2017","09","12","03:00","6.3","","6.2","","99","","","","0","","0.4","","98.12","","","","","","Fog"
"2017-09-12 04:00","2017","09","12","04:00","6.3","","6.2","","99","","34","","8","","0.8","","98.10","","","","","","Rain,Fog"
"2017-09-12 05:00","2017","09","12","05:00","6.0","","5.9","","99","","33","","5","","0.2","","98.08","","","","","","Rain,Fog"
"2017-09-12 06:00","2017","09","12","06:00","5.7","","5.6","","99","","","","0","","0.4","","98.07","","","","","","Rain,Fog"
"2017-09-12 07:00","2017","09","12","07:00","7.1","","7.0","","99","","32","","4","","2.4","","98.07","","","","","","Fog"
"2017-09-12 08:00","2017","09","12","08:00","11.0","","10.9","","99","","","M","4","","6.4","","98.08","","","","","","Fog"
"2017-09-12 09:00","2017","09","12","09:00","14.7","","13.8","","94","","","","0","","16.1","","98.04","","","","","","NA"
"2017-09-12 10:00","2017","09","12","10:00","19.4","","12.2","","63","","","M","4","","16.1","","98.00","","","","","","NA"
"2017-09-12 11:00","2017","09","12","11:00","21.0","","11.2","","53","","","M","5","","16.1","","97.94","","","","","","NA"
"2017-09-12 12:00","2017","09","12","12:00","22.9","","9.8","","43","","","M","5","","16.1","","97.90","","","","","","NA"
"2017-09-12 13:00","2017","09","12","13:00","23.2","","11.2","","46","","","M","8","","16.1","","97.83","","25","","","","NA"
"2017-09-12 14:00","2017","09","12","14:00","24.0","","11.3","","44","","34","","8","","16.1","","97.75","","26","","","","NA"
"2017-09-12 15:00","2017","09","12","15:00","24.3","","10.9","","42","","","","0","","16.1","","97.68","","26","","","","NA"
"2017-09-12 16:00","2017","09","12","16:00","24.4","","12.6","","47","","33","","11","","16.1","","97.61","","27","","","","NA"
"2017-09-12 17:00","2017","09","12","17:00","23.0","","12.9","","53","","35","","11","","16.1","","97.59","","26","","","","NA"
"2017-09-12 18:00","2017","09","12","18:00","19.8","","14.9","","73","","35","","5","","16.1","","97.56","","","","","","NA"
"2017-09-12 19:00","2017","09","12","19:00","16.3","","13.8","","85","","","","0","","2.4","","97.56","","","","","","Fog"
"2017-09-12 20:00","2017","09","12","20:00","13.4","","12.1","","92","","","","0","","16.1","","97.59","","","","","","NA"
"2017-09-12 21:00","2017","09","12","21:00","11.9","","11.0","","94","","10","","4","","16.1","","97.56","","","","","","NA"
"2017-09-12 22:00","2017","09","12","22:00","11.6","","11.1","","97","","","","0","","16.1","","97.54","","","","","","NA"
"2017-09-12 23:00","2017","09","12","23:00","11.1","","11.0","","99","","","","0","","12.9","","97.51","","","","","","NA"
"2017-09-13 00:00","2017","09","13","00:00","9.9","","9.8","","99","","35","","9","","8.1","","97.49","","","","","","Fog"
"2017-09-13 01:00","2017","09","13","01:00","8.5","","8.4","","99","","32","","4","","1.6","","97.47","","","","","","Fog"
"2017-09-13 02:00","2017","09","13","02:00","8.5","","8.4","","99","","","","0","","9.7","","97.46","","","","","","Fog"
"2017-09-13 03:00","2017","09","13","03:00","7.9","","7.8","","99","","36","","4","","1.0","","97.43","","","","","","Fog"
"2017-09-13 04:00","2017","09","13","04:00","7.4","","7.3","","99","","34","","8","","4.0","","97.38","","","","","","Fog"
"2017-09-13 05:00","2017","09","13","05:00","7.1","","7.0","","99","","32","","4","","1.0","","97.41","","","","","","Rain,Fog"
"2017-09-13 06:00","2017","09","13","06:00","7.1","","7.0","","99","","36","","8","","8.1","","97.40","","","","","","Fog"
"2017-09-13 07:00","2017","09","13","07:00","9.9","","9.8","","99","","31","","5","","11.3","","97.42","","","","","","NA"
"2017-09-13 08:00","2017","09","13","08:00","11.9","","11.8","","99","","","","0","","14.5","","97.41","","","","","","NA"
"2017-09-13 09:00","2017","09","13","09:00","16.8","","14.0","","83","","11","","5","","16.1","","97.39","","","","","","NA"
"2017-09-13 10:00","2017","09","13","10:00","20.4","","14.3","","68","","10","","8","","16.1","","97.35","","","","","","NA"
"2017-09-13 11:00","2017","09","13","11:00","23.1","","14.5","","58","","16","","11","","16.1","","97.30","","27","","","","NA"
"2017-09-13 12:00","2017","09","13","12:00","24.3","","13.0","","49","","13","","17","","14.5","","97.26","","27","","","","NA"
"2017-09-13 13:00","2017","09","13","13:00","25.0","","13.8","","49","","17","","5","","6.4","","97.20","","28","","","","Haze"
"2017-09-13 14:00","2017","09","13","14:00","25.4","","15.5","","54","","","M","5","","9.7","","97.15","","30","","","","Haze"
"2017-09-13 15:00","2017","09","13","15:00","25.9","","16.4","","55","","","M","4","","12.9","","97.10","","31","","","","NA"
"2017-09-13 16:00","2017","09","13","16:00","25.8","","17.2","","58","","17","","9","","16.1","","97.08","","31","","","","NA"
"2017-09-13 17:00","2017","09","13","17:00","25.3","","17.9","","63","","16","","13","","16.1","","97.07","","31","","","","NA"
"2017-09-13 18:00","2017","09","13","18:00","23.8","","17.4","","67","","20","","13","","16.1","","97.09","","29","","","","NA"
"2017-09-13 19:00","2017","09","13","19:00","21.8","","17.2","","75","","20","","11","","16.1","","97.14","","27","","","","NA"
"2017-09-13 20:00","2017","09","13","20:00","19.8","","16.9","","83","","18","","8","","16.1","","97.19","","","","","","NA"
"2017-09-13 21:00","2017","09","13","21:00","18.7","","16.3","","86","","20","","8","","16.1","","97.20","","","","","","NA"
"2017-09-13 22:00","2017","09","13","22:00","15.9","","15.6","","98","","","","0","","16.1","","97.22","","","","","","NA"
"2017-09-13 23:00","2017","09","13","23:00","14.9","","14.8","","99","","","","0","","1.2","","97.21","","","","","","Fog"
"2017-09-14 00:00","2017","09","14","00:00","13.6","","13.5","","99","","31","","8","","4.8","","97.20","","","","","","Fog"
"2017-09-14 01:00","2017","09","14","01:00","16.2","","15.6","","96","","31","","8","","16.1","","97.20","","","","","","NA"
"2017-09-14 02:00","2017","09","14","02:00","16.0","","15.2","","95","","31","","5","","16.1","","97.20","","","","","","NA"
"2017-09-14 03:00","2017","09","14","03:00","15.3","","14.6","","96","","","M","4","","11.3","","97.21","","","","","","NA"
"2017-09-14 04:00","2017","09","14","04:00","14.7","","14.6","","99","","16","","5","","2.8","","97.26","","","","","","Fog"
"2017-09-14 05:00","2017","09","14","05:00","13.7","","13.4","","98","","","M","4","","4.0","","97.30","","","","","","Fog"
"2017-09-14 06:00","2017","09","14","06:00","13.7","","13.6","","99","","","","0","","2.0","","97.33","","","","","","Fog"
"2017-09-14 07:00","2017","09","14","07:00","15.1","","15.0","","99","","33","","5","","6.4","","97.39","","","","","","Fog"
"2017-09-14 08:00","2017","09","14","08:00","17.7","","16.6","","93","","30","","5","","9.7","","97.41","","","","","","Fog"
"2017-09-14 09:00","2017","09","14","09:00","20.5","","16.8","","79","","31","","9","","16.1","","97.45","","26","","","","NA"
"2017-09-14 10:00","2017","09","14","10:00","20.7","","16.8","","78","","30","","13","","16.1","","97.46","","26","","","","NA"
"2017-09-14 11:00","2017","09","14","11:00","22.7","","16.5","","67","","26","","18","","16.1","","97.45","","28","","","","NA"
"2017-09-14 12:00","2017","09","14","12:00","22.7","","15.9","","65","","25","","13","","16.1","","97.44","","27","","","","NA"
"2017-09-14 13:00","2017","09","14","13:00","23.7","","16.5","","64","","27","","13","","16.1","","97.45","","29","","","","NA"
"2017-09-14 14:00","2017","09","14","14:00","23.9","","15.9","","60","","28","","9","","16.1","","97.45","","28","","","","NA"
"2017-09-14 15:00","2017","09","14","15:00","25.3","","16.4","","57","","30","","13","","16.1","","97.44","","30","","","","NA"
"2017-09-14 16:00","2017","09","14","16:00","23.7","","16.2","","62","","31","","11","","16.1","","97.44","","28","","","","NA"
"2017-09-14 17:00","2017","09","14","17:00","23.7","","16.6","","64","","32","","11","","16.1","","97.48","","29","","","","NA"
"2017-09-14 18:00","2017","09","14","18:00","22.1","","16.1","","68","","30","","13","","16.1","","97.54","","27","","","","NA"
"2017-09-14 19:00","2017","09","14","19:00","19.8","","15.9","","78","","30","","9","","16.1","","97.61","","","","","","NA"
"2017-09-14 20:00","2017","09","14","20:00","16.6","","14.9","","90","","30","","5","","16.1","","97.68","","","","","","NA"
"2017-09-14 21:00","2017","09","14","21:00","16.4","","14.7","","90","","20","","5","","16.1","","97.72","","","","","","NA"
"2017-09-14 22:00","2017","09","14","22:00","15.0","","14.1","","94","","22","","5","","16.1","","97.77","","","","","","NA"
"2017-09-14 23:00","2017","09","14","23:00","15.0","","13.9","","93","","28","","5","","16.1","","97.79","","","","","","NA"
"2017-09-15 00:00","2017","09","15","00:00","14.1","","13.3","","95","","","M","4","","16.1","","97.83","","","","","","NA"
"2017-09-15 01:00","2017","09","15","01:00","12.9","","12.6","","98","","","","0","","0.4","","97.87","","","","","","Fog"
"2017-09-15 02:00","2017","09","15","02:00","12.1","","12.0","","99","","36","","4","","1.2","","97.89","","","","","","Fog"
"2017-09-15 03:00","2017","09","15","03:00","11.7","","11.6","","99","","33","","4","","0.6","","97.89","","","","","","Fog"
"2017-09-15 04:00","2017","09","15","04:00","11.1","","11.0","","99","","","","0","","0.4","","97.92","","","","","","Fog"
"2017-09-15 05:00","2017","09","15","05:00","10.5","","10.4","","99","","30","","4","","0.4","","97.97","","","","","","Fog"
"2017-09-15 06:00","2017","09","15","06:00","10.5","","10.4","","99","","","","0","","1.2","","98.05","","","","","","Fog"
"2017-09-15 07:00","2017","09","15","07:00","11.8","","11.7","","99","","32","","4","","11.3","","98.10","","","","","","NA"
"2017-09-15 08:00","2017","09","15","08:00","15.3","","15.2","","99","","29","","5","","12.9","","98.16","","","","","","NA"
"2017-09-15 09:00","2017","09","15","09:00","19.0","","16.4","","85","","30","","5","","16.1","","98.21","","","","","","NA"
"2017-09-15 10:00","2017","09","15","10:00","21.6","","16.5","","72","","30","","5","","16.1","","98.21","","27","","","","NA"
"2017-09-15 11:00","2017","09","15","11:00","23.6","","16.2","","63","","23","","5","","16.1","","98.19","","28","","","","NA"
"2017-09-15 12:00","2017","09","15","12:00","24.8","","17.3","","62","","20","","13","","16.1","","98.17","","30","","","","NA"
"2017-09-15 13:00","2017","09","15","13:00","25.1","","16.6","","59","","24","","8","","16.1","","98.15","","30","","","","NA"
"2017-09-15 14:00","2017","09","15","14:00","24.6","","16.4","","60","","18","","11","","16.1","","98.14","","29","","","","NA"
"2017-09-15 15:00","2017","09","15","15:00","24.5","","16.3","","60","","25","","8","","16.1","","98.13","","29","","","","NA"
"2017-09-15 16:00","2017","09","15","16:00","24.8","","16.5","","59","","","","0","","16.1","","98.12","","30","","","","NA"
"2017-09-15 17:00","2017","09","15","17:00","24.0","","16.2","","61","","18","","9","","16.1","","98.16","","29","","","","NA"
"2017-09-15 18:00","2017","09","15","18:00","22.6","","16.6","","69","","20","","8","","16.1","","98.19","","28","","","","NA"
"2017-09-15 19:00","2017","09","15","19:00","19.3","","15.8","","80","","","","0","","4.8","","98.21","","","","","","Haze"
"2017-09-15 20:00","2017","09","15","20:00","16.7","","15.4","","92","","19","","8","","16.1","","98.27","","","","","","NA"
"2017-09-15 21:00","2017","09","15","21:00","18.4","","15.4","","83","","19","","11","","16.1","","98.29","","","","","","NA"
"2017-09-15 22:00","2017","09","15","22:00","15.0","","14.2","","95","","","","0","","16.1","","98.34","","","","","","NA"
"2017-09-15 23:00","2017","09","15","23:00","14.3","","13.4","","94","","","M","4","","16.1","","98.34","","","","","","NA"
"2017-09-16 00:00","2017","09","16","00:00","13.3","","13.0","","98","","","","0","","9.7","","98.36","","","","","","Fog"
"2017-09-16 01:00","2017","09","16","01:00","11.8","","11.7","","99","","","","0","","0.4","","98.36","","","","","","Fog"
"2017-09-16 02:00","2017","09","16","02:00","12.6","","12.5","","99","","19","","4","","1.0","","98.36","","","","","","Fog"
"2017-09-16 03:00","2017","09","16","03:00","10.9","","10.8","","99","","","","0","","0.4","","98.38","","","","","","Fog"
"2017-09-16 04:00","2017","09","16","04:00","11.8","","11.7","","99","","33","","4","","0.6","","98.38","","","","","","Fog"
"2017-09-16 05:00","2017","09","16","05:00","10.9","","10.8","","99","","","","0","","2.8","","98.42","","","","","","Fog"
"2017-09-16 06:00","2017","09","16","06:00","10.2","","10.2","","100","","35","","4","","1.2","","98.45","","","","","","Fog"
"2017-09-16 07:00","2017","09","16","07:00","10.9","","10.9","","100","","","","0","","4.8","","98.47","","","","","","Fog"
"2017-09-16 08:00","2017","09","16","08:00","14.5","","14.4","","99","","","","0","","14.5","","98.50","","","","","","NA"
"2017-09-16 09:00","2017","09","16","09:00","17.8","","17.2","","96","","","","0","","16.1","","98.54","","","","","","NA"
"2017-09-16 10:00","2017","09","16","10:00","21.9","","16.8","","72","","","M","5","","16.1","","98.53","","27","","","","NA"
"2017-09-16 11:00","2017","09","16","11:00","24.0","","16.6","","63","","20","","9","","16.1","","98.50","","29","","","","NA"
"2017-09-16 12:00","2017","09","16","12:00","24.8","","16.2","","58","","24","","9","","16.1","","98.48","","30","","","","NA"
"2017-09-16 13:00","2017","09","16","13:00","25.0","","16.0","","57","","23","","8","","16.1","","98.45","","30","","","","NA"
"2017-09-16 14:00","2017","09","16","14:00","25.9","","16.0","","54","","","M","9","","16.1","","98.42","","31","","","","NA"
"2017-09-16 15:00","2017","09","16","15:00","25.2","","16.2","","57","","20","","13","","16.1","","98.38","","30","","","","NA"
"2017-09-16 16:00","2017","09","16","16:00","25.5","","15.8","","54","","","","0","","16.1","","98.36","","30","","","","NA"
"2017-09-16 17:00","2017","09","16","17:00","24.6","","16.1","","59","","19","","8","","16.1","","98.32","","29","","","","NA"
"2017-09-16 18:00","2017","09","16","18:00","21.8","","17.2","","75","","15","","5","","16.1","","98.29","","27","","","","NA"
"2017-09-16 19:00","2017","09","16","19:00","17.2","","16.0","","93","","","","0","","16.1","","98.31","","","","","","NA"
"2017-09-16 20:00","2017","09","16","20:00","16.2","","15.7","","97","","6","","4","","14.5","","98.34","","","","","","NA"
"2017-09-16 21:00","2017","09","16","21:00","15.0","","14.7","","98","","9","","4","","14.5","","98.33","","","","","","NA"
"2017-09-16 22:00","2017","09","16","22:00","14.0","","13.7","","98","","","","0","","1.2","","98.36","","","","","","Rain,Fog"
"2017-09-16 23:00","2017","09","16","23:00","14.2","","14.1","","99","","5","","4","","1.0","","98.35","","","","","","Rain,Fog"
"2017-09-17 00:00","2017","09","17","00:00","14.0","","13.9","","99","","","M","4","","0.4","","98.31","","","","","","Fog"
"2017-09-17 01:00","2017","09","17","01:00","13.3","","13.2","","99","","33","","4","","0.8","","98.28","","","","","","Fog"
"2017-09-17 02:00","2017","09","17","02:00","12.4","","12.3","","99","","","M","4","","0.4","","98.33","","","","","","Fog"
"2017-09-17 03:00","2017","09","17","03:00","12.2","","12.1","","99","","8","","4","","3.2","","98.30","","","","","","Fog"
"2017-09-17 04:00","2017","09","17","04:00","11.0","","10.9","","99","","","","0","","1.2","","98.29","","","","","","Fog"
"2017-09-17 05:00","2017","09","17","05:00","11.0","","11.0","","100","","","","0","","3.2","","98.30","","","","","","Fog"
"2017-09-17 06:00","2017","09","17","06:00","12.0","","12.0","","100","","35","","4","","1.0","","98.32","","","","","","Fog"
"2017-09-17 07:00","2017","09","17","07:00","12.3","","12.3","","100","","35","","5","","3.2","","98.35","","","","","","Fog"
"2017-09-17 08:00","2017","09","17","08:00","15.7","","15.6","","99","","","","0","","6.4","","98.33","","","","","","Fog"
"2017-09-17 09:00","2017","09","17","09:00","18.9","","18.6","","98","","","M","4","","4.8","","98.33","","","","","","Fog"
"2017-09-17 10:00","2017","09","17","10:00","22.9","","18.2","","75","","17","","5","","16.1","","98.33","","29","","","","NA"
"2017-09-17 11:00","2017","09","17","11:00","25.3","","17.8","","63","","","M","11","","14.5","","98.30","","31","","","","NA"
"2017-09-17 12:00","2017","09","17","12:00","26.2","","17.6","","59","","20","","11","","16.1","","98.25","","32","","","","NA"
"2017-09-17 13:00","2017","09","17","13:00","26.8","","16.7","","53","","21","","5","","14.5","","98.17","","32","","","","NA"
"2017-09-17 14:00","2017","09","17","14:00","26.6","","16.9","","55","","22","","9","","16.1","","98.12","","32","","","","NA"
"2017-09-17 15:00","2017","09","17","15:00","26.9","","16.3","","52","","18","","8","","16.1","","98.09","","32","","","","NA"
"2017-09-17 16:00","2017","09","17","16:00","27.4","","16.4","","50","","19","","17","","16.1","","98.05","","32","","","","NA"
"2017-09-17 17:00","2017","09","17","17:00","25.9","","17.7","","60","","16","","17","","16.1","","98.04","","32","","","","NA"
"2017-09-17 18:00","2017","09","17","18:00","24.2","","17.1","","64","","16","","13","","16.1","","98.04","","30","","","","NA"
"2017-09-17 19:00","2017","09","17","19:00","19.7","","16.4","","81","","17","","4","","9.7","","98.08","","","","","","Haze"
"2017-09-17 20:00","2017","09","17","20:00","18.1","","15.8","","86","","16","","9","","16.1","","98.09","","","","","","NA"
"2017-09-17 21:00","2017","09","17","21:00","17.3","","16.2","","93","","","","0","","16.1","","98.11","","","","","","NA"
"2017-09-17 22:00","2017","09","17","22:00","15.1","","14.5","","96","","8","","5","","16.1","","98.13","","","","","","NA"
"2017-09-17 23:00","2017","09","17","23:00","14.8","","14.5","","98","","","","0","","4.8","","98.11","","","","","","Fog"
"2017-09-18 00:00","2017","09","18","00:00","13.7","","13.6","","99","","11","","5","","4.8","","98.08","","","","","","Fog"
"2017-09-18 01:00","2017","09","18","01:00","13.6","","13.5","","99","","","","0","","0.2","","98.07","","","","","","Fog"
"2017-09-18 02:00","2017","09","18","02:00","11.0","","10.9","","99","","8","","4","","0.2","","98.04","","","","","","Fog"
"2017-09-18 03:00","2017","09","18","03:00","12.4","","12.3","","99","","9","","4","","6.4","","98.02","","","","","","Fog"
"2017-09-18 04:00","2017","09","18","04:00","12.0","","11.9","","99","","","","0","","1.2","","98.02","","","","","","Fog"
"2017-09-18 05:00","2017","09","18","05:00","12.6","","12.5","","99","","8","","8","","2.8","","98.03","","","","","","Fog"
"2017-09-18 06:00","2017","09","18","06:00","12.8","","12.7","","99","","6","","5","","6.4","","98.07","","","","","","Fog"
"2017-09-18 07:00","2017","09","18","07:00","16.1","","16.0","","99","","14","","4","","9.7","","98.05","","","","","","Fog"
"2017-09-18 08:00","2017","09","18","08:00","18.5","","18.2","","98","","14","","5","","16.1","","98.07","","","","","","NA"
"2017-09-18 09:00","2017","09","18","09:00","22.9","","18.6","","76","","19","","8","","16.1","","98.05","","29","","","","NA"
"2017-09-18 10:00","2017","09","18","10:00","25.4","","17.1","","60","","20","","11","","16.1","","98.05","","31","","","","NA"
"2017-09-18 11:00","2017","09","18","11:00","26.2","","16.9","","56","","","M","13","","16.1","","98.06","","31","","","","NA"
"2017-09-18 12:00","2017","09","18","12:00","27.1","","17.1","","54","","20","","13","","16.1","","98.04","","32","","","","NA"
"2017-09-18 13:00","2017","09","18","13:00","27.6","","16.8","","51","","21","","18","","16.1","","97.99","","33","","","","NA"
"2017-09-18 14:00","2017","09","18","14:00","27.6","","16.2","","49","","19","","17","","16.1","","97.95","","32","","","","NA"
"2017-09-18 15:00","2017","09","18","15:00","27.4","","16.3","","50","","20","","21","","16.1","","97.94","","32","","","","NA"
"2017-09-18 16:00","2017","09","18","16:00","24.2","","19.6","","75","","32","","15","","16.1","","97.93","","31","","","","NA"
"2017-09-18 17:00","2017","09","18","17:00","22.7","","19.1","","80","","31","","15","","11.3","","97.93","","30","","","","NA"
"2017-09-18 18:00","2017","09","18","18:00","21.7","","18.9","","84","","33","","9","","11.3","","97.96","","28","","","","NA"
"2017-09-18 19:00","2017","09","18","19:00","20.6","","18.8","","89","","30","","9","","9.7","","97.99","","27","","","","Fog"
"2017-09-18 20:00","2017","09","18","20:00","20.0","","18.6","","91","","33","","5","","9.7","","98.00","","26","","","","Fog"
"2017-09-18 21:00","2017","09","18","21:00","19.6","","18.3","","92","","33","","5","","16.1","","98.00","","","","","","NA"
"2017-09-18 22:00","2017","09","18","22:00","18.8","","17.8","","94","","","M","4","","16.1","","98.00","","","","","","NA"
"2017-09-18 23:00","2017","09","18","23:00","18.0","","17.4","","96","","28","","4","","16.1","","98.00","","","","","","NA"
"2017-09-19 00:00","2017","09","19","00:00","17.8","","17.2","","96","","","M","4","","16.1","","97.96","","","","","","NA"
"2017-09-19 01:00","2017","09","19","01:00","17.9","","17.4","","97","","9","","4","","16.1","","97.93","","","","","","NA"
"2017-09-19 02:00","2017","09","19","02:00","17.4","","17.1","","98","","","M","4","","6.4","","97.92","","","","","","Fog"
"2017-09-19 03:00","2017","09","19","03:00","17.6","","17.3","","98","","","","0","","4.8","","97.90","","","","","","Fog"
"2017-09-19 04:00","2017","09","19","04:00","17.8","","17.5","","98","","","M","4","","4.8","","97.89","","","","","","Fog"
"2017-09-19 05:00","2017","09","19","05:00","17.3","","17.0","","98","","8","","4","","4.8","","97.90","","","","","","Fog"
"2017-09-19 06:00","2017","09","19","06:00","17.4","","17.1","","98","","36","","5","","4.8","","97.93","","","","","","Fog"
"2017-09-19 07:00","2017","09","19","07:00","17.9","","17.4","","97","","4","","5","","6.4","","97.95","","","","","","Fog"
"2017-09-19 08:00","2017","09","19","08:00","19.0","","17.9","","93","","6","","8","","11.3","","97.93","","","","","","NA"
"2017-09-19 09:00","2017","09","19","09:00","21.3","","18.6","","84","","8","","11","","16.1","","97.95","","28","","","","NA"
"2017-09-19 10:00","2017","09","19","10:00","23.2","","18.5","","75","","8","","11","","16.1","","97.96","","30","","","","NA"
"2017-09-19 11:00","2017","09","19","11:00","23.5","","18.3","","72","","8","","11","","16.1","","97.94","","30","","","","NA"
"2017-09-19 12:00","2017","09","19","12:00","24.7","","18.5","","68","","4","","5","","16.1","","97.91","","31","","","","NA"
"2017-09-19 13:00","2017","09","19","13:00","24.5","","18.6","","69","","10","","15","","16.1","","97.85","","31","","","","NA"
"2017-09-19 14:00","2017","09","19","14:00","25.4","","18.5","","65","","13","","15","","16.1","","97.79","","32","","","","NA"
"2017-09-19 15:00","2017","09","19","15:00","24.6","","18.5","","68","","12","","13","","16.1","","97.76","","31","","","","NA"
"2017-09-19 16:00","2017","09","19","16:00","23.2","","19.4","","79","","18","","8","","16.1","","97.76","","30","","","","Rain"
"2017-09-19 17:00","2017","09","19","17:00","21.0","","20.0","","94","","32","","11","","6.4","","97.80","","29","","","","Fog"
"2017-09-19 18:00","2017","09","19","18:00","19.6","","18.5","","93","","","M","4","","16.1","","97.81","","","","","","Rain"
"2017-09-19 19:00","2017","09","19","19:00","19.3","","18.3","","94","","3","","4","","9.7","","97.82","","","","","","Fog"
"2017-09-19 20:00","2017","09","19","20:00","19.0","","18.5","","97","","34","","8","","2.8","","97.87","","","","","","Fog"
"2017-09-19 21:00","2017","09","19","21:00","18.8","","18.2","","96","","31","","5","","2.8","","97.85","","","","","","Fog"
"2017-09-19 22:00","2017","09","19","22:00","17.9","","17.6","","98","","5","","4","","1.6","","97.85","","","","","","Rain,Fog"
"2017-09-19 23:00","2017","09","19","23:00","16.8","","16.6","","99","","8","","9","","0.2","","97.84","","","","","","Rain,Fog"
"2017-09-20 00:00","2017","09","20","00:00","16.6","","16.4","","99","","36","","5","","0.4","","97.87","","","","","","Rain,Fog"
"2017-09-20 01:00","2017","09","20","01:00","16.3","","16.1","","99","","6","","5","","0.4","","97.84","","","","","","Fog"
"2017-09-20 02:00","2017","09","20","02:00","16.0","","15.9","","99","","9","","9","","0.2","","97.83","","","","","","Fog"
"2017-09-20 03:00","2017","09","20","03:00","16.9","","16.7","","99","","8","","4","","0.2","","97.83","","","","","","Fog"
"2017-09-20 04:00","2017","09","20","04:00","14.5","","14.4","","99","","","","0","","0.2","","97.86","","","","","","Fog"
"2017-09-20 05:00","2017","09","20","05:00","14.2","","14.1","","99","","","M","4","","0.2","","97.88","","","","","","Fog"
"2017-09-20 06:00","2017","09","20","06:00","13.7","","13.6","","99","","6","","5","","0.2","","97.90","","","","","","Fog"
"2017-09-20 07:00","2017","09","20","07:00","14.0","","13.9","","99","","","","0","","0.0","","97.95","","","","","","Fog"
"2017-09-20 08:00","2017","09","20","08:00","17.9","","17.7","","99","","","M","4","","3.6","","98.01","","","","","","Fog"
"2017-09-20 09:00","2017","09","20","09:00","19.8","","19.6","","99","","11","","8","","6.4","","98.03","","","","","","Fog"
"2017-09-20 10:00","2017","09","20","10:00","22.1","","18.8","","81","","12","","13","","11.3","","98.01","","29","","","","NA"
"2017-09-20 11:00","2017","09","20","11:00","23.9","","18.9","","73","","11","","11","","16.1","","97.98","","31","","","","NA"
"2017-09-20 12:00","2017","09","20","12:00","25.5","","17.9","","62","","12","","5","","14.5","","97.95","","31","","","","NA"
"2017-09-20 13:00","2017","09","20","13:00","26.9","","17.0","","54","","11","","15","","9.7","","97.88","","32","","","","Haze"
"2017-09-20 14:00","2017","09","20","14:00","27.5","","15.9","","49","","14","","15","","16.1","","97.83","","32","","","","NA"
"2017-09-20 15:00","2017","09","20","15:00","26.6","","17.5","","57","","13","","13","","16.1","","97.87","","32","","","","NA"
"2017-09-20 16:00","2017","09","20","16:00","26.0","","17.0","","57","","15","","15","","16.1","","97.87","","31","","","","NA"
"2017-09-20 17:00","2017","09","20","17:00","24.7","","16.3","","59","","11","","13","","16.1","","97.90","","30","","","","NA"
"2017-09-20 18:00","2017","09","20","18:00","21.9","","16.7","","72","","12","","9","","16.1","","97.92","","27","","","","NA"
"2017-09-20 19:00","2017","09","20","19:00","19.0","","16.3","","84","","12","","9","","16.1","","97.94","","","","","","NA"
"2017-09-20 20:00","2017","09","20","20:00","18.4","","16.2","","87","","6","","4","","16.1","","97.98","","","","","","NA"
"2017-09-20 21:00","2017","09","20","21:00","16.1","","15.6","","97","","","","0","","16.1","","97.99","","","","","","NA"
"2017-09-20 22:00","2017","09","20","22:00","15.5","","14.9","","96","","5","","5","","11.3","","97.97","","","","","","NA"
"2017-09-20 23:00","2017","09","20","23:00","15.0","","14.7","","98","","","","0","","4.8","","97.98","","","","","","Fog"
"2017-09-21 00:00","2017","09","21","00:00","14.3","","14.2","","99","","1","","5","","2.4","","98.02","","","","","","Fog"
"2017-09-21 01:00","2017","09","21","01:00","13.4","","13.3","","99","","30","","8","","2.0","","98.11","","","","","","Fog"
"2017-09-21 02:00","2017","09","21","02:00","13.4","","13.3","","99","","","M","4","","0.6","","98.16","","","","","","Fog"
"2017-09-21 03:00","2017","09","21","03:00","12.3","","12.2","","99","","4","","4","","1.6","","98.15","","","","","","Fog"
"2017-09-21 04:00","2017","09","21","04:00","13.1","","13.0","","99","","","M","4","","1.6","","98.16","","","","","","Fog"
"2017-09-21 05:00","2017","09","21","05:00","13.1","","13.1","","100","","33","","5","","1.2","","98.17","","","","","","Fog"
"2017-09-21 06:00","2017","09","21","06:00","13.2","","13.2","","100","","","","0","","0.2","","98.18","","","","","","Fog"
"2017-09-21 07:00","2017","09","21","07:00","14.9","","14.8","","99","","35","","4","","4.8","","98.21","","","","","","Fog"
"2017-09-21 08:00","2017","09","21","08:00","18.7","","17.2","","91","","10","","5","","9.7","","98.22","","","","","","Fog"
"2017-09-21 09:00","2017","09","21","09:00","22.5","","18.1","","76","","12","","17","","16.1","","98.27","","29","","","","NA"
"2017-09-21 10:00","2017","09","21","10:00","24.0","","17.9","","68","","14","","13","","16.1","","98.26","","30","","","","NA"
"2017-09-21 11:00","2017","09","21","11:00","25.5","","17.2","","60","","12","","17","","16.1","","98.22","","31","","","","NA"
"2017-09-21 12:00","2017","09","21","12:00","27.0","","15.5","","49","","16","","15","","14.5","","98.21","","31","","","","NA"
"2017-09-21 13:00","2017","09","21","13:00","27.5","","14.9","","46","","15","","13","","12.9","","98.19","","31","","","","NA"
"2017-09-21 14:00","2017","09","21","14:00","28.2","","13.1","","39","","16","","11","","8.1","","98.16","","31","","","","Haze"
"2017-09-21 15:00","2017","09","21","15:00","28.6","","14.1","","41","","18","","11","","12.9","","98.16","","32","","","","NA"
"2017-09-21 16:00","2017","09","21","16:00","28.3","","14.3","","42","","","M","4","","16.1","","98.14","","32","","","","NA"
"2017-09-21 17:00","2017","09","21","17:00","27.1","","16.3","","51","","11","","11","","16.1","","98.13","","32","","","","NA"
"2017-09-21 18:00","2017","09","21","18:00","23.7","","16.6","","64","","10","","11","","16.1","","98.13","","29","","","","NA"
"2017-09-21 19:00","2017","09","21","19:00","19.8","","16.5","","81","","8","","8","","16.1","","98.18","","","","","","NA"
"2017-09-21 20:00","2017","09","21","20:00","19.2","","16.3","","83","","11","","9","","16.1","","98.23","","","","","","NA"
"2017-09-21 21:00","2017","09","21","21:00","18.0","","15.7","","86","","","M","4","","16.1","","98.27","","","","","","NA"
"2017-09-21 22:00","2017","09","21","22:00","17.0","","15.4","","90","","","","0","","16.1","","98.26","","","","","","NA"
"2017-09-21 23:00","2017","09","21","23:00","16.3","","15.1","","93","","35","","4","","16.1","","98.27","","","","","","NA"
"2017-09-22 00:00","2017","09","22","00:00","15.6","","15.1","","97","","","","0","","12.9","","98.24","","","","","","NA"
"2017-09-22 01:00","2017","09","22","01:00","15.0","","14.7","","98","","1","","4","","9.7","","98.26","","","","","","Fog"
"2017-09-22 02:00","2017","09","22","02:00","14.7","","14.6","","99","","36","","5","","4.0","","98.24","","","","","","Fog"
"2017-09-22 03:00","2017","09","22","03:00","13.8","","13.7","","99","","8","","8","","8.1","","98.23","","","","","","Fog"
"2017-09-22 04:00","2017","09","22","04:00","13.2","","13.1","","99","","28","","8","","1.2","","98.28","","","","","","Fog"
"2017-09-22 05:00","2017","09","22","05:00","13.3","","13.2","","99","","34","","5","","2.0","","98.33","","","","","","Fog"
"2017-09-22 06:00","2017","09","22","06:00","13.2","","13.1","","99","","","","0","","0.6","","98.35","","","","","","Fog"
"2017-09-22 07:00","2017","09","22","07:00","13.3","","13.2","","99","","","","0","","2.0","","98.36","","","","","","Fog"
"2017-09-22 08:00","2017","09","22","08:00","17.9","","16.3","","90","","","","0","","11.3","","98.36","","","","","","NA"
"2017-09-22 09:00","2017","09","22","09:00","22.6","","16.9","","70","","12","","5","","16.1","","98.37","","28","","","","NA"
"2017-09-22 10:00","2017","09","22","10:00","24.8","","16.0","","58","","15","","9","","16.1","","98.35","","29","","","","NA"
"2017-09-22 11:00","2017","09","22","11:00","26.6","","15.6","","50","","15","","15","","16.1","","98.33","","31","","","","NA"
"2017-09-22 12:00","2017","09","22","12:00","27.4","","13.9","","43","","11","","11","","9.7","","98.31","","31","","","","Haze"
"2017-09-22 13:00","2017","09","22","13:00","28.1","","12.2","","37","","8","","8","","8.1","","98.27","","30","","","","Haze"
"2017-09-22 14:00","2017","09","22","14:00","28.9","","12.6","","36","","12","","9","","12.9","","98.22","","31","","","","NA"
"2017-09-22 15:00","2017","09","22","15:00","29.2","","13.0","","36","","16","","9","","6.4","","98.16","","32","","","","Haze"
"2017-09-22 16:00","2017","09","22","16:00","28.4","","15.0","","43","","14","","15","","16.1","","98.14","","32","","","","NA"
"2017-09-22 17:00","2017","09","22","17:00","26.8","","16.5","","53","","12","","11","","16.1","","98.15","","32","","","","NA"
"2017-09-22 18:00","2017","09","22","18:00","23.5","","16.4","","64","","12","","8","","16.1","","98.17","","28","","","","NA"
"2017-09-22 19:00","2017","09","22","19:00","21.2","","15.8","","71","","12","","9","","16.1","","98.14","","26","","","","NA"
"2017-09-22 20:00","2017","09","22","20:00","19.0","","15.9","","82","","","M","4","","16.1","","98.15","","","","","","NA"
"2017-09-22 21:00","2017","09","22","21:00","17.2","","14.6","","84","","10","","4","","16.1","","98.17","","","","","","NA"
"2017-09-22 22:00","2017","09","22","22:00","15.3","","13.9","","91","","","","0","","16.1","","98.22","","","","","","NA"
"2017-09-22 23:00","2017","09","22","23:00","14.9","","13.2","","89","","7","","4","","16.1","","98.16","","","","","","NA"
"2017-09-23 00:00","2017","09","23","00:00","14.6","","13.7","","94","","1","","4","","16.1","","98.16","","","","","","NA"
"2017-09-23 01:00","2017","09","23","01:00","14.1","","13.0","","93","","","M","4","","16.1","","98.16","","","","","","NA"
"2017-09-23 02:00","2017","09","23","02:00","14.5","","13.2","","92","","","M","4","","16.1","","98.07","","","","","","NA"
"2017-09-23 03:00","2017","09","23","03:00","15.4","","13.9","","91","","32","","4","","16.1","","98.11","","","","","","NA"
"2017-09-23 04:00","2017","09","23","04:00","14.1","","13.6","","97","","","","0","","11.3","","98.11","","","","","","NA"
"2017-09-23 05:00","2017","09","23","05:00","13.6","","13.1","","97","","5","","4","","9.7","","98.16","","","","","","Fog"
"2017-09-23 06:00","2017","09","23","06:00","13.9","","13.8","","99","","","","0","","4.8","","98.24","","","","","","Fog"
"2017-09-23 07:00","2017","09","23","07:00","15.3","","14.5","","95","","","","0","","9.7","","98.30","","","","","","Fog"
"2017-09-23 08:00","2017","09","23","08:00","19.4","","15.7","","79","","","","0","","16.1","","98.31","","","","","","NA"
"2017-09-23 09:00","2017","09","23","09:00","22.9","","16.9","","69","","","","0","","16.1","","98.33","","28","","","","NA"
"2017-09-23 10:00","2017","09","23","10:00","27.3","","13.6","","42","","28","","15","","16.1","","98.33","","30","","","","NA"
"2017-09-23 11:00","2017","09","23","11:00","28.3","","14.4","","42","","27","","17","","16.1","","98.35","","32","","","","NA"
"2017-09-23 12:00","2017","09","23","12:00","28.8","","14.6","","41","","28","","13","","16.1","","98.33","","33","","","","NA"
"2017-09-23 13:00","2017","09","23","13:00","30.4","","15.9","","41","","26","","13","","16.1","","98.29","","35","","","","NA"
"2017-09-23 14:00","2017","09","23","14:00","29.7","","16.1","","43","","30","","18","","16.1","","98.27","","34","","","","NA"
"2017-09-23 15:00","2017","09","23","15:00","30.0","","17.2","","45","","31","","15","","16.1","","98.21","","35","","","","NA"
"2017-09-23 16:00","2017","09","23","16:00","29.8","","18.2","","49","","32","","8","","16.1","","98.17","","36","","","","NA"
"2017-09-23 17:00","2017","09","23","17:00","28.5","","19.0","","56","","29","","9","","16.1","","98.17","","35","","","","NA"
"2017-09-23 18:00","2017","09","23","18:00","25.2","","19.4","","70","","33","","4","","16.1","","98.18","","32","","","","NA"
"2017-09-23 19:00","2017","09","23","19:00","21.3","","19.6","","90","","","","0","","16.1","","98.21","","29","","","","NA"
"2017-09-23 20:00","2017","09","23","20:00","19.8","","18.9","","94","","","","0","","16.1","","98.21","","","","","","NA"
"2017-09-23 21:00","2017","09","23","21:00","18.7","","17.8","","94","","33","","5","","16.1","","98.21","","","","","","NA"
"2017-09-23 22:00","2017","09","23","22:00","18.6","","18.1","","97","","35","","4","","11.3","","98.23","","","","","","NA"
"2017-09-23 23:00","2017","09","23","23:00","17.8","","17.3","","97","","","","0","","4.8","","98.24","","","","","","Fog"
"2017-09-24 00:00","2017","09","24","00:00","17.2","","17.0","","99","","","","0","","0.8","","98.26","","","","","","Fog"
"2017-09-24 01:00","2017","09","24","01:00","16.9","","16.7","","99","","32","","4","","1.0","","98.28","","","","","","Fog"
"2017-09-24 02:00","2017","09","24","02:00","17.2","","17.0","","99","","33","","4","","1.2","","98.29","","","","","","Fog"
"2017-09-24 03:00","2017","09","24","03:00","17.4","","17.2","","99","","30","","5","","0.6","","98.29","","","","","","Fog"
"2017-09-24 04:00","2017","09","24","04:00","17.7","","17.5","","99","","","M","4","","2.4","","98.32","","","","","","Fog"
"2017-09-24 05:00","2017","09","24","05:00","15.8","","15.7","","99","","","","0","","0.2","","98.34","","","","","","Fog"
"2017-09-24 06:00","2017","09","24","06:00","15.0","","14.9","","99","","29","","4","","0.0","","98.39","","","","","","Fog"
"2017-09-24 07:00","2017","09","24","07:00","16.8","","16.6","","99","","30","","5","","3.2","","98.42","","","","","","Fog"
"2017-09-24 08:00","2017","09","24","08:00","19.7","","19.5","","99","","34","","5","","9.7","","98.44","","","","","","Fog"
"2017-09-24 09:00","2017","09","24","09:00","24.6","","18.8","","70","","34","","5","","16.1","","98.43","","31","","","","NA"
"2017-09-24 10:00","2017","09","24","10:00","27.9","","19.2","","58","","34","","8","","9.7","","98.41","","35","","","","Haze"
"2017-09-24 11:00","2017","09","24","11:00","29.7","","19.4","","53","","34","","9","","16.1","","98.40","","37","","","","NA"
"2017-09-24 12:00","2017","09","24","12:00","30.6","","18.3","","47","","","M","4","","16.1","","98.37","","37","","","","NA"
"2017-09-24 13:00","2017","09","24","13:00","31.7","","18.6","","45","","21","","9","","16.1","","98.31","","38","","","","NA"
"2017-09-24 14:00","2017","09","24","14:00","32.1","","17.7","","42","","20","","8","","16.1","","98.27","","38","","","","NA"
"2017-09-24 15:00","2017","09","24","15:00","31.9","","17.3","","41","","34","","5","","16.1","","98.21","","37","","","","NA"
"2017-09-24 16:00","2017","09","24","16:00","31.9","","17.0","","40","","","M","5","","16.1","","98.17","","37","","","","NA"
"2017-09-24 17:00","2017","09","24","17:00","30.2","","20.4","","55","","29","","5","","16.1","","98.16","","38","","","","NA"
"2017-09-24 18:00","2017","09","24","18:00","27.2","","19.7","","63","","33","","5","","16.1","","98.15","","35","","","","NA"
"2017-09-24 19:00","2017","09","24","19:00","22.6","","19.8","","84","","","","0","","16.1","","98.17","","30","","","","NA"
"2017-09-24 20:00","2017","09","24","20:00","22.2","","19.1","","82","","","M","4","","16.1","","98.20","","29","","","","NA"
"2017-09-24 21:00","2017","09","24","21:00","21.8","","18.7","","83","","19","","4","","16.1","","98.22","","28","","","","NA"
"2017-09-24 22:00","2017","09","24","22:00","19.4","","18.4","","94","","","","0","","16.1","","98.22","","","","","","NA"
"2017-09-24 23:00","2017","09","24","23:00","18.5","","18.0","","97","","","","0","","8.1","","98.20","","","","","","Fog"
"2017-09-25 00:00","2017","09","25","00:00","18.0","","17.7","","98","","","","0","","3.2","","98.18","","","","","","Fog"
"2017-09-25 01:00","2017","09","25","01:00","17.8","","17.6","","99","","","","0","","4.0","","98.17","","","","","","Fog"
"2017-09-25 02:00","2017","09","25","02:00","16.5","","16.3","","99","","35","","5","","2.0","","98.15","","","","","","Fog"
"2017-09-25 03:00","2017","09","25","03:00","16.9","","16.7","","99","","35","","4","","0.4","","98.13","","","","","","Fog"
"2017-09-25 04:00","2017","09","25","04:00","16.5","","16.3","","99","","","","0","","0.6","","98.13","","","","","","Fog"
"2017-09-25 05:00","2017","09","25","05:00","15.6","","15.5","","99","","34","","4","","0.2","","98.13","","","","","","Fog"
"2017-09-25 06:00","2017","09","25","06:00","14.7","","14.6","","99","","36","","4","","0.2","","98.15","","","","","","Fog"
"2017-09-25 07:00","2017","09","25","07:00","15.2","","15.1","","99","","","","0","","1.0","","98.18","","","","","","Fog"
"2017-09-25 08:00","2017","09","25","08:00","19.1","","18.9","","99","","","M","4","","8.1","","98.21","","","","","","Fog"
"2017-09-25 09:00","2017","09","25","09:00","23.9","","19.0","","74","","13","","8","","16.1","","98.22","","31","","","","NA"
"2017-09-25 10:00","2017","09","25","10:00","26.1","","19.1","","65","","15","","9","","16.1","","98.20","","33","","","","NA"
"2017-09-25 11:00","2017","09","25","11:00","28.9","","19.1","","55","","15","","22","","16.1","","98.17","","36","","","","NA"
"2017-09-25 12:00","2017","09","25","12:00","30.1","","18.2","","48","","17","","21","","16.1","","98.14","","36","","","","NA"
"2017-09-25 13:00","2017","09","25","13:00","30.7","","19.0","","49","","14","","13","","9.7","","98.06","","37","","","","Haze"
"2017-09-25 14:00","2017","09","25","14:00","31.0","","18.0","","45","","14","","11","","9.7","","98.00","","37","","","","Haze"
"2017-09-25 15:00","2017","09","25","15:00","31.0","","18.0","","45","","11","","9","","16.1","","97.94","","37","","","","NA"
"2017-09-25 16:00","2017","09","25","16:00","29.3","","16.4","","45","","13","","17","","16.1","","97.91","","34","","","","NA"
"2017-09-25 17:00","2017","09","25","17:00","29.5","","17.4","","48","","16","","11","","16.1","","97.90","","35","","","","NA"
"2017-09-25 18:00","2017","09","25","18:00","25.0","","18.6","","67","","11","","11","","16.1","","97.90","","31","","","","NA"
"2017-09-25 19:00","2017","09","25","19:00","22.8","","19.0","","79","","11","","9","","16.1","","97.88","","30","","","","NA"
"2017-09-25 20:00","2017","09","25","20:00","20.4","","18.6","","89","","9","","8","","16.1","","97.90","","27","","","","NA"
"2017-09-25 21:00","2017","09","25","21:00","19.5","","17.8","","90","","9","","4","","12.9","","97.90","","","","","","NA"
"2017-09-25 22:00","2017","09","25","22:00","18.7","","17.4","","92","","8","","4","","11.3","","97.90","","","","","","NA"
"2017-09-25 23:00","2017","09","25","23:00","17.9","","17.3","","96","","36","","4","","6.4","","97.89","","","","","","Fog"
"2017-09-26 00:00","2017","09","26","00:00","17.7","","17.4","","98","","36","","4","","3.6","","97.89","","","","","","Fog"
"2017-09-26 01:00","2017","09","26","01:00","17.3","","17.0","","98","","36","","4","","2.8","","97.90","","","","","","Fog"
"2017-09-26 02:00","2017","09","26","02:00","17.4","","17.2","","99","","","","0","","1.2","","97.87","","","","","","Fog"
"2017-09-26 03:00","2017","09","26","03:00","16.9","","16.7","","99","","","","0","","1.6","","97.87","","","","","","Fog"
"2017-09-26 04:00","2017","09","26","04:00","16.6","","16.4","","99","","","","0","","0.4","","97.85","","","","","","Fog"
"2017-09-26 05:00","2017","09","26","05:00","15.0","","14.9","","99","","8","","4","","0.8","","97.84","","","","","","Fog"
"2017-09-26 06:00","2017","09","26","06:00","15.5","","15.4","","99","","35","","4","","0.8","","97.87","","","","","","Fog"
"2017-09-26 07:00","2017","09","26","07:00","16.6","","16.4","","99","","","","0","","2.8","","97.89","","","","","","Fog"
"2017-09-26 08:00","2017","09","26","08:00","21.1","","19.2","","89","","11","","4","","6.4","","97.89","","28","","","","Fog"
"2017-09-26 09:00","2017","09","26","09:00","25.0","","19.7","","72","","21","","8","","11.3","","97.88","","32","","","","NA"
"2017-09-26 10:00","2017","09","26","10:00","27.3","","19.0","","60","","","M","9","","16.1","","97.86","","34","","","","NA"
"2017-09-26 11:00","2017","09","26","11:00","29.2","","17.5","","49","","18","","11","","16.1","","97.84","","35","","","","NA"
"2017-09-26 12:00","2017","09","26","12:00","30.6","","16.8","","43","","18","","15","","16.1","","97.80","","36","","","","NA"
"2017-09-26 13:00","2017","09","26","13:00","31.3","","16.1","","39","","23","","15","","16.1","","97.75","","36","","","","NA"
"2017-09-26 14:00","2017","09","26","14:00","31.7","","16.5","","40","","22","","13","","16.1","","97.70","","37","","","","NA"
"2017-09-26 15:00","2017","09","26","15:00","31.6","","16.1","","39","","24","","22","","16.1","","97.65","","36","","","","NA"
"2017-09-26 16:00","2017","09","26","16:00","30.3","","16.8","","44","","20","","13","","16.1","","97.62","","35","","","","NA"
"2017-09-26 17:00","2017","09","26","17:00","29.5","","17.6","","48","","20","","15","","16.1","","97.61","","35","","","","NA"
"2017-09-26 18:00","2017","09","26","18:00","27.2","","17.3","","54","","19","","11","","16.1","","97.62","","33","","","","NA"
"2017-09-26 19:00","2017","09","26","19:00","25.6","","15.8","","54","","20","","11","","16.1","","97.63","","30","","","","NA"
"2017-09-26 20:00","2017","09","26","20:00","23.7","","15.9","","61","","20","","9","","16.1","","97.64","","28","","","","NA"
"2017-09-26 21:00","2017","09","26","21:00","22.7","","16.1","","66","","18","","8","","16.1","","97.64","","27","","","","NA"
"2017-09-26 22:00","2017","09","26","22:00","20.1","","16.2","","78","","","","0","","16.1","","97.62","","25","","","","NA"
"2017-09-26 23:00","2017","09","26","23:00","18.3","","16.6","","89","","","","0","","16.1","","97.61","","","","","","NA"
"2017-09-27 00:00","2017","09","27","00:00","19.6","","15.8","","78","","16","","4","","16.1","","97.59","","","","","","NA"
"2017-09-27 01:00","2017","09","27","01:00","17.4","","15.2","","87","","15","","4","","16.1","","97.58","","","","","","NA"
"2017-09-27 02:00","2017","09","27","02:00","16.5","","15.1","","91","","","","0","","16.1","","97.53","","","","","","NA"
"2017-09-27 03:00","2017","09","27","03:00","18.0","","16.7","","92","","","","0","","16.1","","97.51","","","","","","NA"
"2017-09-27 04:00","2017","09","27","04:00","19.4","","16.8","","85","","","M","4","","16.1","","97.49","","","","","","NA"
"2017-09-27 05:00","2017","09","27","05:00","19.4","","17.1","","86","","24","","8","","16.1","","97.48","","","","","","NA"
"2017-09-27 06:00","2017","09","27","06:00","18.1","","17.0","","93","","12","","4","","14.5","","97.48","","","","","","NA"
"2017-09-27 07:00","2017","09","27","07:00","20.2","","17.9","","86","","29","","4","","16.1","","97.49","","26","","","","NA"
"2017-09-27 08:00","2017","09","27","08:00","22.7","","18.0","","74","","25","","9","","16.1","","97.45","","29","","","","NA"
"2017-09-27 09:00","2017","09","27","09:00","24.8","","17.9","","65","","27","","22","","16.1","","97.44","","31","","","","NA"
"2017-09-27 10:00","2017","09","27","10:00","24.6","","18.8","","70","","30","","15","","16.1","","97.47","","31","","","","NA"
"2017-09-27 11:00","2017","09","27","11:00","24.9","","18.8","","69","","27","","18","","16.1","","97.48","","32","","","","NA"
"2017-09-27 12:00","2017","09","27","12:00","23.8","","18.6","","72","","30","","24","","16.1","","97.47","","30","","","","NA"
"2017-09-27 13:00","2017","09","27","13:00","22.0","","18.6","","81","","31","","15","","16.1","","97.48","","28","","","","NA"
"2017-09-27 14:00","2017","09","27","14:00","20.1","","17.1","","83","","30","","22","","16.1","","97.50","","25","","","","NA"
"2017-09-27 15:00","2017","09","27","15:00","21.7","","14.9","","65","","29","","28","","16.1","","97.47","","26","","","","NA"
"2017-09-27 16:00","2017","09","27","16:00","21.2","","13.6","","61","","32","","30","","16.1","","97.53","","","","","","NA"
"2017-09-27 17:00","2017","09","27","17:00","18.8","","12.0","","64","","32","","24","","16.1","","97.58","","","","","","NA"
"2017-09-27 18:00","2017","09","27","18:00","17.0","","11.1","","68","","30","","15","","16.1","","97.63","","","","","","NA"
"2017-09-27 19:00","2017","09","27","19:00","15.9","","11.5","","75","","31","","18","","16.1","","97.67","","","","","","NA"
"2017-09-27 20:00","2017","09","27","20:00","14.4","","10.7","","78","","31","","13","","16.1","","97.73","","","","","","NA"
"2017-09-27 21:00","2017","09","27","21:00","13.8","","10.7","","82","","31","","11","","16.1","","97.74","","","","","","NA"
"2017-09-27 22:00","2017","09","27","22:00","13.2","","10.8","","85","","30","","11","","16.1","","97.76","","","","","","NA"
"2017-09-27 23:00","2017","09","27","23:00","13.0","","9.9","","81","","32","","17","","16.1","","97.76","","","","","","NA"
"2017-09-28 00:00","2017","09","28","00:00","12.4","","9.4","","82","","33","","13","","16.1","","97.80","","","","","","NA"
"2017-09-28 01:00","2017","09","28","01:00","11.9","","8.6","","80","","31","","13","","16.1","","97.83","","","","","","NA"
"2017-09-28 02:00","2017","09","28","02:00","12.5","","8.0","","74","","32","","18","","16.1","","97.82","","","","","","NA"
"2017-09-28 03:00","2017","09","28","03:00","12.5","","7.2","","70","","33","","18","","16.1","","97.85","","","","","","NA"
"2017-09-28 04:00","2017","09","28","04:00","11.9","","7.5","","74","","33","","17","","16.1","","97.90","","","","","","NA"
"2017-09-28 05:00","2017","09","28","05:00","11.7","","7.2","","74","","31","","18","","16.1","","97.94","","","","","","NA"
"2017-09-28 06:00","2017","09","28","06:00","10.0","","7.1","","82","","30","","13","","16.1","","97.95","","","","","","NA"
"2017-09-28 07:00","2017","09","28","07:00","10.0","","7.5","","84","","31","","9","","16.1","","97.98","","","","","","NA"
"2017-09-28 08:00","2017","09","28","08:00","12.0","","7.3","","73","","32","","15","","16.1","","98.01","","","","","","NA"
"2017-09-28 09:00","2017","09","28","09:00","13.4","","6.6","","63","","32","","24","","16.1","","98.07","","","","","","NA"
"2017-09-28 10:00","2017","09","28","10:00","15.1","","7.0","","58","","31","","18","","16.1","","98.06","","","","","","NA"
"2017-09-28 11:00","2017","09","28","11:00","14.6","","5.9","","56","","31","","18","","16.1","","98.07","","","","","","NA"
"2017-09-28 12:00","2017","09","28","12:00","15.8","","5.8","","51","","29","","28","","16.1","","98.05","","","","","","NA"
"2017-09-28 13:00","2017","09","28","13:00","15.6","","5.0","","49","","31","","22","","16.1","","98.02","","","","","","NA"
"2017-09-28 14:00","2017","09","28","14:00","15.5","","5.9","","52","","30","","26","","16.1","","98.00","","","","","","NA"
"2017-09-28 15:00","2017","09","28","15:00","15.3","","5.2","","51","","31","","18","","16.1","","98.00","","","","","","NA"
"2017-09-28 16:00","2017","09","28","16:00","14.8","","4.6","","50","","31","","13","","16.1","","98.01","","","","","","NA"
"2017-09-28 17:00","2017","09","28","17:00","14.5","","5.6","","55","","33","","17","","16.1","","98.03","","","","","","NA"
"2017-09-28 18:00","2017","09","28","18:00","12.1","","6.0","","66","","32","","8","","16.1","","98.02","","","","","","NA"
"2017-09-28 19:00","2017","09","28","19:00","10.3","","5.9","","74","","31","","9","","16.1","","98.04","","","","","","NA"
"2017-09-28 20:00","2017","09","28","20:00","8.9","","6.7","","86","","28","","4","","16.1","","98.07","","","","","","NA"
"2017-09-28 21:00","2017","09","28","21:00","6.0","","5.4","","96","","35","","4","","16.1","","98.07","","","","","","NA"
"2017-09-28 22:00","2017","09","28","22:00","5.3","","4.9","","97","","","","0","","16.1","","98.09","","","","","","NA"
"2017-09-28 23:00","2017","09","28","23:00","5.1","","4.8","","98","","","","0","","9.7","","98.09","","","","","","Fog"
"2017-09-29 00:00","2017","09","29","00:00","5.9","","5.8","","99","","6","","4","","16.1","","98.07","","","","","","NA"
"2017-09-29 01:00","2017","09","29","01:00","7.2","","6.2","","93","","","","0","","16.1","","98.05","","","","","","NA"
"2017-09-29 02:00","2017","09","29","02:00","6.6","","6.1","","97","","10","","5","","16.1","","98.03","","","","","","NA"
"2017-09-29 03:00","2017","09","29","03:00","7.1","","6.2","","94","","","M","4","","16.1","","98.01","","","","","","NA"
"2017-09-29 04:00","2017","09","29","04:00","6.5","","5.7","","95","","13","","4","","16.1","","97.96","","","","","","NA"
"2017-09-29 05:00","2017","09","29","05:00","6.6","","5.4","","92","","13","","5","","16.1","","97.91","","","","","","NA"
"2017-09-29 06:00","2017","09","29","06:00","8.9","","6.8","","86","","14","","13","","16.1","","97.87","","","","","","NA"
"2017-09-29 07:00","2017","09","29","07:00","9.9","","7.7","","86","","15","","13","","16.1","","97.91","","","","","","Rain"
"2017-09-29 08:00","2017","09","29","08:00","9.6","","8.2","","91","","16","","5","","6.4","","97.88","","","","","","Moderate Rain,Fog"
"2017-09-29 09:00","2017","09","29","09:00","10.3","","9.5","","95","","16","","15","","16.1","","97.77","","","","","","Rain"
"2017-09-29 10:00","2017","09","29","10:00","12.3","","11.2","","93","","20","","17","","16.1","","97.70","","","","","","NA"
"2017-09-29 11:00","2017","09","29","11:00","15.3","","12.6","","84","","23","","22","","16.1","","97.64","","","","","","NA"
"2017-09-29 12:00","2017","09","29","12:00","15.8","","11.2","","74","","24","","32","","16.1","","97.54","","","","","","NA"
"2017-09-29 13:00","2017","09","29","13:00","15.9","","12.9","","82","","26","","32","","16.1","","97.53","","","","","","Thunderstorms"
"2017-09-29 14:00","2017","09","29","14:00","12.1","","10.8","","92","","29","","34","","9.7","","97.60","","","","","","Rain,Fog"
"2017-09-29 15:00","2017","09","29","15:00","13.5","","8.7","","72","","30","","37","","16.1","","97.60","","","","","","NA"
"2017-09-29 16:00","2017","09","29","16:00","12.1","","7.1","","71","","30","","46","","16.1","","97.67","","","","","","NA"
"2017-09-29 17:00","2017","09","29","17:00","11.2","","6.4","","72","","30","","43","","16.1","","97.76","","","","","","NA"
"2017-09-29 18:00","2017","09","29","18:00","9.8","","6.4","","79","","31","","43","","16.1","","97.86","","","","","","NA"
"2017-09-29 19:00","2017","09","29","19:00","8.9","","5.4","","79","","33","","35","","16.1","","97.99","","","","","","NA"
"2017-09-29 20:00","2017","09","29","20:00","8.9","","5.5","","79","","33","","34","","16.1","","98.10","","","","","","NA"
"2017-09-29 21:00","2017","09","29","21:00","8.5","","5.3","","80","","34","","28","","16.1","","98.22","","","","","","NA"
"2017-09-29 22:00","2017","09","29","22:00","8.5","","5.4","","81","","34","","24","","16.1","","98.33","","","","","","NA"
"2017-09-29 23:00","2017","09","29","23:00","7.5","","5.0","","84","","35","","15","","16.1","","98.43","","","","","","NA"
"2017-09-30 00:00","2017","09","30","00:00","6.9","","5.1","","88","","33","","15","","16.1","","98.50","","","","","","NA"
"2017-09-30 01:00","2017","09","30","01:00","6.2","","4.7","","90","","36","","8","","16.1","","98.56","","","","","","NA"
"2017-09-30 02:00","2017","09","30","02:00","6.1","","4.9","","92","","34","","5","","16.1","","98.62","","","","","","NA"
"2017-09-30 03:00","2017","09","30","03:00","7.7","","5.9","","88","","1","","11","","16.1","","98.69","","","","","","NA"
"2017-09-30 04:00","2017","09","30","04:00","7.1","","4.7","","85","","35","","11","","16.1","","98.74","","","","","","NA"
"2017-09-30 05:00","2017","09","30","05:00","5.5","","3.7","","88","","33","","11","","16.1","","98.84","","","","","","NA"
"2017-09-30 06:00","2017","09","30","06:00","4.7","","3.3","","90","","33","","11","","16.1","","98.91","","","","","","NA"
"2017-09-30 07:00","2017","09","30","07:00","5.1","","3.4","","89","","32","","9","","16.1","","98.97","","","","","","NA"
"2017-09-30 08:00","2017","09","30","08:00","7.4","","4.0","","79","","35","","11","","16.1","","99.02","","","","","","NA"
"2017-09-30 09:00","2017","09","30","09:00","9.5","","3.1","","64","","36","","22","","16.1","","99.07","","","","","","NA"
"2017-09-30 10:00","2017","09","30","10:00","10.7","","3.4","","61","","35","","22","","16.1","","99.12","","","","","","NA"
"2017-09-30 11:00","2017","09","30","11:00","11.5","","2.9","","55","","2","","17","","16.1","","99.17","","","","","","NA"
"2017-09-30 12:00","2017","09","30","12:00","12.6","","3.4","","53","","31","","11","","16.1","","99.17","","","","","","NA"
"2017-09-30 13:00","2017","09","30","13:00","12.7","","3.6","","54","","32","","17","","16.1","","99.14","","","","","","NA"
"2017-09-30 14:00","2017","09","30","14:00","14.0","","3.0","","47","","2","","17","","16.1","","99.06","","","","","","NA"
"2017-09-30 15:00","2017","09","30","15:00","14.1","","2.9","","47","","","M","5","","16.1","","99.02","","","","","","NA"
"2017-09-30 16:00","2017","09","30","16:00","14.4","","3.1","","46","","29","","9","","16.1","","99.01","","","","","","NA"
"2017-09-30 17:00","2017","09","30","17:00","13.7","","2.0","","45","","","M","4","","16.1","","99.00","","","","","","NA"
"2017-09-30 18:00","2017","09","30","18:00","10.8","","4.2","","64","","33","","5","","16.1","","99.02","","","","","","NA"
"2017-09-30 19:00","2017","09","30","19:00","9.2","","4.6","","73","","33","","5","","16.1","","99.06","","","","","","NA"
"2017-09-30 20:00","2017","09","30","20:00","5.3","","3.8","","90","","","","0","","16.1","","99.09","","","","","","NA"
"2017-09-30 21:00","2017","09","30","21:00","4.3","","3.2","","93","","4","","5","","16.1","","99.11","","","","","","NA"
"2017-09-30 22:00","2017","09","30","22:00","4.8","","2.4","","84","","7","","4","","16.1","","99.14","","","","","","NA"
"2017-09-30 23:00","2017","09","30","23:00","3.2","","2.5","","95","","","","0","","16.1","","99.13","","","","","","NA"
