"Station Name","LONDON CS"
"Province","ONTARIO"
"Latitude","43.03"
"Longitude","-81.15"
"Elevation","278.00"
"Climate Identifier","6144478"
"WMO Identifier","71622"
"TC Identifier","WSN"
"All times are specified in Local Standard Time (LST). Add 1 hour to adjust for Daylight Saving Time where and when it is observed."

"Legend"
"E","Estimated"
"M","Missing"
"NA","Not Available"

"Date/Time","Year","Month","Day","Time","Temp (°C)","Temp Flag","Dew Point Temp (°C)","Dew Point Temp Flag","Rel Hum (%)","Rel Hum Flag","Wind Dir (10s deg)","Wind Dir Flag","Wind Spd (km/h)","Wind Spd Flag","Visibility (km)","Visibility Flag","Stn Press (kPa)","Stn Press Flag","Hmdx","Hmdx Flag","Wind Chill","Wind Chill Flag","Weather"
"2016-06-01 00:00","2016","06","01","00:00","15.4","","8.3","","62","","","M","","M","","","98.54","","","","","","NA"
"2016-06-01 01:00","2016","06","01","01:00","14.2","","8.2","","67","","","M","","M","","","98.57","","","","","","NA"
"2016-06-01 02:00","2016","06","01","02:00","13.7","","8.2","","70","","","M","","M","","","98.62","","","","","","NA"
"2016-06-01 03:00","2016","06","01","03:00","14.3","","8.1","","66","","","M","","M","","","98.63","","","","","","NA"
"2016-06-01 04:00","2016","06","01","04:00","14.1","","8.0","","67","","","M","","M","","","98.61","","","","","","NA"
"2016-06-01 05:00","2016","06","01","05:00","13.4","","8.4","","72","","","M","","M","","","98.67","","","","","","NA"
"2016-06-01 06:00","2016","06","01","06:00","13.8","","8.5","","70","","","M","","M","","","98.68","","","","","","NA"
"2016-06-01 07:00","2016","06","01","07:00","14.6","","8.1","","65","","","M","","M","","","98.73","","","","","","NA"
"2016-06-01 08:00","2016","06","01","08:00","16.5","","8.5","","59","","","M","","M","","","98.61","","","","","","NA"
"2016-06-01 09:00","2016","06","01","09:00","18.5","","9.2","","55","","","M","","M","","","98.64","","","","","","NA"
"2016-06-01 10:00","2016","06","01","10:00","19.9","","8.8","","49","","","M","","M","","","98.61","","","","","","NA"
"2016-06-01 11:00","2016","06","01","11:00","21.9","","9.9","","46","","","M","","M","","","98.56","","","","","","NA"
"2016-06-01 12:00","2016","06","01","12:00","23.4","","9.6","","42","","","M","","M","","","98.48","","","","","","NA"
"2016-06-01 13:00","2016","06","01","13:00","25.1","","9.3","","37","","","M","","M","","","98.39","","26","","","","NA"
"2016-06-01 14:00","2016","06","01","14:00","26.2","","9.4","","35","","","M","","M","","","98.33","","27","","","","NA"
"2016-06-01 15:00","2016","06","01","15:00","26.3","","8.6","","33","","","M","","M","","","98.30","","27","","","","NA"
"2016-06-01 16:00","2016","06","01","16:00","27.4","","10.6","","35","","","M","","M","","","98.25","","29","","","","NA"
"2016-06-01 17:00","2016","06","01","17:00","25.7","","10.8","","39","","","M","","M","","","98.23","","27","","","","NA"
"2016-06-01 18:00","2016","06","01","18:00","24.5","","10.9","","43","","","M","","M","","","98.20","","26","","","","NA"
"2016-06-01 19:00","2016","06","01","19:00","21.9","","10.0","","47","","","M","","M","","","98.20","","","","","","NA"
"2016-06-01 20:00","2016","06","01","20:00","19.8","","8.7","","49","","","M","","M","","","98.22","","","","","","NA"
"2016-06-01 21:00","2016","06","01","21:00","18.4","","9.4","","56","","","M","","M","","","98.25","","","","","","NA"
"2016-06-01 22:00","2016","06","01","22:00","17.9","","9.1","","57","","","M","","M","","","98.30","","","","","","NA"
"2016-06-01 23:00","2016","06","01","23:00","17.6","","9.4","","59","","","M","","M","","","98.22","","","","","","NA"
"2016-06-02 00:00","2016","06","02","00:00","17.1","","9.2","","60","","","M","","M","","","98.16","","","","","","NA"
"2016-06-02 01:00","2016","06","02","01:00","17.2","","10.5","","65","","","M","","M","","","98.12","","","","","","NA"
"2016-06-02 02:00","2016","06","02","02:00","17.4","","10.6","","64","","","M","","M","","","98.05","","","","","","NA"
"2016-06-02 03:00","2016","06","02","03:00","16.7","","11.2","","70","","","M","","M","","","98.07","","","","","","NA"
"2016-06-02 04:00","2016","06","02","04:00","17.0","","11.6","","71","","","M","","M","","","98.08","","","","","","NA"
"2016-06-02 05:00","2016","06","02","05:00","15.6","","11.7","","77","","","M","","M","","","98.07","","","","","","NA"
"2016-06-02 06:00","2016","06","02","06:00","16.6","","12.4","","76","","","M","","M","","","98.13","","","","","","NA"
"2016-06-02 07:00","2016","06","02","07:00","17.9","","13.2","","74","","","M","","M","","","98.23","","","","","","NA"
"2016-06-02 08:00","2016","06","02","08:00","20.4","","13.1","","63","","","M","","M","","","98.26","","","","","","NA"
"2016-06-02 09:00","2016","06","02","09:00","22.6","","14.5","","60","","","M","","M","","","98.26","","26","","","","NA"
"2016-06-02 10:00","2016","06","02","10:00","24.3","","15.4","","58","","","M","","M","","","98.25","","29","","","","NA"
"2016-06-02 11:00","2016","06","02","11:00","25.9","","15.4","","52","","","M","","M","","","98.25","","30","","","","NA"
"2016-06-02 12:00","2016","06","02","12:00","26.4","","14.3","","47","","","M","","M","","","98.24","","30","","","","NA"
"2016-06-02 13:00","2016","06","02","13:00","26.5","","14.5","","48","","","M","","M","","","98.23","","30","","","","NA"
"2016-06-02 14:00","2016","06","02","14:00","26.8","","14.6","","47","","","M","","M","","","98.19","","31","","","","NA"
"2016-06-02 15:00","2016","06","02","15:00","28.1","","11.4","","35","","","M","","M","","","98.13","","30","","","","NA"
"2016-06-02 16:00","2016","06","02","16:00","27.1","","11.5","","38","","","M","","M","","","98.12","","29","","","","NA"
"2016-06-02 17:00","2016","06","02","17:00","27.6","","9.9","","33","","","M","","M","","","98.12","","29","","","","NA"
"2016-06-02 18:00","2016","06","02","18:00","27.1","","8.3","","31","","","M","","M","","","98.12","","28","","","","NA"
"2016-06-02 19:00","2016","06","02","19:00","24.9","","8.6","","35","","","M","","M","","","98.17","","26","","","","NA"
"2016-06-02 20:00","2016","06","02","20:00","23.1","","9.3","","41","","","M","","M","","","98.19","","","","","","NA"
"2016-06-02 21:00","2016","06","02","21:00","21.0","","10.1","","50","","","M","","M","","","98.27","","","","","","NA"
"2016-06-02 22:00","2016","06","02","22:00","19.9","","10.1","","53","","","M","","M","","","98.33","","","","","","NA"
"2016-06-02 23:00","2016","06","02","23:00","17.1","","10.6","","66","","","M","","M","","","98.38","","","","","","NA"
"2016-06-03 00:00","2016","06","03","00:00","15.7","","10.4","","71","","","M","","M","","","98.39","","","","","","NA"
"2016-06-03 01:00","2016","06","03","01:00","14.4","","10.5","","77","","","M","","M","","","98.37","","","","","","NA"
"2016-06-03 02:00","2016","06","03","02:00","14.7","","10.7","","77","","","M","","M","","","98.33","","","","","","NA"
"2016-06-03 03:00","2016","06","03","03:00","12.8","","10.5","","86","","","M","","M","","","98.37","","","","","","NA"
"2016-06-03 04:00","2016","06","03","04:00","13.7","","10.4","","81","","","M","","M","","","98.39","","","","","","NA"
"2016-06-03 05:00","2016","06","03","05:00","13.0","","9.9","","82","","","M","","M","","","98.40","","","","","","NA"
"2016-06-03 06:00","2016","06","03","06:00","14.4","","10.3","","76","","","M","","M","","","98.41","","","","","","NA"
"2016-06-03 07:00","2016","06","03","07:00","17.9","","11.9","","68","","","M","","M","","","98.42","","","","","","NA"
"2016-06-03 08:00","2016","06","03","08:00","20.7","","12.4","","59","","","M","","M","","","98.43","","","","","","NA"
"2016-06-03 09:00","2016","06","03","09:00","21.5","","12.6","","57","","","M","","M","","","98.49","","","","","","NA"
"2016-06-03 10:00","2016","06","03","10:00","23.0","","11.8","","49","","","M","","M","","","98.45","","25","","","","NA"
"2016-06-03 11:00","2016","06","03","11:00","23.7","","11.3","","46","","","M","","M","","","98.44","","26","","","","NA"
"2016-06-03 12:00","2016","06","03","12:00","24.9","","10.2","","39","","","M","","M","","","98.40","","26","","","","NA"
"2016-06-03 13:00","2016","06","03","13:00","25.1","","8.1","","34","","","M","","M","","","98.38","","26","","","","NA"
"2016-06-03 14:00","2016","06","03","14:00","26.0","","9.5","","35","","","M","","M","","","98.36","","27","","","","NA"
"2016-06-03 15:00","2016","06","03","15:00","26.5","","8.5","","32","","","M","","M","","","98.33","","27","","","","NA"
"2016-06-03 16:00","2016","06","03","16:00","26.5","","10.5","","36","","","M","","M","","","98.29","","28","","","","NA"
"2016-06-03 17:00","2016","06","03","17:00","25.0","","9.9","","38","","","M","","M","","","98.32","","26","","","","NA"
"2016-06-03 18:00","2016","06","03","18:00","24.3","","9.4","","39","","","M","","M","","","98.35","","25","","","","NA"
"2016-06-03 19:00","2016","06","03","19:00","23.1","","9.2","","41","","","M","","M","","","98.40","","","","","","NA"
"2016-06-03 20:00","2016","06","03","20:00","21.6","","9.0","","45","","","M","","M","","","98.43","","","","","","NA"
"2016-06-03 21:00","2016","06","03","21:00","20.7","","8.5","","46","","","M","","M","","","98.46","","","","","","NA"
"2016-06-03 22:00","2016","06","03","22:00","19.5","","9.1","","51","","","M","","M","","","98.46","","","","","","NA"
"2016-06-03 23:00","2016","06","03","23:00","19.0","","9.8","","55","","","M","","M","","","98.49","","","","","","NA"
"2016-06-04 00:00","2016","06","04","00:00","17.2","","10.0","","63","","","M","","M","","","98.49","","","","","","NA"
"2016-06-04 01:00","2016","06","04","01:00","16.7","","10.5","","66","","","M","","M","","","98.44","","","","","","NA"
"2016-06-04 02:00","2016","06","04","02:00","16.6","","9.5","","63","","","M","","M","","","98.41","","","","","","NA"
"2016-06-04 03:00","2016","06","04","03:00","15.3","","9.1","","66","","","M","","M","","","98.42","","","","","","NA"
"2016-06-04 04:00","2016","06","04","04:00","15.3","","9.4","","68","","","M","","M","","","98.39","","","","","","NA"
"2016-06-04 05:00","2016","06","04","05:00","14.2","","9.5","","74","","","M","","M","","","98.40","","","","","","NA"
"2016-06-04 06:00","2016","06","04","06:00","15.5","","9.9","","69","","","M","","M","","","98.41","","","","","","NA"
"2016-06-04 07:00","2016","06","04","07:00","16.6","","10.0","","65","","","M","","M","","","98.40","","","","","","NA"
"2016-06-04 08:00","2016","06","04","08:00","18.2","","9.6","","57","","","M","","M","","","98.39","","","","","","NA"
"2016-06-04 09:00","2016","06","04","09:00","20.0","","10.7","","55","","","M","","M","","","98.38","","","","","","NA"
"2016-06-04 10:00","2016","06","04","10:00","22.1","","11.6","","52","","","M","","M","","","98.31","","","","","","NA"
"2016-06-04 11:00","2016","06","04","11:00","24.0","","11.4","","45","","","M","","M","","","98.25","","26","","","","NA"
"2016-06-04 12:00","2016","06","04","12:00","24.6","","12.3","","46","","","M","","M","","","98.17","","27","","","","NA"
"2016-06-04 13:00","2016","06","04","13:00","25.6","","12.8","","45","","","M","","M","","","98.11","","28","","","","NA"
"2016-06-04 14:00","2016","06","04","14:00","25.9","","11.1","","40","","","M","","M","","","98.03","","28","","","","NA"
"2016-06-04 15:00","2016","06","04","15:00","25.5","","13.3","","47","","","M","","M","","","97.97","","28","","","","NA"
"2016-06-04 16:00","2016","06","04","16:00","25.1","","8.1","","34","","","M","","M","","","97.89","","26","","","","NA"
"2016-06-04 17:00","2016","06","04","17:00","24.7","","8.6","","36","","","M","","M","","","97.83","","25","","","","NA"
"2016-06-04 18:00","2016","06","04","18:00","24.0","","8.4","","37","","","M","","M","","","97.79","","25","","","","NA"
"2016-06-04 19:00","2016","06","04","19:00","23.3","","7.6","","37","","","M","","M","","","97.75","","","","","","NA"
"2016-06-04 20:00","2016","06","04","20:00","20.8","","11.3","","54","","","M","","M","","","97.72","","","","","","NA"
"2016-06-04 21:00","2016","06","04","21:00","17.1","","14.7","","86","","","M","","M","","","97.70","","","","","","NA"
"2016-06-04 22:00","2016","06","04","22:00","16.7","","15.1","","90","","","M","","M","","","97.60","","","","","","NA"
"2016-06-04 23:00","2016","06","04","23:00","17.0","","15.9","","93","","","M","","M","","","97.48","","","","","","NA"
"2016-06-05 00:00","2016","06","05","00:00","15.8","","14.0","","89","","","M","","M","","","97.33","","","","","","NA"
"2016-06-05 01:00","2016","06","05","01:00","15.7","","14.3","","92","","","M","","M","","","97.19","","","","","","NA"
"2016-06-05 02:00","2016","06","05","02:00","16.1","","15.0","","93","","","M","","M","","","97.09","","","","","","NA"
"2016-06-05 03:00","2016","06","05","03:00","16.6","","15.7","","95","","","M","","M","","","96.97","","","","","","NA"
"2016-06-05 04:00","2016","06","05","04:00","18.4","","17.6","","95","","","M","","M","","","96.90","","","","","","NA"
"2016-06-05 05:00","2016","06","05","05:00","18.4","","17.2","","93","","","M","","M","","","96.93","","","","","","NA"
"2016-06-05 06:00","2016","06","05","06:00","18.0","","16.3","","90","","","M","","M","","","97.00","","","","","","NA"
"2016-06-05 07:00","2016","06","05","07:00","17.9","","16.2","","90","","","M","","M","","","97.00","","","","","","NA"
"2016-06-05 08:00","2016","06","05","08:00","18.3","","16.5","","89","","","M","","M","","","96.97","","","","","","NA"
"2016-06-05 09:00","2016","06","05","09:00","19.0","","16.7","","87","","","M","","M","","","96.96","","","","","","NA"
"2016-06-05 10:00","2016","06","05","10:00","20.5","","16.3","","77","","","M","","M","","","96.90","","25","","","","NA"
"2016-06-05 11:00","2016","06","05","11:00","22.3","","16.2","","68","","","M","","M","","","96.88","","27","","","","NA"
"2016-06-05 12:00","2016","06","05","12:00","23.3","","15.6","","62","","","M","","M","","","96.81","","28","","","","NA"
"2016-06-05 13:00","2016","06","05","13:00","20.2","","14.8","","71","","","M","","M","","","96.84","","","","","","NA"
"2016-06-05 14:00","2016","06","05","14:00","19.0","","15.6","","81","","","M","","M","","","96.79","","","","","","NA"
"2016-06-05 15:00","2016","06","05","15:00","18.0","","16.5","","91","","","M","","M","","","96.75","","","","","","NA"
"2016-06-05 16:00","2016","06","05","16:00","20.4","","16.3","","77","","","M","","M","","","96.70","","25","","","","NA"
"2016-06-05 17:00","2016","06","05","17:00","20.8","","15.0","","69","","","M","","M","","","96.68","","25","","","","NA"
"2016-06-05 18:00","2016","06","05","18:00","17.8","","13.7","","77","","","M","","M","","","96.77","","","","","","NA"
"2016-06-05 19:00","2016","06","05","19:00","18.3","","13.9","","75","","","M","","M","","","96.83","","","","","","NA"
"2016-06-05 20:00","2016","06","05","20:00","18.0","","13.1","","73","","","M","","M","","","96.89","","","","","","NA"
"2016-06-05 21:00","2016","06","05","21:00","17.0","","13.0","","77","","","M","","M","","","96.98","","","","","","NA"
"2016-06-05 22:00","2016","06","05","22:00","16.3","","13.3","","82","","","M","","M","","","97.00","","","","","","NA"
"2016-06-05 23:00","2016","06","05","23:00","16.9","","12.6","","76","","","M","","M","","","97.01","","","","","","NA"
"2016-06-06 00:00","2016","06","06","00:00","16.2","","11.8","","75","","","M","","M","","","97.00","","","","","","NA"
"2016-06-06 01:00","2016","06","06","01:00","15.5","","11.4","","77","","","M","","M","","","96.92","","","","","","NA"
"2016-06-06 02:00","2016","06","06","02:00","15.7","","11.6","","77","","","M","","M","","","96.91","","","","","","NA"
"2016-06-06 03:00","2016","06","06","03:00","15.7","","11.7","","78","","","M","","M","","","96.86","","","","","","NA"
"2016-06-06 04:00","2016","06","06","04:00","15.7","","11.9","","78","","","M","","M","","","96.89","","","","","","NA"
"2016-06-06 05:00","2016","06","06","05:00","15.7","","11.8","","78","","","M","","M","","","96.92","","","","","","NA"
"2016-06-06 06:00","2016","06","06","06:00","15.6","","11.5","","77","","","M","","M","","","96.99","","","","","","NA"
"2016-06-06 07:00","2016","06","06","07:00","16.1","","11.4","","74","","","M","","M","","","97.07","","","","","","NA"
"2016-06-06 08:00","2016","06","06","08:00","17.2","","11.0","","67","","","M","","M","","","97.11","","","","","","NA"
"2016-06-06 09:00","2016","06","06","09:00","18.5","","10.9","","61","","","M","","M","","","97.14","","","","","","NA"
"2016-06-06 10:00","2016","06","06","10:00","20.0","","10.8","","55","","","M","","M","","","97.15","","","","","","NA"
"2016-06-06 11:00","2016","06","06","11:00","21.7","","10.6","","49","","","M","","M","","","97.14","","","","","","NA"
"2016-06-06 12:00","2016","06","06","12:00","22.8","","10.4","","46","","","M","","M","","","97.13","","","","","","NA"
"2016-06-06 13:00","2016","06","06","13:00","23.4","","9.8","","42","","","M","","M","","","97.09","","25","","","","NA"
"2016-06-06 14:00","2016","06","06","14:00","23.9","","10.9","","44","","","M","","M","","","97.05","","26","","","","NA"
"2016-06-06 15:00","2016","06","06","15:00","24.6","","9.0","","37","","","M","","M","","","96.95","","25","","","","NA"
"2016-06-06 16:00","2016","06","06","16:00","23.5","","8.6","","39","","","M","","M","","","96.89","","","","","","NA"
"2016-06-06 17:00","2016","06","06","17:00","21.2","","12.7","","58","","","M","","M","","","96.85","","","","","","NA"
"2016-06-06 18:00","2016","06","06","18:00","16.1","","13.3","","83","","","M","","M","","","96.96","","","","","","NA"
"2016-06-06 19:00","2016","06","06","19:00","16.0","","12.4","","80","","","M","","M","","","96.97","","","","","","NA"
"2016-06-06 20:00","2016","06","06","20:00","15.4","","13.5","","88","","","M","","M","","","96.93","","","","","","NA"
"2016-06-06 21:00","2016","06","06","21:00","15.3","","13.5","","89","","","M","","M","","","96.89","","","","","","NA"
"2016-06-06 22:00","2016","06","06","22:00","15.4","","12.6","","84","","","M","","M","","","96.97","","","","","","NA"
"2016-06-06 23:00","2016","06","06","23:00","14.2","","12.9","","92","","","M","","M","","","96.90","","","","","","NA"
"2016-06-07 00:00","2016","06","07","00:00","13.4","","12.4","","94","","","M","","M","","","96.91","","","","","","NA"
"2016-06-07 01:00","2016","06","07","01:00","13.1","","12.4","","95","","","M","","M","","","96.91","","","","","","NA"
"2016-06-07 02:00","2016","06","07","02:00","13.3","","12.4","","94","","","M","","M","","","96.90","","","","","","NA"
"2016-06-07 03:00","2016","06","07","03:00","12.4","","11.1","","91","","","M","","M","","","96.89","","","","","","NA"
"2016-06-07 04:00","2016","06","07","04:00","12.6","","11.3","","92","","","M","","M","","","96.91","","","","","","NA"
"2016-06-07 05:00","2016","06","07","05:00","11.9","","10.9","","94","","","M","","M","","","96.99","","","","","","NA"
"2016-06-07 06:00","2016","06","07","06:00","12.4","","10.8","","90","","","M","","M","","","97.02","","","","","","NA"
"2016-06-07 07:00","2016","06","07","07:00","13.4","","10.9","","85","","","M","","M","","","97.05","","","","","","NA"
"2016-06-07 08:00","2016","06","07","08:00","13.5","","10.0","","79","","","M","","M","","","97.09","","","","","","NA"
"2016-06-07 09:00","2016","06","07","09:00","14.0","","9.6","","75","","","M","","M","","","97.13","","","","","","NA"
"2016-06-07 10:00","2016","06","07","10:00","14.5","","10.6","","78","","","M","","M","","","97.16","","","","","","NA"
"2016-06-07 11:00","2016","06","07","11:00","14.7","","10.5","","76","","","M","","M","","","97.22","","","","","","NA"
"2016-06-07 12:00","2016","06","07","12:00","14.6","","10.9","","79","","","M","","M","","","97.26","","","","","","NA"
"2016-06-07 13:00","2016","06","07","13:00","14.1","","10.7","","80","","","M","","M","","","97.30","","","","","","NA"
"2016-06-07 14:00","2016","06","07","14:00","15.3","","9.9","","70","","","M","","M","","","97.32","","","","","","NA"
"2016-06-07 15:00","2016","06","07","15:00","15.6","","9.8","","68","","","M","","M","","","97.33","","","","","","NA"
"2016-06-07 16:00","2016","06","07","16:00","15.1","","9.5","","69","","","M","","M","","","97.34","","","","","","NA"
"2016-06-07 17:00","2016","06","07","17:00","15.5","","10.1","","70","","","M","","M","","","97.37","","","","","","NA"
"2016-06-07 18:00","2016","06","07","18:00","15.4","","10.1","","71","","","M","","M","","","97.38","","","","","","NA"
"2016-06-07 19:00","2016","06","07","19:00","14.5","","9.6","","72","","","M","","M","","","97.41","","","","","","NA"
"2016-06-07 20:00","2016","06","07","20:00","14.0","","9.6","","75","","","M","","M","","","97.41","","","","","","NA"
"2016-06-07 21:00","2016","06","07","21:00","13.4","","9.6","","78","","","M","","M","","","97.42","","","","","","NA"
"2016-06-07 22:00","2016","06","07","22:00","13.0","","9.9","","81","","","M","","M","","","97.48","","","","","","NA"
"2016-06-07 23:00","2016","06","07","23:00","11.6","","6.8","","72","","","M","","M","","","97.50","","","","","","NA"
"2016-06-08 00:00","2016","06","08","00:00","9.7","","7.7","","88","","","M","","M","","","97.49","","","","","","NA"
"2016-06-08 01:00","2016","06","08","01:00","9.4","","8.3","","92","","","M","","M","","","97.46","","","","","","NA"
"2016-06-08 02:00","2016","06","08","02:00","9.5","","7.3","","87","","","M","","M","","","97.44","","","","","","NA"
"2016-06-08 03:00","2016","06","08","03:00","8.9","","5.8","","81","","","M","","M","","","97.47","","","","","","NA"
"2016-06-08 04:00","2016","06","08","04:00","8.6","","4.6","","76","","","M","","M","","","97.49","","","","","","NA"
"2016-06-08 05:00","2016","06","08","05:00","8.6","","5.2","","79","","","M","","M","","","97.56","","","","","","NA"
"2016-06-08 06:00","2016","06","08","06:00","8.7","","5.2","","79","","","M","","M","","","97.61","","","","","","NA"
"2016-06-08 07:00","2016","06","08","07:00","9.1","","5.9","","80","","","M","","M","","","97.67","","","","","","NA"
"2016-06-08 08:00","2016","06","08","08:00","10.4","","5.1","","70","","","M","","M","","","97.74","","","","","","NA"
"2016-06-08 09:00","2016","06","08","09:00","11.7","","4.5","","61","","","M","","M","","","97.80","","","","","","NA"
"2016-06-08 10:00","2016","06","08","10:00","10.1","","4.8","","70","","","M","","M","","","97.90","","","","","","NA"
"2016-06-08 11:00","2016","06","08","11:00","10.4","","3.8","","64","","","M","","M","","","97.94","","","","","","NA"
"2016-06-08 12:00","2016","06","08","12:00","10.4","","4.4","","67","","","M","","M","","","97.98","","","","","","NA"
"2016-06-08 13:00","2016","06","08","13:00","11.0","","5.4","","68","","","M","","M","","","97.99","","","","","","NA"
"2016-06-08 14:00","2016","06","08","14:00","10.7","","5.3","","69","","","M","","M","","","98.03","","","","","","NA"
"2016-06-08 15:00","2016","06","08","15:00","13.0","","5.0","","58","","","M","","M","","","98.05","","","","","","NA"
"2016-06-08 16:00","2016","06","08","16:00","14.0","","4.3","","52","","","M","","M","","","98.04","","","","","","NA"
"2016-06-08 17:00","2016","06","08","17:00","14.9","","5.2","","52","","","M","","M","","","98.05","","","","","","NA"
"2016-06-08 18:00","2016","06","08","18:00","15.1","","5.1","","51","","","M","","M","","","98.05","","","","","","NA"
"2016-06-08 19:00","2016","06","08","19:00","14.0","","5.0","","55","","","M","","M","","","98.07","","","","","","NA"
"2016-06-08 20:00","2016","06","08","20:00","11.8","","4.7","","62","","","M","","M","","","98.08","","","","","","NA"
"2016-06-08 21:00","2016","06","08","21:00","10.5","","4.3","","65","","","M","","M","","","98.12","","","","","","NA"
"2016-06-08 22:00","2016","06","08","22:00","9.7","","3.3","","64","","","M","","M","","","98.11","","","","","","NA"
"2016-06-08 23:00","2016","06","08","23:00","7.2","","3.4","","77","","","M","","M","","","98.15","","","","","","NA"
"2016-06-09 00:00","2016","06","09","00:00","6.9","","2.8","","75","","","M","","M","","","98.15","","","","","","NA"
"2016-06-09 01:00","2016","06","09","01:00","5.2","","3.1","","86","","","M","","M","","","98.16","","","","","","NA"
"2016-06-09 02:00","2016","06","09","02:00","5.7","","2.4","","80","","","M","","M","","","98.16","","","","","","NA"
"2016-06-09 03:00","2016","06","09","03:00","5.1","","2.5","","83","","","M","","M","","","98.19","","","","","","NA"
"2016-06-09 04:00","2016","06","09","04:00","4.8","","2.5","","86","","","M","","M","","","98.23","","","","","","NA"
"2016-06-09 05:00","2016","06","09","05:00","3.6","","2.3","","91","","","M","","M","","","98.25","","","","","","NA"
"2016-06-09 06:00","2016","06","09","06:00","7.7","","4.7","","81","","","M","","M","","","98.29","","","","","","NA"
"2016-06-09 07:00","2016","06","09","07:00","10.1","","4.7","","69","","","M","","M","","","98.37","","","","","","NA"
"2016-06-09 08:00","2016","06","09","08:00","12.1","","4.6","","60","","","M","","M","","","98.42","","","","","","NA"
"2016-06-09 09:00","2016","06","09","09:00","13.5","","4.8","","56","","","M","","M","","","98.44","","","","","","NA"
"2016-06-09 10:00","2016","06","09","10:00","15.0","","5.1","","52","","","M","","M","","","98.43","","","","","","NA"
"2016-06-09 11:00","2016","06","09","11:00","16.2","","4.4","","46","","","M","","M","","","98.46","","","","","","NA"
"2016-06-09 12:00","2016","06","09","12:00","17.1","","4.2","","42","","","M","","M","","","98.47","","","","","","NA"
"2016-06-09 13:00","2016","06","09","13:00","17.5","","3.6","","39","","","M","","M","","","98.47","","","","","","NA"
"2016-06-09 14:00","2016","06","09","14:00","18.0","","2.2","","35","","","M","","M","","","98.46","","","","","","NA"
"2016-06-09 15:00","2016","06","09","15:00","18.3","","2.4","","35","","","M","","M","","","98.41","","","","","","NA"
"2016-06-09 16:00","2016","06","09","16:00","18.7","","0.6","","30","","","M","","M","","","98.37","","","","","","NA"
"2016-06-09 17:00","2016","06","09","17:00","18.9","","1.8","","32","","","M","","M","","","98.36","","","","","","NA"
"2016-06-09 18:00","2016","06","09","18:00","18.6","","2.0","","33","","","M","","M","","","98.34","","","","","","NA"
"2016-06-09 19:00","2016","06","09","19:00","18.1","","1.2","","32","","","M","","M","","","98.33","","","","","","NA"
"2016-06-09 20:00","2016","06","09","20:00","16.7","","2.9","","40","","","M","","M","","","98.33","","","","","","NA"
"2016-06-09 21:00","2016","06","09","21:00","13.9","","5.6","","57","","","M","","M","","","98.40","","","","","","NA"
"2016-06-09 22:00","2016","06","09","22:00","13.2","","6.4","","64","","","M","","M","","","98.46","","","","","","NA"
"2016-06-09 23:00","2016","06","09","23:00","13.7","","4.8","","55","","","M","","M","","","98.50","","","","","","NA"
"2016-06-10 00:00","2016","06","10","00:00","13.3","","7.5","","68","","","M","","M","","","98.52","","","","","","NA"
"2016-06-10 01:00","2016","06","10","01:00","11.1","","6.5","","74","","","M","","M","","","98.51","","","","","","NA"
"2016-06-10 02:00","2016","06","10","02:00","9.9","","6.9","","82","","","M","","M","","","98.52","","","","","","NA"
"2016-06-10 03:00","2016","06","10","03:00","8.2","","6.4","","88","","","M","","M","","","98.55","","","","","","NA"
"2016-06-10 04:00","2016","06","10","04:00","7.9","","6.0","","88","","","M","","M","","","98.56","","","","","","NA"
"2016-06-10 05:00","2016","06","10","05:00","7.3","","5.3","","87","","","M","","M","","","98.57","","","","","","NA"
"2016-06-10 06:00","2016","06","10","06:00","9.6","","6.9","","83","","","M","","M","","","98.63","","","","","","NA"
"2016-06-10 07:00","2016","06","10","07:00","13.7","","6.7","","63","","","M","","M","","","98.65","","","","","","NA"
"2016-06-10 08:00","2016","06","10","08:00","16.7","","5.6","","48","","","M","","M","","","98.71","","","","","","NA"
"2016-06-10 09:00","2016","06","10","09:00","18.3","","2.6","","35","","","M","","M","","","98.74","","","","","","NA"
"2016-06-10 10:00","2016","06","10","10:00","19.6","","3.8","","35","","","M","","M","","","98.76","","","","","","NA"
"2016-06-10 11:00","2016","06","10","11:00","20.7","","5.7","","37","","","M","","M","","","98.71","","","","","","NA"
"2016-06-10 12:00","2016","06","10","12:00","21.5","","7.1","","39","","","M","","M","","","98.67","","","","","","NA"
"2016-06-10 13:00","2016","06","10","13:00","22.5","","8.2","","40","","","M","","M","","","98.59","","","","","","NA"
"2016-06-10 14:00","2016","06","10","14:00","22.7","","7.0","","36","","","M","","M","","","98.54","","","","","","NA"
"2016-06-10 15:00","2016","06","10","15:00","22.9","","7.4","","37","","","M","","M","","","98.49","","","","","","NA"
"2016-06-10 16:00","2016","06","10","16:00","23.0","","6.6","","35","","","M","","M","","","98.45","","","","","","NA"
"2016-06-10 17:00","2016","06","10","17:00","22.8","","7.4","","37","","","M","","M","","","98.41","","","","","","NA"
"2016-06-10 18:00","2016","06","10","18:00","22.3","","8.2","","40","","","M","","M","","","98.34","","","","","","NA"
"2016-06-10 19:00","2016","06","10","19:00","21.6","","9.3","","46","","","M","","M","","","98.25","","","","","","NA"
"2016-06-10 20:00","2016","06","10","20:00","19.3","","10.0","","55","","","M","","M","","","98.26","","","","","","NA"
"2016-06-10 21:00","2016","06","10","21:00","18.3","","9.2","","56","","","M","","M","","","98.24","","","","","","NA"
"2016-06-10 22:00","2016","06","10","22:00","16.9","","8.4","","57","","","M","","M","","","98.18","","","","","","NA"
"2016-06-10 23:00","2016","06","10","23:00","16.3","","7.1","","54","","","M","","M","","","98.16","","","","","","NA"
"2016-06-11 00:00","2016","06","11","00:00","16.5","","7.2","","54","","","M","","M","","","98.09","","","","","","NA"
"2016-06-11 01:00","2016","06","11","01:00","16.7","","7.6","","55","","","M","","M","","","97.99","","","","","","NA"
"2016-06-11 02:00","2016","06","11","02:00","17.9","","10.7","","63","","","M","","M","","","97.86","","","","","","NA"
"2016-06-11 03:00","2016","06","11","03:00","19.5","","16.0","","80","","","M","","M","","","97.74","","","","","","NA"
"2016-06-11 04:00","2016","06","11","04:00","19.4","","16.8","","85","","","M","","M","","","97.67","","","","","","NA"
"2016-06-11 05:00","2016","06","11","05:00","19.4","","17.4","","88","","","M","","M","","","97.68","","","","","","NA"
"2016-06-11 06:00","2016","06","11","06:00","21.2","","18.4","","84","","","M","","M","","","97.75","","28","","","","NA"
"2016-06-11 07:00","2016","06","11","07:00","22.1","","18.3","","79","","","M","","M","","","97.82","","28","","","","NA"
"2016-06-11 08:00","2016","06","11","08:00","24.7","","18.4","","68","","","M","","M","","","97.86","","31","","","","NA"
"2016-06-11 09:00","2016","06","11","09:00","26.0","","17.1","","58","","","M","","M","","","97.83","","31","","","","NA"
"2016-06-11 10:00","2016","06","11","10:00","27.2","","17.5","","56","","","M","","M","","","97.83","","33","","","","NA"
"2016-06-11 11:00","2016","06","11","11:00","28.0","","18.1","","55","","","M","","M","","","97.86","","34","","","","NA"
"2016-06-11 12:00","2016","06","11","12:00","28.8","","19.1","","56","","","M","","M","","","97.88","","36","","","","NA"
"2016-06-11 13:00","2016","06","11","13:00","28.5","","17.9","","53","","","M","","M","","","97.84","","34","","","","NA"
"2016-06-11 14:00","2016","06","11","14:00","29.9","","17.2","","47","","","M","","M","","","97.79","","35","","","","NA"
"2016-06-11 15:00","2016","06","11","15:00","30.3","","15.7","","41","","","M","","M","","","97.77","","35","","","","NA"
"2016-06-11 16:00","2016","06","11","16:00","31.2","","14.6","","37","","","M","","M","","","97.74","","35","","","","NA"
"2016-06-11 17:00","2016","06","11","17:00","31.4","","16.4","","41","","","M","","M","","","97.69","","36","","","","NA"
"2016-06-11 18:00","2016","06","11","18:00","30.5","","16.0","","42","","","M","","M","","","97.66","","35","","","","NA"
"2016-06-11 19:00","2016","06","11","19:00","29.8","","16.0","","43","","","M","","M","","","97.66","","34","","","","NA"
"2016-06-11 20:00","2016","06","11","20:00","27.5","","17.1","","53","","","M","","M","","","97.67","","33","","","","NA"
"2016-06-11 21:00","2016","06","11","21:00","26.4","","15.9","","53","","","M","","M","","","97.71","","31","","","","NA"
"2016-06-11 22:00","2016","06","11","22:00","23.7","","13.9","","54","","","M","","M","","","97.82","","27","","","","NA"
"2016-06-11 23:00","2016","06","11","23:00","20.2","","11.5","","58","","","M","","M","","","97.91","","","","","","NA"
"2016-06-12 00:00","2016","06","12","00:00","19.1","","10.6","","58","","","M","","M","","","97.96","","","","","","NA"
"2016-06-12 01:00","2016","06","12","01:00","17.6","","6.8","","49","","","M","","M","","","97.98","","","","","","NA"
"2016-06-12 02:00","2016","06","12","02:00","15.5","","6.4","","55","","","M","","M","","","98.02","","","","","","NA"
"2016-06-12 03:00","2016","06","12","03:00","13.8","","6.3","","60","","","M","","M","","","98.07","","","","","","NA"
"2016-06-12 04:00","2016","06","12","04:00","12.7","","6.1","","64","","","M","","M","","","98.14","","","","","","NA"
"2016-06-12 05:00","2016","06","12","05:00","11.7","","5.5","","66","","","M","","M","","","98.22","","","","","","NA"
"2016-06-12 06:00","2016","06","12","06:00","12.3","","5.4","","63","","","M","","M","","","98.22","","","","","","NA"
"2016-06-12 07:00","2016","06","12","07:00","13.6","","5.1","","56","","","M","","M","","","98.25","","","","","","NA"
"2016-06-12 08:00","2016","06","12","08:00","14.8","","3.5","","47","","","M","","M","","","98.25","","","","","","NA"
"2016-06-12 09:00","2016","06","12","09:00","15.7","","3.4","","44","","","M","","M","","","98.31","","","","","","NA"
"2016-06-12 10:00","2016","06","12","10:00","16.8","","5.0","","45","","","M","","M","","","98.33","","","","","","NA"
"2016-06-12 11:00","2016","06","12","11:00","17.4","","5.2","","45","","","M","","M","","","98.34","","","","","","NA"
"2016-06-12 12:00","2016","06","12","12:00","17.9","","5.0","","43","","","M","","M","","","98.37","","","","","","NA"
"2016-06-12 13:00","2016","06","12","13:00","17.1","","5.0","","45","","","M","","M","","","98.37","","","","","","NA"
"2016-06-12 14:00","2016","06","12","14:00","18.1","","6.0","","45","","","M","","M","","","98.37","","","","","","NA"
"2016-06-12 15:00","2016","06","12","15:00","18.5","","6.2","","44","","","M","","M","","","98.41","","","","","","NA"
"2016-06-12 16:00","2016","06","12","16:00","18.4","","5.8","","43","","","M","","M","","","98.44","","","","","","NA"
"2016-06-12 17:00","2016","06","12","17:00","18.0","","5.3","","43","","","M","","M","","","98.45","","","","","","NA"
"2016-06-12 18:00","2016","06","12","18:00","17.0","","5.8","","48","","","M","","M","","","98.48","","","","","","NA"
"2016-06-12 19:00","2016","06","12","19:00","17.2","","5.9","","47","","","M","","M","","","98.52","","","","","","NA"
"2016-06-12 20:00","2016","06","12","20:00","15.9","","5.8","","51","","","M","","M","","","98.55","","","","","","NA"
"2016-06-12 21:00","2016","06","12","21:00","13.8","","6.3","","60","","","M","","M","","","98.58","","","","","","NA"
"2016-06-12 22:00","2016","06","12","22:00","12.2","","6.9","","70","","","M","","M","","","98.59","","","","","","NA"
"2016-06-12 23:00","2016","06","12","23:00","11.5","","6.5","","71","","","M","","M","","","98.65","","","","","","NA"
"2016-06-13 00:00","2016","06","13","00:00","11.6","","6.3","","70","","","M","","M","","","98.63","","","","","","NA"
"2016-06-13 01:00","2016","06","13","01:00","11.2","","6.8","","74","","","M","","M","","","98.63","","","","","","NA"
"2016-06-13 02:00","2016","06","13","02:00","10.6","","6.4","","75","","","M","","M","","","98.57","","","","","","NA"
"2016-06-13 03:00","2016","06","13","03:00","9.8","","6.5","","80","","","M","","M","","","98.56","","","","","","NA"
"2016-06-13 04:00","2016","06","13","04:00","9.7","","6.5","","80","","","M","","M","","","98.54","","","","","","NA"
"2016-06-13 05:00","2016","06","13","05:00","8.8","","5.9","","82","","","M","","M","","","98.56","","","","","","NA"
"2016-06-13 06:00","2016","06","13","06:00","10.4","","6.9","","79","","","M","","M","","","98.61","","","","","","NA"
"2016-06-13 07:00","2016","06","13","07:00","12.8","","7.5","","70","","","M","","M","","","98.65","","","","","","NA"
"2016-06-13 08:00","2016","06","13","08:00","14.1","","7.1","","63","","","M","","M","","","98.66","","","","","","NA"
"2016-06-13 09:00","2016","06","13","09:00","16.1","","8.9","","62","","","M","","M","","","98.57","","","","","","NA"
"2016-06-13 10:00","2016","06","13","10:00","16.7","","7.3","","54","","","M","","M","","","98.52","","","","","","NA"
"2016-06-13 11:00","2016","06","13","11:00","18.5","","8.3","","52","","","M","","M","","","98.52","","","","","","NA"
"2016-06-13 12:00","2016","06","13","12:00","19.2","","8.3","","49","","","M","","M","","","98.44","","","","","","NA"
"2016-06-13 13:00","2016","06","13","13:00","18.5","","7.4","","48","","","M","","M","","","98.44","","","","","","NA"
"2016-06-13 14:00","2016","06","13","14:00","17.7","","9.8","","60","","","M","","M","","","98.42","","","","","","NA"
"2016-06-13 15:00","2016","06","13","15:00","16.1","","8.2","","60","","","M","","M","","","98.42","","","","","","NA"
"2016-06-13 16:00","2016","06","13","16:00","16.7","","8.2","","57","","","M","","M","","","98.33","","","","","","NA"
"2016-06-13 17:00","2016","06","13","17:00","16.1","","7.2","","55","","","M","","M","","","98.28","","","","","","NA"
"2016-06-13 18:00","2016","06","13","18:00","15.8","","6.1","","52","","","M","","M","","","98.29","","","","","","NA"
"2016-06-13 19:00","2016","06","13","19:00","15.5","","6.5","","55","","","M","","M","","","98.29","","","","","","NA"
"2016-06-13 20:00","2016","06","13","20:00","14.0","","7.3","","64","","","M","","M","","","98.30","","","","","","NA"
"2016-06-13 21:00","2016","06","13","21:00","12.6","","7.5","","71","","","M","","M","","","98.33","","","","","","NA"
"2016-06-13 22:00","2016","06","13","22:00","12.2","","7.2","","72","","","M","","M","","","98.36","","","","","","NA"
"2016-06-13 23:00","2016","06","13","23:00","10.2","","5.7","","74","","","M","","M","","","98.36","","","","","","NA"
"2016-06-14 00:00","2016","06","14","00:00","8.8","","6.5","","85","","","M","","M","","","98.38","","","","","","NA"
"2016-06-14 01:00","2016","06","14","01:00","8.8","","6.5","","85","","","M","","M","","","98.38","","","","","","NA"
"2016-06-14 02:00","2016","06","14","02:00","8.4","","6.6","","89","","","M","","M","","","98.39","","","","","","NA"
"2016-06-14 03:00","2016","06","14","03:00","9.8","","6.5","","80","","","M","","M","","","98.39","","","","","","NA"
"2016-06-14 04:00","2016","06","14","04:00","8.5","","6.2","","86","","","M","","M","","","98.41","","","","","","NA"
"2016-06-14 05:00","2016","06","14","05:00","8.2","","6.3","","88","","","M","","M","","","98.44","","","","","","NA"
"2016-06-14 06:00","2016","06","14","06:00","10.6","","6.7","","77","","","M","","M","","","98.45","","","","","","NA"
"2016-06-14 07:00","2016","06","14","07:00","13.1","","7.4","","68","","","M","","M","","","98.55","","","","","","NA"
"2016-06-14 08:00","2016","06","14","08:00","14.7","","7.9","","64","","","M","","M","","","98.57","","","","","","NA"
"2016-06-14 09:00","2016","06","14","09:00","16.2","","8.8","","62","","","M","","M","","","98.56","","","","","","NA"
"2016-06-14 10:00","2016","06","14","10:00","17.7","","8.5","","55","","","M","","M","","","98.52","","","","","","NA"
"2016-06-14 11:00","2016","06","14","11:00","18.8","","8.2","","50","","","M","","M","","","98.50","","","","","","NA"
"2016-06-14 12:00","2016","06","14","12:00","20.7","","8.7","","46","","","M","","M","","","98.47","","","","","","NA"
"2016-06-14 13:00","2016","06","14","13:00","21.0","","6.3","","38","","","M","","M","","","98.41","","","","","","NA"
"2016-06-14 14:00","2016","06","14","14:00","21.7","","5.5","","35","","","M","","M","","","98.39","","","","","","NA"
"2016-06-14 15:00","2016","06","14","15:00","22.4","","6.0","","34","","","M","","M","","","98.35","","","","","","NA"
"2016-06-14 16:00","2016","06","14","16:00","23.0","","6.0","","33","","","M","","M","","","98.29","","","","","","NA"
"2016-06-14 17:00","2016","06","14","17:00","23.1","","4.7","","30","","","M","","M","","","98.26","","","","","","NA"
"2016-06-14 18:00","2016","06","14","18:00","21.8","","9.8","","46","","","M","","M","","","98.26","","","","","","NA"
"2016-06-14 19:00","2016","06","14","19:00","20.4","","9.8","","51","","","M","","M","","","98.26","","","","","","NA"
"2016-06-14 20:00","2016","06","14","20:00","17.5","","8.4","","55","","","M","","M","","","98.28","","","","","","NA"
"2016-06-14 21:00","2016","06","14","21:00","15.9","","7.0","","55","","","M","","M","","","98.31","","","","","","NA"
"2016-06-14 22:00","2016","06","14","22:00","15.3","","6.7","","56","","","M","","M","","","98.32","","","","","","NA"
"2016-06-14 23:00","2016","06","14","23:00","13.4","","7.3","","67","","","M","","M","","","98.30","","","","","","NA"
"2016-06-15 00:00","2016","06","15","00:00","12.6","","7.8","","72","","","M","","M","","","98.27","","","","","","NA"
"2016-06-15 01:00","2016","06","15","01:00","12.3","","8.6","","78","","","M","","M","","","98.20","","","","","","NA"
"2016-06-15 02:00","2016","06","15","02:00","13.4","","8.4","","72","","","M","","M","","","98.23","","","","","","NA"
"2016-06-15 03:00","2016","06","15","03:00","12.8","","7.7","","71","","","M","","M","","","98.18","","","","","","NA"
"2016-06-15 04:00","2016","06","15","04:00","13.3","","6.8","","65","","","M","","M","","","98.15","","","","","","NA"
"2016-06-15 05:00","2016","06","15","05:00","13.8","","6.9","","63","","","M","","M","","","98.15","","","","","","NA"
"2016-06-15 06:00","2016","06","15","06:00","14.8","","7.0","","60","","","M","","M","","","98.16","","","","","","NA"
"2016-06-15 07:00","2016","06","15","07:00","16.5","","6.7","","52","","","M","","M","","","98.13","","","","","","NA"
"2016-06-15 08:00","2016","06","15","08:00","18.1","","7.2","","49","","","M","","M","","","98.11","","","","","","NA"
"2016-06-15 09:00","2016","06","15","09:00","19.3","","8.3","","49","","","M","","M","","","98.10","","","","","","NA"
"2016-06-15 10:00","2016","06","15","10:00","19.8","","10.6","","55","","","M","","M","","","98.05","","","","","","NA"
"2016-06-15 11:00","2016","06","15","11:00","21.3","","11.3","","53","","","M","","M","","","97.97","","","","","","NA"
"2016-06-15 12:00","2016","06","15","12:00","21.4","","12.7","","58","","","M","","M","","","97.92","","","","","","NA"
"2016-06-15 13:00","2016","06","15","13:00","19.5","","14.2","","71","","","M","","M","","","97.92","","","","","","NA"
"2016-06-15 14:00","2016","06","15","14:00","18.4","","14.5","","78","","","M","","M","","","97.90","","","","","","NA"
"2016-06-15 15:00","2016","06","15","15:00","17.4","","14.2","","82","","","M","","M","","","97.90","","","","","","NA"
"2016-06-15 16:00","2016","06","15","16:00","16.2","","13.4","","83","","","M","","M","","","97.83","","","","","","NA"
"2016-06-15 17:00","2016","06","15","17:00","15.8","","14.3","","91","","","M","","M","","","97.70","","","","","","NA"
"2016-06-15 18:00","2016","06","15","18:00","16.2","","14.5","","90","","","M","","M","","","97.69","","","","","","NA"
"2016-06-15 19:00","2016","06","15","19:00","15.9","","14.0","","88","","","M","","M","","","97.73","","","","","","NA"
"2016-06-15 20:00","2016","06","15","20:00","15.5","","13.8","","90","","","M","","M","","","97.70","","","","","","NA"
"2016-06-15 21:00","2016","06","15","21:00","15.5","","13.9","","90","","","M","","M","","","97.69","","","","","","NA"
"2016-06-15 22:00","2016","06","15","22:00","15.5","","14.0","","91","","","M","","M","","","97.68","","","","","","NA"
"2016-06-15 23:00","2016","06","15","23:00","15.2","","13.7","","91","","","M","","M","","","97.67","","","","","","NA"
"2016-06-16 00:00","2016","06","16","00:00","15.1","","13.5","","90","","","M","","M","","","97.62","","","","","","NA"
"2016-06-16 01:00","2016","06","16","01:00","14.8","","13.1","","90","","","M","","M","","","97.61","","","","","","NA"
"2016-06-16 02:00","2016","06","16","02:00","14.8","","13.1","","89","","","M","","M","","","97.52","","","","","","NA"
"2016-06-16 03:00","2016","06","16","03:00","14.4","","13.0","","91","","","M","","M","","","97.50","","","","","","NA"
"2016-06-16 04:00","2016","06","16","04:00","14.7","","13.4","","92","","","M","","M","","","97.46","","","","","","NA"
"2016-06-16 05:00","2016","06","16","05:00","15.3","","13.3","","88","","","M","","M","","","97.43","","","","","","NA"
"2016-06-16 06:00","2016","06","16","06:00","16.3","","13.7","","85","","","M","","M","","","97.42","","","","","","NA"
"2016-06-16 07:00","2016","06","16","07:00","17.3","","14.3","","83","","","M","","M","","","97.42","","","","","","NA"
"2016-06-16 08:00","2016","06","16","08:00","16.3","","15.0","","92","","","M","","M","","","97.56","","","","","","NA"
"2016-06-16 09:00","2016","06","16","09:00","16.7","","15.5","","93","","","M","","M","","","97.39","","","","","","NA"
"2016-06-16 10:00","2016","06","16","10:00","17.7","","15.8","","89","","","M","","M","","","97.37","","","","","","NA"
"2016-06-16 11:00","2016","06","16","11:00","18.8","","16.0","","84","","","M","","M","","","97.38","","","","","","NA"
"2016-06-16 12:00","2016","06","16","12:00","21.6","","17.2","","76","","","M","","M","","","97.35","","27","","","","NA"
"2016-06-16 13:00","2016","06","16","13:00","22.5","","16.3","","68","","","M","","M","","","97.36","","27","","","","NA"
"2016-06-16 14:00","2016","06","16","14:00","23.0","","16.7","","68","","","M","","M","","","97.36","","28","","","","NA"
"2016-06-16 15:00","2016","06","16","15:00","23.7","","16.9","","66","","","M","","M","","","97.40","","29","","","","NA"
"2016-06-16 16:00","2016","06","16","16:00","23.6","","15.9","","62","","","M","","M","","","97.44","","28","","","","NA"
"2016-06-16 17:00","2016","06","16","17:00","23.1","","14.4","","58","","","M","","M","","","97.47","","27","","","","NA"
"2016-06-16 18:00","2016","06","16","18:00","23.1","","12.2","","50","","","M","","M","","","97.49","","25","","","","NA"
"2016-06-16 19:00","2016","06","16","19:00","22.8","","10.4","","45","","","M","","M","","","97.60","","","","","","NA"
"2016-06-16 20:00","2016","06","16","20:00","21.5","","9.9","","48","","","M","","M","","","97.64","","","","","","NA"
"2016-06-16 21:00","2016","06","16","21:00","19.3","","9.6","","53","","","M","","M","","","97.73","","","","","","NA"
"2016-06-16 22:00","2016","06","16","22:00","18.4","","9.4","","56","","","M","","M","","","97.79","","","","","","NA"
"2016-06-16 23:00","2016","06","16","23:00","18.2","","8.7","","54","","","M","","M","","","97.84","","","","","","NA"
"2016-06-17 00:00","2016","06","17","00:00","17.1","","8.4","","57","","","M","","M","","","97.91","","","","","","NA"
"2016-06-17 01:00","2016","06","17","01:00","15.7","","8.4","","62","","","M","","M","","","97.97","","","","","","NA"
"2016-06-17 02:00","2016","06","17","02:00","14.6","","8.5","","67","","","M","","M","","","98.02","","","","","","NA"
"2016-06-17 03:00","2016","06","17","03:00","13.8","","9.0","","73","","","M","","M","","","98.04","","","","","","NA"
"2016-06-17 04:00","2016","06","17","04:00","12.8","","8.8","","77","","","M","","M","","","98.07","","","","","","NA"
"2016-06-17 05:00","2016","06","17","05:00","12.3","","8.5","","78","","","M","","M","","","98.14","","","","","","NA"
"2016-06-17 06:00","2016","06","17","06:00","14.9","","9.2","","69","","","M","","M","","","98.22","","","","","","NA"
"2016-06-17 07:00","2016","06","17","07:00","19.2","","10.4","","57","","","M","","M","","","98.31","","","","","","NA"
"2016-06-17 08:00","2016","06","17","08:00","22.8","","9.9","","44","","","M","","M","","","98.38","","","","","","NA"
"2016-06-17 09:00","2016","06","17","09:00","24.8","","10.1","","39","","","M","","M","","","98.45","","26","","","","NA"
"2016-06-17 10:00","2016","06","17","10:00","25.5","","10.2","","38","","","M","","M","","","98.47","","27","","","","NA"
"2016-06-17 11:00","2016","06","17","11:00","26.6","","8.8","","33","","","M","","M","","","98.47","","27","","","","NA"
"2016-06-17 12:00","2016","06","17","12:00","27.2","","9.0","","32","","","M","","M","","","98.45","","28","","","","NA"
"2016-06-17 13:00","2016","06","17","13:00","27.7","","8.6","","30","","","M","","M","","","98.44","","28","","","","NA"
"2016-06-17 14:00","2016","06","17","14:00","28.7","","9.6","","30","","","M","","M","","","98.43","","30","","","","NA"
"2016-06-17 15:00","2016","06","17","15:00","28.5","","7.9","","27","","","M","","M","","","98.41","","29","","","","NA"
"2016-06-17 16:00","2016","06","17","16:00","29.2","","8.7","","28","","","M","","M","","","98.42","","30","","","","NA"
"2016-06-17 17:00","2016","06","17","17:00","27.2","","7.5","","29","","","M","","M","","","98.48","","27","","","","NA"
"2016-06-17 18:00","2016","06","17","18:00","27.2","","10.4","","35","","","M","","M","","","98.50","","29","","","","NA"
"2016-06-17 19:00","2016","06","17","19:00","26.0","","9.2","","35","","","M","","M","","","98.50","","27","","","","NA"
"2016-06-17 20:00","2016","06","17","20:00","24.3","","10.2","","41","","","M","","M","","","98.55","","26","","","","NA"
"2016-06-17 21:00","2016","06","17","21:00","22.0","","10.6","","49","","","M","","M","","","98.60","","","","","","NA"
"2016-06-17 22:00","2016","06","17","22:00","20.5","","10.8","","54","","","M","","M","","","98.61","","","","","","NA"
"2016-06-17 23:00","2016","06","17","23:00","17.2","","11.4","","68","","","M","","M","","","98.62","","","","","","NA"
"2016-06-18 00:00","2016","06","18","00:00","16.6","","11.2","","70","","","M","","M","","","98.68","","","","","","NA"
"2016-06-18 01:00","2016","06","18","01:00","15.0","","11.0","","77","","","M","","M","","","98.75","","","","","","NA"
"2016-06-18 02:00","2016","06","18","02:00","15.6","","11.1","","75","","","M","","M","","","98.77","","","","","","NA"
"2016-06-18 03:00","2016","06","18","03:00","14.7","","10.4","","75","","","M","","M","","","98.80","","","","","","NA"
"2016-06-18 04:00","2016","06","18","04:00","15.5","","10.2","","70","","","M","","M","","","98.80","","","","","","NA"
"2016-06-18 05:00","2016","06","18","05:00","15.2","","9.6","","69","","","M","","M","","","98.87","","","","","","NA"
"2016-06-18 06:00","2016","06","18","06:00","16.4","","10.0","","66","","","M","","M","","","98.92","","","","","","NA"
"2016-06-18 07:00","2016","06","18","07:00","19.2","","11.7","","62","","","M","","M","","","99.05","","","","","","NA"
"2016-06-18 08:00","2016","06","18","08:00","22.4","","11.3","","50","","","M","","M","","","99.15","","","","","","NA"
"2016-06-18 09:00","2016","06","18","09:00","25.1","","10.9","","41","","","M","","M","","","99.17","","27","","","","NA"
"2016-06-18 10:00","2016","06","18","10:00","26.0","","8.2","","32","","","M","","M","","","99.19","","26","","","","NA"
"2016-06-18 11:00","2016","06","18","11:00","27.3","","8.5","","31","","","M","","M","","","99.17","","28","","","","NA"
"2016-06-18 12:00","2016","06","18","12:00","27.8","","8.4","","29","","","M","","M","","","99.17","","28","","","","NA"
"2016-06-18 13:00","2016","06","18","13:00","28.1","","7.1","","27","","","M","","M","","","99.13","","28","","","","NA"
"2016-06-18 14:00","2016","06","18","14:00","29.0","","5.9","","23","","","M","","M","","","99.11","","29","","","","NA"
"2016-06-18 15:00","2016","06","18","15:00","29.9","","3.6","","19","","","M","","M","","","99.10","","29","","","","NA"
"2016-06-18 16:00","2016","06","18","16:00","29.8","","5.5","","21","","","M","","M","","","99.07","","29","","","","NA"
"2016-06-18 17:00","2016","06","18","17:00","29.6","","6.2","","23","","","M","","M","","","99.05","","29","","","","NA"
"2016-06-18 18:00","2016","06","18","18:00","28.8","","6.9","","25","","","M","","M","","","99.04","","29","","","","NA"
"2016-06-18 19:00","2016","06","18","19:00","27.7","","8.3","","30","","","M","","M","","","99.10","","28","","","","NA"
"2016-06-18 20:00","2016","06","18","20:00","24.4","","9.4","","39","","","M","","M","","","99.12","","25","","","","NA"
"2016-06-18 21:00","2016","06","18","21:00","21.2","","9.1","","46","","","M","","M","","","99.18","","","","","","NA"
"2016-06-18 22:00","2016","06","18","22:00","19.4","","10.6","","56","","","M","","M","","","99.19","","","","","","NA"
"2016-06-18 23:00","2016","06","18","23:00","18.8","","11.0","","60","","","M","","M","","","99.19","","","","","","NA"
"2016-06-19 00:00","2016","06","19","00:00","17.0","","11.6","","71","","","M","","M","","","99.18","","","","","","NA"
"2016-06-19 01:00","2016","06","19","01:00","14.9","","11.3","","79","","","M","","M","","","99.17","","","","","","NA"
"2016-06-19 02:00","2016","06","19","02:00","16.2","","11.3","","73","","","M","","M","","","99.18","","","","","","NA"
"2016-06-19 03:00","2016","06","19","03:00","15.3","","11.0","","76","","","M","","M","","","99.18","","","","","","NA"
"2016-06-19 04:00","2016","06","19","04:00","14.8","","10.8","","77","","","M","","M","","","99.20","","","","","","NA"
"2016-06-19 05:00","2016","06","19","05:00","14.2","","10.7","","79","","","M","","M","","","99.23","","","","","","NA"
"2016-06-19 06:00","2016","06","19","06:00","16.9","","12.5","","76","","","M","","M","","","99.25","","","","","","NA"
"2016-06-19 07:00","2016","06","19","07:00","19.0","","13.5","","71","","","M","","M","","","99.30","","","","","","NA"
"2016-06-19 08:00","2016","06","19","08:00","21.1","","14.3","","65","","","M","","M","","","99.32","","25","","","","NA"
"2016-06-19 09:00","2016","06","19","09:00","25.0","","10.9","","41","","","M","","M","","","99.26","","27","","","","NA"
"2016-06-19 10:00","2016","06","19","10:00","28.1","","10.5","","33","","","M","","M","","","99.26","","30","","","","NA"
"2016-06-19 11:00","2016","06","19","11:00","28.8","","10.7","","33","","","M","","M","","","99.22","","30","","","","NA"
"2016-06-19 12:00","2016","06","19","12:00","29.4","","9.8","","30","","","M","","M","","","99.20","","31","","","","NA"
"2016-06-19 13:00","2016","06","19","13:00","30.1","","12.7","","34","","","M","","M","","","99.13","","33","","","","NA"
"2016-06-19 14:00","2016","06","19","14:00","29.6","","13.7","","38","","","M","","M","","","99.07","","33","","","","NA"
"2016-06-19 15:00","2016","06","19","15:00","29.3","","15.8","","44","","","M","","M","","","99.06","","34","","","","NA"
"2016-06-19 16:00","2016","06","19","16:00","28.8","","13.4","","39","","","M","","M","","","99.01","","32","","","","NA"
"2016-06-19 17:00","2016","06","19","17:00","28.6","","11.1","","34","","","M","","M","","","99.00","","30","","","","NA"
"2016-06-19 18:00","2016","06","19","18:00","28.3","","9.8","","31","","","M","","M","","","98.97","","29","","","","NA"
"2016-06-19 19:00","2016","06","19","19:00","27.5","","10.8","","35","","","M","","M","","","98.96","","29","","","","NA"
"2016-06-19 20:00","2016","06","19","20:00","25.8","","11.5","","41","","","M","","M","","","98.94","","28","","","","NA"
"2016-06-19 21:00","2016","06","19","21:00","23.1","","12.5","","51","","","M","","M","","","98.95","","26","","","","NA"
"2016-06-19 22:00","2016","06","19","22:00","21.4","","12.6","","57","","","M","","M","","","98.89","","","","","","NA"
"2016-06-19 23:00","2016","06","19","23:00","20.5","","13.0","","62","","","M","","M","","","98.78","","","","","","NA"
"2016-06-20 00:00","2016","06","20","00:00","20.4","","13.4","","64","","","M","","M","","","98.81","","","","","","NA"
"2016-06-20 01:00","2016","06","20","01:00","19.7","","13.7","","68","","","M","","M","","","98.84","","","","","","NA"
"2016-06-20 02:00","2016","06","20","02:00","21.7","","14.2","","62","","","M","","M","","","98.75","","25","","","","NA"
"2016-06-20 03:00","2016","06","20","03:00","21.2","","14.6","","66","","","M","","M","","","98.69","","25","","","","NA"
"2016-06-20 04:00","2016","06","20","04:00","21.4","","14.6","","65","","","M","","M","","","98.68","","25","","","","NA"
"2016-06-20 05:00","2016","06","20","05:00","21.5","","14.9","","66","","","M","","M","","","98.66","","25","","","","NA"
"2016-06-20 06:00","2016","06","20","06:00","21.7","","15.5","","68","","","M","","M","","","98.65","","26","","","","NA"
"2016-06-20 07:00","2016","06","20","07:00","23.5","","17.0","","67","","","M","","M","","","98.58","","29","","","","NA"
"2016-06-20 08:00","2016","06","20","08:00","25.0","","18.4","","67","","","M","","M","","","98.53","","31","","","","NA"
"2016-06-20 09:00","2016","06","20","09:00","26.4","","19.1","","65","","","M","","M","","","98.47","","33","","","","NA"
"2016-06-20 10:00","2016","06","20","10:00","28.1","","20.7","","65","","","M","","M","","","98.41","","36","","","","NA"
"2016-06-20 11:00","2016","06","20","11:00","29.4","","20.0","","57","","","M","","M","","","98.31","","37","","","","NA"
"2016-06-20 12:00","2016","06","20","12:00","30.2","","19.1","","52","","","M","","M","","","98.25","","37","","","","NA"
"2016-06-20 13:00","2016","06","20","13:00","30.1","","18.4","","50","","","M","","M","","","98.18","","36","","","","NA"
"2016-06-20 14:00","2016","06","20","14:00","30.2","","18.7","","50","","","M","","M","","","98.11","","37","","","","NA"
"2016-06-20 15:00","2016","06","20","15:00","31.4","","19.3","","49","","","M","","M","","","97.96","","38","","","","NA"
"2016-06-20 16:00","2016","06","20","16:00","31.3","","17.9","","45","","","M","","M","","","97.92","","37","","","","NA"
"2016-06-20 17:00","2016","06","20","17:00","30.5","","18.8","","50","","","M","","M","","","97.88","","37","","","","NA"
"2016-06-20 18:00","2016","06","20","18:00","29.9","","19.3","","53","","","M","","M","","","97.83","","37","","","","NA"
"2016-06-20 19:00","2016","06","20","19:00","28.8","","19.2","","56","","","M","","M","","","97.80","","36","","","","NA"
"2016-06-20 20:00","2016","06","20","20:00","27.7","","18.4","","57","","","M","","M","","","97.86","","34","","","","NA"
"2016-06-20 21:00","2016","06","20","21:00","22.6","","16.1","","67","","","M","","M","","","97.94","","27","","","","NA"
"2016-06-20 22:00","2016","06","20","22:00","20.4","","15.2","","72","","","M","","M","","","98.03","","","","","","NA"
"2016-06-20 23:00","2016","06","20","23:00","18.2","","8.4","","53","","","M","","M","","","98.12","","","","","","NA"
"2016-06-21 00:00","2016","06","21","00:00","16.5","","7.7","","56","","","M","","M","","","98.17","","","","","","NA"
"2016-06-21 01:00","2016","06","21","01:00","15.9","","6.7","","54","","","M","","M","","","98.18","","","","","","NA"
"2016-06-21 02:00","2016","06","21","02:00","13.7","","5.9","","59","","","M","","M","","","98.15","","","","","","NA"
"2016-06-21 03:00","2016","06","21","03:00","12.2","","6.3","","67","","","M","","M","","","98.14","","","","","","NA"
"2016-06-21 04:00","2016","06","21","04:00","11.3","","6.4","","72","","","M","","M","","","98.14","","","","","","NA"
"2016-06-21 05:00","2016","06","21","05:00","10.6","","6.6","","76","","","M","","M","","","98.18","","","","","","NA"
"2016-06-21 06:00","2016","06","21","06:00","13.2","","7.8","","70","","","M","","M","","","98.21","","","","","","NA"
"2016-06-21 07:00","2016","06","21","07:00","15.6","","7.3","","58","","","M","","M","","","98.20","","","","","","NA"
"2016-06-21 08:00","2016","06","21","08:00","17.8","","6.6","","48","","","M","","M","","","98.18","","","","","","NA"
"2016-06-21 09:00","2016","06","21","09:00","19.8","","6.8","","43","","","M","","M","","","98.16","","","","","","NA"
"2016-06-21 10:00","2016","06","21","10:00","21.7","","5.1","","34","","","M","","M","","","98.13","","","","","","NA"
"2016-06-21 11:00","2016","06","21","11:00","22.3","","5.7","","34","","","M","","M","","","98.11","","","","","","NA"
"2016-06-21 12:00","2016","06","21","12:00","23.1","","6.0","","33","","","M","","M","","","98.05","","","","","","NA"
"2016-06-21 13:00","2016","06","21","13:00","23.0","","6.6","","35","","","M","","M","","","97.99","","","","","","NA"
"2016-06-21 14:00","2016","06","21","14:00","23.7","","7.0","","34","","","M","","M","","","97.92","","","","","","NA"
"2016-06-21 15:00","2016","06","21","15:00","23.5","","8.3","","38","","","M","","M","","","97.86","","","","","","NA"
"2016-06-21 16:00","2016","06","21","16:00","23.8","","6.9","","34","","","M","","M","","","97.81","","","","","","NA"
"2016-06-21 17:00","2016","06","21","17:00","23.2","","6.6","","34","","","M","","M","","","97.71","","","","","","NA"
"2016-06-21 18:00","2016","06","21","18:00","22.9","","7.4","","37","","","M","","M","","","97.68","","","","","","NA"
"2016-06-21 19:00","2016","06","21","19:00","22.2","","7.8","","40","","","M","","M","","","97.72","","","","","","NA"
"2016-06-21 20:00","2016","06","21","20:00","20.8","","8.0","","44","","","M","","M","","","97.74","","","","","","NA"
"2016-06-21 21:00","2016","06","21","21:00","19.1","","8.5","","50","","","M","","M","","","97.77","","","","","","NA"
"2016-06-21 22:00","2016","06","21","22:00","17.3","","9.6","","61","","","M","","M","","","97.78","","","","","","NA"
"2016-06-21 23:00","2016","06","21","23:00","18.3","","9.5","","56","","","M","","M","","","97.81","","","","","","NA"
"2016-06-22 00:00","2016","06","22","00:00","18.9","","9.4","","54","","","M","","M","","","97.83","","","","","","NA"
"2016-06-22 01:00","2016","06","22","01:00","18.2","","10.2","","60","","","M","","M","","","97.85","","","","","","NA"
"2016-06-22 02:00","2016","06","22","02:00","15.3","","11.3","","77","","","M","","M","","","97.87","","","","","","NA"
"2016-06-22 03:00","2016","06","22","03:00","15.2","","11.3","","78","","","M","","M","","","97.89","","","","","","NA"
"2016-06-22 04:00","2016","06","22","04:00","14.5","","11.0","","80","","","M","","M","","","97.88","","","","","","NA"
"2016-06-22 05:00","2016","06","22","05:00","13.8","","11.1","","84","","","M","","M","","","97.91","","","","","","NA"
"2016-06-22 06:00","2016","06","22","06:00","14.6","","11.8","","83","","","M","","M","","","97.96","","","","","","NA"
"2016-06-22 07:00","2016","06","22","07:00","16.7","","12.3","","75","","","M","","M","","","98.07","","","","","","NA"
"2016-06-22 08:00","2016","06","22","08:00","18.8","","11.6","","63","","","M","","M","","","98.13","","","","","","NA"
"2016-06-22 09:00","2016","06","22","09:00","20.3","","10.1","","52","","","M","","M","","","98.12","","","","","","NA"
"2016-06-22 10:00","2016","06","22","10:00","21.5","","8.7","","44","","","M","","M","","","98.14","","","","","","NA"
"2016-06-22 11:00","2016","06","22","11:00","22.4","","7.9","","39","","","M","","M","","","98.18","","","","","","NA"
"2016-06-22 12:00","2016","06","22","12:00","22.4","","6.1","","35","","","M","","M","","","98.14","","","","","","NA"
"2016-06-22 13:00","2016","06","22","13:00","23.4","","6.8","","34","","","M","","M","","","98.15","","","","","","NA"
"2016-06-22 14:00","2016","06","22","14:00","24.0","","6.5","","33","","","M","","M","","","98.10","","","","","","NA"
"2016-06-22 15:00","2016","06","22","15:00","24.0","","6.4","","32","","","M","","M","","","98.08","","","","","","NA"
"2016-06-22 16:00","2016","06","22","16:00","24.0","","7.2","","34","","","M","","M","","","98.05","","","","","","NA"
"2016-06-22 17:00","2016","06","22","17:00","23.2","","7.4","","36","","","M","","M","","","98.03","","","","","","NA"
"2016-06-22 18:00","2016","06","22","18:00","22.8","","8.2","","39","","","M","","M","","","98.05","","","","","","NA"
"2016-06-22 19:00","2016","06","22","19:00","22.0","","9.1","","44","","","M","","M","","","98.08","","","","","","NA"
"2016-06-22 20:00","2016","06","22","20:00","19.8","","11.0","","57","","","M","","M","","","98.07","","","","","","NA"
"2016-06-22 21:00","2016","06","22","21:00","18.3","","10.8","","61","","","M","","M","","","98.03","","","","","","NA"
"2016-06-22 22:00","2016","06","22","22:00","16.5","","10.6","","68","","","M","","M","","","98.00","","","","","","NA"
"2016-06-22 23:00","2016","06","22","23:00","16.3","","10.2","","67","","","M","","M","","","97.99","","","","","","NA"
"2016-06-23 00:00","2016","06","23","00:00","15.1","","10.2","","72","","","M","","M","","","97.99","","","","","","NA"
"2016-06-23 01:00","2016","06","23","01:00","15.0","","10.1","","72","","","M","","M","","","97.94","","","","","","NA"
"2016-06-23 02:00","2016","06","23","02:00","15.4","","10.1","","71","","","M","","M","","","97.92","","","","","","NA"
"2016-06-23 03:00","2016","06","23","03:00","15.3","","9.3","","67","","","M","","M","","","97.83","","","","","","NA"
"2016-06-23 04:00","2016","06","23","04:00","15.0","","8.6","","66","","","M","","M","","","97.82","","","","","","NA"
"2016-06-23 05:00","2016","06","23","05:00","14.3","","8.2","","67","","","M","","M","","","97.85","","","","","","NA"
"2016-06-23 06:00","2016","06","23","06:00","14.4","","8.0","","65","","","M","","M","","","97.89","","","","","","NA"
"2016-06-23 07:00","2016","06","23","07:00","17.4","","7.7","","53","","","M","","M","","","97.89","","","","","","NA"
"2016-06-23 08:00","2016","06","23","08:00","19.1","","7.9","","48","","","M","","M","","","97.94","","","","","","NA"
"2016-06-23 09:00","2016","06","23","09:00","20.6","","8.6","","46","","","M","","M","","","98.00","","","","","","NA"
"2016-06-23 10:00","2016","06","23","10:00","21.0","","8.7","","45","","","M","","M","","","98.04","","","","","","NA"
"2016-06-23 11:00","2016","06","23","11:00","20.9","","9.1","","47","","","M","","M","","","98.04","","","","","","NA"
"2016-06-23 12:00","2016","06","23","12:00","21.4","","9.2","","46","","","M","","M","","","98.04","","","","","","NA"
"2016-06-23 13:00","2016","06","23","13:00","21.6","","11.0","","51","","","M","","M","","","98.04","","","","","","NA"
"2016-06-23 14:00","2016","06","23","14:00","22.7","","12.3","","52","","","M","","M","","","98.02","","25","","","","NA"
"2016-06-23 15:00","2016","06","23","15:00","22.8","","11.0","","47","","","M","","M","","","98.04","","25","","","","NA"
"2016-06-23 16:00","2016","06","23","16:00","24.6","","7.4","","33","","","M","","M","","","98.03","","25","","","","NA"
"2016-06-23 17:00","2016","06","23","17:00","24.3","","7.9","","35","","","M","","M","","","98.02","","25","","","","NA"
"2016-06-23 18:00","2016","06","23","18:00","24.1","","3.4","","26","","","M","","M","","","98.01","","","","","","NA"
"2016-06-23 19:00","2016","06","23","19:00","23.4","","3.3","","27","","","M","","M","","","98.08","","","","","","NA"
"2016-06-23 20:00","2016","06","23","20:00","20.4","","9.3","","49","","","M","","M","","","98.17","","","","","","NA"
"2016-06-23 21:00","2016","06","23","21:00","17.4","","9.6","","60","","","M","","M","","","98.23","","","","","","NA"
"2016-06-23 22:00","2016","06","23","22:00","15.9","","9.6","","66","","","M","","M","","","98.29","","","","","","NA"
"2016-06-23 23:00","2016","06","23","23:00","14.0","","9.6","","75","","","M","","M","","","98.30","","","","","","NA"
"2016-06-24 00:00","2016","06","24","00:00","12.7","","9.3","","80","","","M","","M","","","98.29","","","","","","NA"
"2016-06-24 01:00","2016","06","24","01:00","12.2","","9.1","","82","","","M","","M","","","98.32","","","","","","NA"
"2016-06-24 02:00","2016","06","24","02:00","11.9","","8.4","","80","","","M","","M","","","98.34","","","","","","NA"
"2016-06-24 03:00","2016","06","24","03:00","12.5","","8.1","","75","","","M","","M","","","98.37","","","","","","NA"
"2016-06-24 04:00","2016","06","24","04:00","11.6","","7.2","","75","","","M","","M","","","98.40","","","","","","NA"
"2016-06-24 05:00","2016","06","24","05:00","11.4","","7.2","","75","","","M","","M","","","98.47","","","","","","NA"
"2016-06-24 06:00","2016","06","24","06:00","13.4","","7.4","","67","","","M","","M","","","98.50","","","","","","NA"
"2016-06-24 07:00","2016","06","24","07:00","16.3","","8.4","","60","","","M","","M","","","98.57","","","","","","NA"
"2016-06-24 08:00","2016","06","24","08:00","20.2","","9.4","","50","","","M","","M","","","98.64","","","","","","NA"
"2016-06-24 09:00","2016","06","24","09:00","21.9","","8.6","","43","","","M","","M","","","98.67","","","","","","NA"
"2016-06-24 10:00","2016","06","24","10:00","23.0","","9.2","","41","","","M","","M","","","98.65","","","","","","NA"
"2016-06-24 11:00","2016","06","24","11:00","24.1","","6.5","","32","","","M","","M","","","98.65","","","","","","NA"
"2016-06-24 12:00","2016","06","24","12:00","25.1","","7.5","","33","","","M","","M","","","98.63","","25","","","","NA"
"2016-06-24 13:00","2016","06","24","13:00","25.4","","6.2","","29","","","M","","M","","","98.62","","25","","","","NA"
"2016-06-24 14:00","2016","06","24","14:00","26.3","","7.3","","30","","","M","","M","","","98.63","","26","","","","NA"
"2016-06-24 15:00","2016","06","24","15:00","26.1","","7.3","","30","","","M","","M","","","98.62","","26","","","","NA"
"2016-06-24 16:00","2016","06","24","16:00","26.7","","8.5","","32","","","M","","M","","","98.60","","27","","","","NA"
"2016-06-24 17:00","2016","06","24","17:00","26.6","","7.6","","30","","","M","","M","","","98.58","","27","","","","NA"
"2016-06-24 18:00","2016","06","24","18:00","26.2","","7.5","","31","","","M","","M","","","98.57","","26","","","","NA"
"2016-06-24 19:00","2016","06","24","19:00","24.7","","8.9","","37","","","M","","M","","","98.58","","25","","","","NA"
"2016-06-24 20:00","2016","06","24","20:00","22.9","","9.5","","43","","","M","","M","","","98.62","","","","","","NA"
"2016-06-24 21:00","2016","06","24","21:00","21.1","","9.7","","48","","","M","","M","","","98.67","","","","","","NA"
"2016-06-24 22:00","2016","06","24","22:00","20.7","","9.5","","49","","","M","","M","","","98.73","","","","","","NA"
"2016-06-24 23:00","2016","06","24","23:00","18.1","","9.7","","58","","","M","","M","","","98.72","","","","","","NA"
"2016-06-25 00:00","2016","06","25","00:00","16.5","","10.8","","69","","","M","","M","","","98.75","","","","","","NA"
"2016-06-25 01:00","2016","06","25","01:00","15.6","","10.9","","74","","","M","","M","","","98.77","","","","","","NA"
"2016-06-25 02:00","2016","06","25","02:00","14.7","","10.2","","74","","","M","","M","","","98.77","","","","","","NA"
"2016-06-25 03:00","2016","06","25","03:00","13.9","","10.1","","78","","","M","","M","","","98.76","","","","","","NA"
"2016-06-25 04:00","2016","06","25","04:00"
"2016-06-25 05:00","2016","06","25","05:00"
"2016-06-25 06:00","2016","06","25","06:00"
"2016-06-25 07:00","2016","06","25","07:00"
"2016-06-25 08:00","2016","06","25","08:00","21.6","","11.8","","54","","","M","","M","","","98.90","","","","","","NA"
"2016-06-25 09:00","2016","06","25","09:00","23.8","","10.8","","44","","","M","","M","","","98.96","","25","","","","NA"
"2016-06-25 10:00","2016","06","25","10:00","25.6","","10.0","","37","","","M","","M","","","98.88","","27","","","","NA"
"2016-06-25 11:00","2016","06","25","11:00","26.2","","8.4","","32","","","M","","M","","","98.90","","27","","","","NA"
"2016-06-25 12:00","2016","06","25","12:00","26.8","","7.6","","30","","","M","","M","","","98.91","","27","","","","NA"
"2016-06-25 13:00","2016","06","25","13:00","27.6","","9.7","","33","","","M","","M","","","98.86","","29","","","","NA"
"2016-06-25 14:00","2016","06","25","14:00","28.2","","9.1","","30","","","M","","M","","","98.82","","29","","","","NA"
"2016-06-25 15:00","2016","06","25","15:00","28.3","","7.9","","28","","","M","","M","","","98.79","","29","","","","NA"
"2016-06-25 16:00","2016","06","25","16:00","28.2","","8.8","","30","","","M","","M","","","98.79","","29","","","","NA"
"2016-06-25 17:00","2016","06","25","17:00","27.8","","8.4","","30","","","M","","M","","","98.73","","28","","","","NA"
"2016-06-25 18:00","2016","06","25","18:00","26.9","","8.4","","31","","","M","","M","","","98.73","","27","","","","NA"
"2016-06-25 19:00","2016","06","25","19:00","25.9","","5.5","","27","","","M","","M","","","98.72","","25","","","","NA"
"2016-06-25 20:00","2016","06","25","20:00","22.6","","7.5","","38","","","M","","M","","","98.69","","","","","","NA"
"2016-06-25 21:00","2016","06","25","21:00","19.3","","9.8","","54","","","M","","M","","","98.69","","","","","","NA"
"2016-06-25 22:00","2016","06","25","22:00","20.2","","11.2","","56","","","M","","M","","","98.72","","","","","","NA"
"2016-06-25 23:00","2016","06","25","23:00","19.6","","11.4","","59","","","M","","M","","","98.66","","","","","","NA"
"2016-06-26 00:00","2016","06","26","00:00","18.6","","12.3","","67","","","M","","M","","","98.72","","","","","","NA"
"2016-06-26 01:00","2016","06","26","01:00","18.7","","12.4","","67","","","M","","M","","","98.73","","","","","","NA"
"2016-06-26 02:00","2016","06","26","02:00","17.8","","12.9","","73","","","M","","M","","","98.63","","","","","","NA"
"2016-06-26 03:00","2016","06","26","03:00","17.2","","12.3","","73","","","M","","M","","","98.63","","","","","","NA"
"2016-06-26 04:00","2016","06","26","04:00","16.0","","11.9","","77","","","M","","M","","","98.60","","","","","","NA"
"2016-06-26 05:00","2016","06","26","05:00","16.2","","12.0","","76","","","M","","M","","","98.57","","","","","","NA"
"2016-06-26 06:00","2016","06","26","06:00","19.0","","14.6","","76","","","M","","M","","","98.60","","","","","","NA"
"2016-06-26 07:00","2016","06","26","07:00","21.8","","15.8","","69","","","M","","M","","","98.60","","26","","","","NA"
"2016-06-26 08:00","2016","06","26","08:00","24.1","","15.7","","59","","","M","","M","","","98.58","","29","","","","NA"
"2016-06-26 09:00","2016","06","26","09:00","24.6","","16.9","","62","","","M","","M","","","98.60","","30","","","","NA"
"2016-06-26 10:00","2016","06","26","10:00","27.6","","18.5","","58","","","M","","M","","","98.58","","34","","","","NA"
"2016-06-26 11:00","2016","06","26","11:00","29.1","","17.9","","51","","","M","","M","","","98.53","","35","","","","NA"
"2016-06-26 12:00","2016","06","26","12:00","28.6","","18.9","","56","","","M","","M","","","98.49","","35","","","","NA"
"2016-06-26 13:00","2016","06","26","13:00","29.3","","19.5","","56","","","M","","M","","","98.44","","36","","","","NA"
"2016-06-26 14:00","2016","06","26","14:00","27.3","","18.4","","58","","","M","","M","","","98.39","","34","","","","NA"
"2016-06-26 15:00","2016","06","26","15:00","27.6","","18.1","","56","","","M","","M","","","98.27","","34","","","","NA"
"2016-06-26 16:00","2016","06","26","16:00","28.0","","18.5","","56","","","M","","M","","","98.28","","34","","","","NA"
"2016-06-26 17:00","2016","06","26","17:00","28.3","","18.9","","57","","","M","","M","","","98.21","","35","","","","NA"
"2016-06-26 18:00","2016","06","26","18:00","28.8","","19.0","","55","","","M","","M","","","98.11","","36","","","","NA"
"2016-06-26 19:00","2016","06","26","19:00","27.2","","17.9","","57","","","M","","M","","","98.06","","33","","","","NA"
"2016-06-26 20:00","2016","06","26","20:00","23.4","","20.3","","83","","","M","","M","","","98.14","","31","","","","NA"
"2016-06-26 21:00","2016","06","26","21:00","23.6","","20.5","","83","","","M","","M","","","98.15","","32","","","","NA"
"2016-06-26 22:00","2016","06","26","22:00","23.3","","20.8","","85","","","M","","M","","","98.14","","32","","","","NA"
"2016-06-26 23:00","2016","06","26","23:00","22.9","","20.9","","88","","","M","","M","","","98.15","","31","","","","NA"
"2016-06-27 00:00","2016","06","27","00:00","22.7","","20.9","","90","","","M","","M","","","98.17","","31","","","","NA"
"2016-06-27 01:00","2016","06","27","01:00","22.8","","20.8","","88","","","M","","M","","","98.15","","31","","","","NA"
"2016-06-27 02:00","2016","06","27","02:00","22.7","","20.4","","87","","","M","","M","","","98.16","","31","","","","NA"
"2016-06-27 03:00","2016","06","27","03:00","21.4","","19.3","","88","","","M","","M","","","98.13","","28","","","","NA"
"2016-06-27 04:00","2016","06","27","04:00","20.6","","18.6","","89","","","M","","M","","","98.13","","27","","","","NA"
"2016-06-27 05:00","2016","06","27","05:00","20.5","","18.3","","88","","","M","","M","","","98.15","","27","","","","NA"
"2016-06-27 06:00","2016","06","27","06:00","20.7","","17.9","","84","","","M","","M","","","98.17","","27","","","","NA"
"2016-06-27 07:00","2016","06","27","07:00","21.9","","17.7","","77","","","M","","M","","","98.18","","28","","","","NA"
"2016-06-27 08:00","2016","06","27","08:00","23.9","","17.1","","66","","","M","","M","","","98.21","","29","","","","NA"
"2016-06-27 09:00","2016","06","27","09:00","25.8","","16.4","","56","","","M","","M","","","98.21","","31","","","","NA"
"2016-06-27 10:00","2016","06","27","10:00","27.8","","16.1","","49","","","M","","M","","","98.19","","32","","","","NA"
"2016-06-27 11:00","2016","06","27","11:00","29.1","","15.2","","43","","","M","","M","","","98.16","","33","","","","NA"
"2016-06-27 12:00","2016","06","27","12:00","29.6","","13.1","","36","","","M","","M","","","98.13","","32","","","","NA"
"2016-06-27 13:00","2016","06","27","13:00","30.6","","10.3","","29","","","M","","M","","","98.08","","32","","","","NA"
"2016-06-27 14:00","2016","06","27","14:00","31.6","","9.7","","26","","","M","","M","","","98.01","","33","","","","NA"
"2016-06-27 15:00","2016","06","27","15:00","30.0","","11.0","","31","","","M","","M","","","97.96","","32","","","","NA"
"2016-06-27 16:00","2016","06","27","16:00","31.5","","11.8","","30","","","M","","M","","","97.89","","34","","","","NA"
"2016-06-27 17:00","2016","06","27","17:00","31.7","","10.4","","27","","","M","","M","","","97.86","","33","","","","NA"
"2016-06-27 18:00","2016","06","27","18:00","30.1","","11.5","","32","","","M","","M","","","97.87","","32","","","","NA"
"2016-06-27 19:00","2016","06","27","19:00","28.4","","14.3","","42","","","M","","M","","","97.94","","32","","","","NA"
"2016-06-27 20:00","2016","06","27","20:00","25.1","","14.8","","53","","","M","","M","","","98.04","","29","","","","NA"
"2016-06-27 21:00","2016","06","27","21:00","21.6","","13.7","","61","","","M","","M","","","98.16","","25","","","","NA"
"2016-06-27 22:00","2016","06","27","22:00","20.0","","13.2","","65","","","M","","M","","","98.19","","","","","","NA"
"2016-06-27 23:00","2016","06","27","23:00","19.1","","12.6","","66","","","M","","M","","","98.20","","","","","","NA"
"2016-06-28 00:00","2016","06","28","00:00","17.7","","12.4","","71","","","M","","M","","","98.21","","","","","","NA"
"2016-06-28 01:00","2016","06","28","01:00","16.9","","12.6","","76","","","M","","M","","","98.19","","","","","","NA"
"2016-06-28 02:00","2016","06","28","02:00","16.5","","12.9","","79","","","M","","M","","","98.20","","","","","","NA"
"2016-06-28 03:00","2016","06","28","03:00","15.9","","11.5","","75","","","M","","M","","","98.21","","","","","","NA"
"2016-06-28 04:00","2016","06","28","04:00","15.9","","11.7","","76","","","M","","M","","","98.23","","","","","","NA"
"2016-06-28 05:00","2016","06","28","05:00","16.1","","11.4","","74","","","M","","M","","","98.28","","","","","","NA"
"2016-06-28 06:00","2016","06","28","06:00","15.7","","10.8","","72","","","M","","M","","","98.28","","","","","","NA"
"2016-06-28 07:00","2016","06","28","07:00","16.2","","11.2","","73","","","M","","M","","","98.33","","","","","","NA"
"2016-06-28 08:00","2016","06","28","08:00","16.4","","11.1","","71","","","M","","M","","","98.36","","","","","","NA"
"2016-06-28 09:00","2016","06","28","09:00","17.0","","11.3","","69","","","M","","M","","","98.37","","","","","","NA"
"2016-06-28 10:00","2016","06","28","10:00","18.2","","11.2","","63","","","M","","M","","","98.35","","","","","","NA"
"2016-06-28 11:00","2016","06","28","11:00","19.9","","11.0","","56","","","M","","M","","","98.35","","","","","","NA"
"2016-06-28 12:00","2016","06","28","12:00","18.2","","10.9","","62","","","M","","M","","","98.37","","","","","","NA"
"2016-06-28 13:00","2016","06","28","13:00","18.4","","11.7","","65","","","M","","M","","","98.38","","","","","","NA"
"2016-06-28 14:00","2016","06","28","14:00","15.3","","13.4","","89","","","M","","M","","","98.41","","","","","","NA"
"2016-06-28 15:00","2016","06","28","15:00","14.4","","13.1","","92","","","M","","M","","","98.41","","","","","","NA"
"2016-06-28 16:00","2016","06","28","16:00","14.3","","12.6","","89","","","M","","M","","","98.41","","","","","","NA"
"2016-06-28 17:00","2016","06","28","17:00","14.2","","11.7","","85","","","M","","M","","","98.40","","","","","","NA"
"2016-06-28 18:00","2016","06","28","18:00","15.1","","10.1","","72","","","M","","M","","","98.41","","","","","","NA"
"2016-06-28 19:00","2016","06","28","19:00","14.1","","8.9","","71","","","M","","M","","","98.43","","","","","","NA"
"2016-06-28 20:00","2016","06","28","20:00","13.3","","7.2","","67","","","M","","M","","","98.42","","","","","","NA"
"2016-06-28 21:00","2016","06","28","21:00","12.1","","6.7","","69","","","M","","M","","","98.45","","","","","","NA"
"2016-06-28 22:00","2016","06","28","22:00","11.8","","7.2","","73","","","M","","M","","","98.44","","","","","","NA"
"2016-06-28 23:00","2016","06","28","23:00","11.6","","7.6","","76","","","M","","M","","","98.42","","","","","","NA"
"2016-06-29 00:00","2016","06","29","00:00","11.7","","8.0","","78","","","M","","M","","","98.42","","","","","","NA"
"2016-06-29 01:00","2016","06","29","01:00","11.5","","7.7","","77","","","M","","M","","","98.41","","","","","","NA"
"2016-06-29 02:00","2016","06","29","02:00","11.0","","7.2","","78","","","M","","M","","","98.40","","","","","","NA"
"2016-06-29 03:00","2016","06","29","03:00","10.8","","7.3","","79","","","M","","M","","","98.36","","","","","","NA"
"2016-06-29 04:00","2016","06","29","04:00","9.5","","6.9","","84","","","M","","M","","","98.38","","","","","","NA"
"2016-06-29 05:00","2016","06","29","05:00","9.7","","7.9","","88","","","M","","M","","","98.42","","","","","","NA"
"2016-06-29 06:00","2016","06","29","06:00","11.9","","9.0","","83","","","M","","M","","","98.45","","","","","","NA"
"2016-06-29 07:00","2016","06","29","07:00","13.7","","10.4","","81","","","M","","M","","","98.52","","","","","","NA"
"2016-06-29 08:00","2016","06","29","08:00","16.5","","10.9","","70","","","M","","M","","","98.47","","","","","","NA"
"2016-06-29 09:00","2016","06","29","09:00","19.3","","10.8","","58","","","M","","M","","","98.45","","","","","","NA"
"2016-06-29 10:00","2016","06","29","10:00","20.5","","9.1","","48","","","M","","M","","","98.47","","","","","","NA"
"2016-06-29 11:00","2016","06","29","11:00","21.9","","8.7","","43","","","M","","M","","","98.48","","","","","","NA"
"2016-06-29 12:00","2016","06","29","12:00","22.7","","7.4","","37","","","M","","M","","","98.46","","","","","","NA"
"2016-06-29 13:00","2016","06","29","13:00","23.3","","7.2","","36","","","M","","M","","","98.43","","","","","","NA"
"2016-06-29 14:00","2016","06","29","14:00","23.6","","8.4","","38","","","M","","M","","","98.42","","","","","","NA"
"2016-06-29 15:00","2016","06","29","15:00","23.7","","7.7","","36","","","M","","M","","","98.42","","","","","","NA"
"2016-06-29 16:00","2016","06","29","16:00","23.6","","6.0","","32","","","M","","M","","","98.43","","","","","","NA"
"2016-06-29 17:00","2016","06","29","17:00","23.7","","4.6","","29","","","M","","M","","","98.42","","","","","","NA"
"2016-06-29 18:00","2016","06","29","18:00","22.1","","0.9","","24","","","M","","M","","","98.44","","","","","","NA"
"2016-06-29 19:00","2016","06","29","19:00","21.3","","1.8","","27","","","M","","M","","","98.44","","","","","","NA"
"2016-06-29 20:00","2016","06","29","20:00","18.7","","2.5","","34","","","M","","M","","","98.44","","","","","","NA"
"2016-06-29 21:00","2016","06","29","21:00","15.8","","4.2","","46","","","M","","M","","","98.45","","","","","","NA"
"2016-06-29 22:00","2016","06","29","22:00","14.1","","5.7","","57","","","M","","M","","","98.48","","","","","","NA"
"2016-06-29 23:00","2016","06","29","23:00","11.5","","5.6","","67","","","M","","M","","","98.49","","","","","","NA"
"2016-06-30 00:00","2016","06","30","00:00","11.1","","5.9","","70","","","M","","M","","","98.49","","","","","","NA"
"2016-06-30 01:00","2016","06","30","01:00","9.2","","6.4","","83","","","M","","M","","","98.49","","","","","","NA"
"2016-06-30 02:00","2016","06","30","02:00","9.5","","6.1","","79","","","M","","M","","","98.48","","","","","","NA"
"2016-06-30 03:00","2016","06","30","03:00","8.9","","5.7","","80","","","M","","M","","","98.44","","","","","","NA"
"2016-06-30 04:00","2016","06","30","04:00","8.3","","5.6","","83","","","M","","M","","","98.43","","","","","","NA"
"2016-06-30 05:00","2016","06","30","05:00","8.5","","5.8","","83","","","M","","M","","","98.46","","","","","","NA"
"2016-06-30 06:00","2016","06","30","06:00","10.5","","7.1","","80","","","M","","M","","","98.49","","","","","","NA"
"2016-06-30 07:00","2016","06","30","07:00","14.2","","8.8","","70","","","M","","M","","","98.52","","","","","","NA"
"2016-06-30 08:00","2016","06","30","08:00","18.4","","9.5","","56","","","M","","M","","","98.56","","","","","","NA"
"2016-06-30 09:00","2016","06","30","09:00","21.3","","11.1","","52","","","M","","M","","","98.52","","","","","","NA"
"2016-06-30 10:00","2016","06","30","10:00","23.8","","9.3","","40","","","M","","M","","","98.47","","25","","","","NA"
"2016-06-30 11:00","2016","06","30","11:00","24.4","","5.6","","30","","","M","","M","","","98.45","","","","","","NA"
"2016-06-30 12:00","2016","06","30","12:00","25.1","","6.6","","31","","","M","","M","","","98.42","","25","","","","NA"
"2016-06-30 13:00","2016","06","30","13:00","25.7","","7.4","","31","","","M","","M","","","98.35","","26","","","","NA"
"2016-06-30 14:00","2016","06","30","14:00","26.1","","7.6","","31","","","M","","M","","","98.31","","26","","","","NA"
"2016-06-30 15:00","2016","06","30","15:00","25.2","","7.3","","32","","","M","","M","","","98.28","","25","","","","NA"
"2016-06-30 16:00","2016","06","30","16:00","24.7","","7.9","","34","","","M","","M","","","98.26","","25","","","","NA"
"2016-06-30 17:00","2016","06","30","17:00","24.2","","8.0","","35","","","M","","M","","","98.26","","25","","","","NA"
"2016-06-30 18:00","2016","06","30","18:00","24.0","","7.3","","34","","","M","","M","","","98.25","","","","","","NA"
"2016-06-30 19:00","2016","06","30","19:00","23.2","","6.3","","34","","","M","","M","","","98.26","","","","","","NA"
"2016-06-30 20:00","2016","06","30","20:00","20.8","","6.5","","40","","","M","","M","","","98.22","","","","","","NA"
"2016-06-30 21:00","2016","06","30","21:00","17.8","","8.8","","56","","","M","","M","","","98.22","","","","","","NA"
"2016-06-30 22:00","2016","06","30","22:00","16.5","","9.9","","65","","","M","","M","","","98.20","","","","","","NA"
"2016-06-30 23:00","2016","06","30","23:00","15.4","","10.8","","74","","","M","","M","","","98.16","","","","","","NA"
